
13.CAL.elf:     file format elf32-avr

Sections:
Idx Name          Size      VMA       LMA       File off  Algn
  0 .data         000001b0  00800100  00001f38  00001fcc  2**0
                  CONTENTS, ALLOC, LOAD, DATA
  1 .text         00001f38  00000000  00000000  00000094  2**1
                  CONTENTS, ALLOC, LOAD, READONLY, CODE
  2 .bss          000003dc  008002b0  008002b0  0000217c  2**0
                  ALLOC
  3 .comment      0000005c  00000000  00000000  0000217c  2**0
                  CONTENTS, READONLY
  4 .note.gnu.avr.deviceinfo 00000040  00000000  00000000  000021d8  2**2
                  CONTENTS, READONLY
  5 .debug_aranges 00000258  00000000  00000000  00002218  2**0
                  CONTENTS, READONLY, DEBUGGING
  6 .debug_info   000035e3  00000000  00000000  00002470  2**0
                  CONTENTS, READONLY, DEBUGGING
  7 .debug_abbrev 00001478  00000000  00000000  00005a53  2**0
                  CONTENTS, READONLY, DEBUGGING
  8 .debug_line   00001cc3  00000000  00000000  00006ecb  2**0
                  CONTENTS, READONLY, DEBUGGING
  9 .debug_frame  0000066c  00000000  00000000  00008b90  2**2
                  CONTENTS, READONLY, DEBUGGING
 10 .debug_str    00000998  00000000  00000000  000091fc  2**0
                  CONTENTS, READONLY, DEBUGGING
 11 .debug_loc    00002260  00000000  00000000  00009b94  2**0
                  CONTENTS, READONLY, DEBUGGING
 12 .debug_ranges 000002a8  00000000  00000000  0000bdf4  2**0
                  CONTENTS, READONLY, DEBUGGING

Disassembly of section .text:

00000000 <__vectors>:
       0:	45 c0       	rjmp	.+138    	; 0x8c <__ctors_end>
       2:	00 00       	nop
       4:	62 c0       	rjmp	.+196    	; 0xca <__bad_interrupt>
       6:	00 00       	nop
       8:	60 c0       	rjmp	.+192    	; 0xca <__bad_interrupt>
       a:	00 00       	nop
       c:	5e c0       	rjmp	.+188    	; 0xca <__bad_interrupt>
       e:	00 00       	nop
      10:	5c c0       	rjmp	.+184    	; 0xca <__bad_interrupt>
      12:	00 00       	nop
      14:	5a c0       	rjmp	.+180    	; 0xca <__bad_interrupt>
      16:	00 00       	nop
      18:	58 c0       	rjmp	.+176    	; 0xca <__bad_interrupt>
      1a:	00 00       	nop
      1c:	56 c0       	rjmp	.+172    	; 0xca <__bad_interrupt>
      1e:	00 00       	nop
      20:	54 c0       	rjmp	.+168    	; 0xca <__bad_interrupt>
      22:	00 00       	nop
      24:	52 c0       	rjmp	.+164    	; 0xca <__bad_interrupt>
      26:	00 00       	nop
      28:	50 c0       	rjmp	.+160    	; 0xca <__bad_interrupt>
      2a:	00 00       	nop
      2c:	4e c0       	rjmp	.+156    	; 0xca <__bad_interrupt>
      2e:	00 00       	nop
      30:	4c c0       	rjmp	.+152    	; 0xca <__bad_interrupt>
      32:	00 00       	nop
      34:	4a c0       	rjmp	.+148    	; 0xca <__bad_interrupt>
      36:	00 00       	nop
      38:	48 c0       	rjmp	.+144    	; 0xca <__bad_interrupt>
      3a:	00 00       	nop
      3c:	46 c0       	rjmp	.+140    	; 0xca <__bad_interrupt>
      3e:	00 00       	nop
      40:	0c 94 33 08 	jmp	0x1066	; 0x1066 <__vector_16>
      44:	42 c0       	rjmp	.+132    	; 0xca <__bad_interrupt>
      46:	00 00       	nop
      48:	0c 94 3e 0b 	jmp	0x167c	; 0x167c <__vector_18>
      4c:	3e c0       	rjmp	.+124    	; 0xca <__bad_interrupt>
      4e:	00 00       	nop
      50:	3c c0       	rjmp	.+120    	; 0xca <__bad_interrupt>
      52:	00 00       	nop
      54:	3a c0       	rjmp	.+116    	; 0xca <__bad_interrupt>
      56:	00 00       	nop
      58:	38 c0       	rjmp	.+112    	; 0xca <__bad_interrupt>
      5a:	00 00       	nop
      5c:	36 c0       	rjmp	.+108    	; 0xca <__bad_interrupt>
      5e:	00 00       	nop
      60:	34 c0       	rjmp	.+104    	; 0xca <__bad_interrupt>
      62:	00 00       	nop
      64:	32 c0       	rjmp	.+100    	; 0xca <__bad_interrupt>
      66:	00 00       	nop
      68:	30 c0       	rjmp	.+96     	; 0xca <__bad_interrupt>
      6a:	00 00       	nop
      6c:	2e c0       	rjmp	.+92     	; 0xca <__bad_interrupt>
      6e:	00 00       	nop
      70:	2c c0       	rjmp	.+88     	; 0xca <__bad_interrupt>
      72:	00 00       	nop
      74:	2a c0       	rjmp	.+84     	; 0xca <__bad_interrupt>
      76:	00 00       	nop
      78:	28 c0       	rjmp	.+80     	; 0xca <__bad_interrupt>
      7a:	00 00       	nop
      7c:	26 c0       	rjmp	.+76     	; 0xca <__bad_interrupt>
      7e:	00 00       	nop
      80:	24 c0       	rjmp	.+72     	; 0xca <__bad_interrupt>
      82:	00 00       	nop
      84:	22 c0       	rjmp	.+68     	; 0xca <__bad_interrupt>
      86:	00 00       	nop
      88:	20 c0       	rjmp	.+64     	; 0xca <__bad_interrupt>
	...

0000008c <__ctors_end>:
      8c:	11 24       	eor	r1, r1
      8e:	1f be       	out	0x3f, r1	; 63
      90:	cf ef       	ldi	r28, 0xFF	; 255
      92:	d0 e1       	ldi	r29, 0x10	; 16
      94:	de bf       	out	0x3e, r29	; 62
      96:	cd bf       	out	0x3d, r28	; 61

00000098 <__do_copy_data>:
      98:	12 e0       	ldi	r17, 0x02	; 2
      9a:	a0 e0       	ldi	r26, 0x00	; 0
      9c:	b1 e0       	ldi	r27, 0x01	; 1
      9e:	e8 e3       	ldi	r30, 0x38	; 56
      a0:	ff e1       	ldi	r31, 0x1F	; 31
      a2:	00 e0       	ldi	r16, 0x00	; 0
      a4:	0b bf       	out	0x3b, r16	; 59
      a6:	02 c0       	rjmp	.+4      	; 0xac <__do_copy_data+0x14>
      a8:	07 90       	elpm	r0, Z+
      aa:	0d 92       	st	X+, r0
      ac:	a0 3b       	cpi	r26, 0xB0	; 176
      ae:	b1 07       	cpc	r27, r17
      b0:	d9 f7       	brne	.-10     	; 0xa8 <__do_copy_data+0x10>

000000b2 <__do_clear_bss>:
      b2:	26 e0       	ldi	r18, 0x06	; 6
      b4:	a0 eb       	ldi	r26, 0xB0	; 176
      b6:	b2 e0       	ldi	r27, 0x02	; 2
      b8:	01 c0       	rjmp	.+2      	; 0xbc <.do_clear_bss_start>

000000ba <.do_clear_bss_loop>:
      ba:	1d 92       	st	X+, r1

000000bc <.do_clear_bss_start>:
      bc:	ac 38       	cpi	r26, 0x8C	; 140
      be:	b2 07       	cpc	r27, r18
      c0:	e1 f7       	brne	.-8      	; 0xba <.do_clear_bss_loop>
      c2:	0e 94 a0 08 	call	0x1140	; 0x1140 <main>
      c6:	0c 94 9a 0f 	jmp	0x1f34	; 0x1f34 <_exit>

000000ca <__bad_interrupt>:
      ca:	9a cf       	rjmp	.-204    	; 0x0 <__vectors>

000000cc <init_button>:

// 버튼 초기화: 5개 핀을 모두 입력(0)으로 설정
void init_button(void)
{
	// PD3, PD4, PD5, PD6, PD7 비트를 0으로 만듦
	BUTTON_DDR &= ~((1 << BUTTON0PIN) | (1 << BUTTON1PIN) | (1 << BUTTON2PIN) | (1 << BUTTON3PIN) | (1 << BUTTON4PIN));
      cc:	81 b3       	in	r24, 0x11	; 17
      ce:	8b 70       	andi	r24, 0x0B	; 11
      d0:	81 bb       	out	0x11, r24	; 17
      d2:	08 95       	ret

000000d4 <get_button>:
	
	int current_state;
	
	// 1. 버튼을 읽고 상태를 0 또는 1로 정규화 시킵니다.
	// 비트 AND 연산 결과가 0이 아니면(참이면) 1, 0이면 0을 대입합니다.
	current_state = (BUTTON_PIN & (1 << button_pin)) ? BUTTON_PRESS : BUTTON_RELEASE;
      d4:	20 b3       	in	r18, 0x10	; 16
      d6:	30 e0       	ldi	r19, 0x00	; 0
      d8:	02 c0       	rjmp	.+4      	; 0xde <get_button+0xa>
      da:	35 95       	asr	r19
      dc:	27 95       	ror	r18
      de:	6a 95       	dec	r22
      e0:	e2 f7       	brpl	.-8      	; 0xda <get_button+0x6>
	
	// 2. 버튼 상태 체크
	// 처음 눌려진 상태 (기존엔 떼어져 있었고 지금은 눌림)
	if (current_state == BUTTON_PRESS && button_status[button_num] == BUTTON_RELEASE)
      e2:	a9 01       	movw	r20, r18
      e4:	41 70       	andi	r20, 0x01	; 1
      e6:	55 27       	eor	r21, r21
      e8:	20 ff       	sbrs	r18, 0
      ea:	14 c0       	rjmp	.+40     	; 0x114 <get_button+0x40>
      ec:	fc 01       	movw	r30, r24
      ee:	e0 55       	subi	r30, 0x50	; 80
      f0:	fd 4f       	sbci	r31, 0xFD	; 253
      f2:	20 81       	ld	r18, Z
      f4:	21 11       	cpse	r18, r1
      f6:	0e c0       	rjmp	.+28     	; 0x114 <get_button+0x40>
	#else
		//round up by default
		__ticks_dc = (uint32_t)(ceil(fabs(__tmp)));
	#endif

	__builtin_avr_delay_cycles(__ticks_dc);
      f8:	ef e5       	ldi	r30, 0x5F	; 95
      fa:	fa ee       	ldi	r31, 0xEA	; 234
      fc:	31 97       	sbiw	r30, 0x01	; 1
      fe:	f1 f7       	brne	.-4      	; 0xfc <get_button+0x28>
     100:	00 c0       	rjmp	.+0      	; 0x102 <get_button+0x2e>
     102:	00 00       	nop
	{
		_delay_ms(15);  // 디바운스(noise 제거)
		button_status[button_num] = BUTTON_PRESS;
     104:	fc 01       	movw	r30, r24
     106:	e0 55       	subi	r30, 0x50	; 80
     108:	fd 4f       	sbci	r31, 0xFD	; 253
     10a:	21 e0       	ldi	r18, 0x01	; 1
     10c:	20 83       	st	Z, r18
		return 0;       // 아직 완전히 눌렀다 뗀 게 아님
     10e:	40 e0       	ldi	r20, 0x00	; 0
     110:	50 e0       	ldi	r21, 0x00	; 0
     112:	18 c0       	rjmp	.+48     	; 0x144 <get_button+0x70>
	}
	// 유지되다가 지금 막 떼어진 상태 (기존엔 눌려있었고 지금은 떼어짐)
	else if (current_state == BUTTON_RELEASE && button_status[button_num] == BUTTON_PRESS)
     114:	41 15       	cp	r20, r1
     116:	51 05       	cpc	r21, r1
     118:	99 f4       	brne	.+38     	; 0x140 <get_button+0x6c>
     11a:	fc 01       	movw	r30, r24
     11c:	e0 55       	subi	r30, 0x50	; 80
     11e:	fd 4f       	sbci	r31, 0xFD	; 253
     120:	20 81       	ld	r18, Z
     122:	21 30       	cpi	r18, 0x01	; 1
     124:	79 f4       	brne	.+30     	; 0x144 <get_button+0x70>
     126:	ef e5       	ldi	r30, 0x5F	; 95
     128:	fa ee       	ldi	r31, 0xEA	; 234
     12a:	31 97       	sbiw	r30, 0x01	; 1
     12c:	f1 f7       	brne	.-4      	; 0x12a <get_button+0x56>
     12e:	00 c0       	rjmp	.+0      	; 0x130 <get_button+0x5c>
     130:	00 00       	nop
	{
		_delay_ms(15);  // 디바운스(noise 제거)
		button_status[button_num] = BUTTON_RELEASE;   // 다음 체크를 위해 상태 초기화
     132:	fc 01       	movw	r30, r24
     134:	e0 55       	subi	r30, 0x50	; 80
     136:	fd 4f       	sbci	r31, 0xFD	; 253
     138:	10 82       	st	Z, r1
		return 1;       // 완전히 1번 꾹 눌렀다 뗀 상태로 인정!
     13a:	41 e0       	ldi	r20, 0x01	; 1
     13c:	50 e0       	ldi	r21, 0x00	; 0
     13e:	02 c0       	rjmp	.+4      	; 0x144 <get_button+0x70>
	}
	
	return 0;
     140:	40 e0       	ldi	r20, 0x00	; 0
     142:	50 e0       	ldi	r21, 0x00	; 0
     144:	ca 01       	movw	r24, r20
     146:	08 95       	ret

00000148 <check_parentheses>:

/**
 * @brief 수식의 괄호 쌍 매칭 상태를 검사합니다.
 */
static int check_parentheses(const char* expr) 
{ 
     148:	bc 01       	movw	r22, r24
    int count = 0; 
    for (int i = 0; expr[i] != '\0'; i++) 
     14a:	20 e0       	ldi	r18, 0x00	; 0
     14c:	30 e0       	ldi	r19, 0x00	; 0
/**
 * @brief 수식의 괄호 쌍 매칭 상태를 검사합니다.
 */
static int check_parentheses(const char* expr) 
{ 
    int count = 0; 
     14e:	40 e0       	ldi	r20, 0x00	; 0
     150:	50 e0       	ldi	r21, 0x00	; 0
    for (int i = 0; expr[i] != '\0'; i++) 
     152:	0c c0       	rjmp	.+24     	; 0x16c <check_parentheses+0x24>
    { 
        if (expr[i] == '(') count++; 
     154:	98 32       	cpi	r25, 0x28	; 40
     156:	19 f4       	brne	.+6      	; 0x15e <check_parentheses+0x16>
     158:	4f 5f       	subi	r20, 0xFF	; 255
     15a:	5f 4f       	sbci	r21, 0xFF	; 255
     15c:	05 c0       	rjmp	.+10     	; 0x168 <check_parentheses+0x20>
        else if (expr[i] == ')') 
     15e:	99 32       	cpi	r25, 0x29	; 41
     160:	19 f4       	brne	.+6      	; 0x168 <check_parentheses+0x20>
        { 
            count--; 
     162:	41 50       	subi	r20, 0x01	; 1
     164:	51 09       	sbc	r21, r1
            if (count < 0) return 0; 
     166:	72 f0       	brmi	.+28     	; 0x184 <check_parentheses+0x3c>
 * @brief 수식의 괄호 쌍 매칭 상태를 검사합니다.
 */
static int check_parentheses(const char* expr) 
{ 
    int count = 0; 
    for (int i = 0; expr[i] != '\0'; i++) 
     168:	2f 5f       	subi	r18, 0xFF	; 255
     16a:	3f 4f       	sbci	r19, 0xFF	; 255
     16c:	fb 01       	movw	r30, r22
     16e:	e2 0f       	add	r30, r18
     170:	f3 1f       	adc	r31, r19
     172:	90 81       	ld	r25, Z
     174:	91 11       	cpse	r25, r1
     176:	ee cf       	rjmp	.-36     	; 0x154 <check_parentheses+0xc>
        { 
            count--; 
            if (count < 0) return 0; 
        } 
    } 
    return (count == 0); 
     178:	81 e0       	ldi	r24, 0x01	; 1
     17a:	45 2b       	or	r20, r21
     17c:	09 f0       	breq	.+2      	; 0x180 <check_parentheses+0x38>
     17e:	80 e0       	ldi	r24, 0x00	; 0
     180:	90 e0       	ldi	r25, 0x00	; 0
     182:	08 95       	ret
    { 
        if (expr[i] == '(') count++; 
        else if (expr[i] == ')') 
        { 
            count--; 
            if (count < 0) return 0; 
     184:	80 e0       	ldi	r24, 0x00	; 0
     186:	90 e0       	ldi	r25, 0x00	; 0
        } 
    } 
    return (count == 0); 
}
     188:	08 95       	ret

0000018a <get_precedence>:
/**
 * @brief 사칙연산자의 우선순위를 반환합니다.
 */
static int get_precedence(char op) 
{ 
    if (op == '+' || op == '-') return 1; 
     18a:	8b 32       	cpi	r24, 0x2B	; 43
     18c:	49 f0       	breq	.+18     	; 0x1a0 <get_precedence+0x16>
     18e:	8d 32       	cpi	r24, 0x2D	; 45
     190:	51 f0       	breq	.+20     	; 0x1a6 <get_precedence+0x1c>
    if (op == '*' || op == '/') return 2; 
     192:	8a 32       	cpi	r24, 0x2A	; 42
     194:	59 f0       	breq	.+22     	; 0x1ac <get_precedence+0x22>
     196:	8f 32       	cpi	r24, 0x2F	; 47
     198:	61 f4       	brne	.+24     	; 0x1b2 <get_precedence+0x28>
     19a:	82 e0       	ldi	r24, 0x02	; 2
     19c:	90 e0       	ldi	r25, 0x00	; 0
     19e:	08 95       	ret
/**
 * @brief 사칙연산자의 우선순위를 반환합니다.
 */
static int get_precedence(char op) 
{ 
    if (op == '+' || op == '-') return 1; 
     1a0:	81 e0       	ldi	r24, 0x01	; 1
     1a2:	90 e0       	ldi	r25, 0x00	; 0
     1a4:	08 95       	ret
     1a6:	81 e0       	ldi	r24, 0x01	; 1
     1a8:	90 e0       	ldi	r25, 0x00	; 0
     1aa:	08 95       	ret
    if (op == '*' || op == '/') return 2; 
     1ac:	82 e0       	ldi	r24, 0x02	; 2
     1ae:	90 e0       	ldi	r25, 0x00	; 0
     1b0:	08 95       	ret
    return 0; 
     1b2:	80 e0       	ldi	r24, 0x00	; 0
     1b4:	90 e0       	ldi	r25, 0x00	; 0
}
     1b6:	08 95       	ret

000001b8 <apply_op>:

/**
 * @brief 지정된 이항 연산을 수행합니다. (0 나누기 체크 포함)
 */
static int32_t apply_op(char op, int32_t b, int32_t a, int* valid) 
{ 
     1b8:	8f 92       	push	r8
     1ba:	9f 92       	push	r9
     1bc:	af 92       	push	r10
     1be:	bf 92       	push	r11
     1c0:	ef 92       	push	r14
     1c2:	ff 92       	push	r15
     1c4:	0f 93       	push	r16
     1c6:	1f 93       	push	r17
     1c8:	4a 01       	movw	r8, r20
     1ca:	5b 01       	movw	r10, r22
    switch (op) 
     1cc:	8b 32       	cpi	r24, 0x2B	; 43
     1ce:	49 f0       	breq	.+18     	; 0x1e2 <apply_op+0x2a>
     1d0:	18 f4       	brcc	.+6      	; 0x1d8 <apply_op+0x20>
     1d2:	8a 32       	cpi	r24, 0x2A	; 42
     1d4:	a1 f0       	breq	.+40     	; 0x1fe <apply_op+0x46>
     1d6:	2e c0       	rjmp	.+92     	; 0x234 <apply_op+0x7c>
     1d8:	8d 32       	cpi	r24, 0x2D	; 45
     1da:	51 f0       	breq	.+20     	; 0x1f0 <apply_op+0x38>
     1dc:	8f 32       	cpi	r24, 0x2F	; 47
     1de:	b1 f0       	breq	.+44     	; 0x20c <apply_op+0x54>
     1e0:	29 c0       	rjmp	.+82     	; 0x234 <apply_op+0x7c>
    { 
        case '+': return a + b; 
     1e2:	c9 01       	movw	r24, r18
     1e4:	b8 01       	movw	r22, r16
     1e6:	68 0d       	add	r22, r8
     1e8:	79 1d       	adc	r23, r9
     1ea:	8a 1d       	adc	r24, r10
     1ec:	9b 1d       	adc	r25, r11
     1ee:	25 c0       	rjmp	.+74     	; 0x23a <apply_op+0x82>
        case '-': return a - b; 
     1f0:	c9 01       	movw	r24, r18
     1f2:	b8 01       	movw	r22, r16
     1f4:	68 19       	sub	r22, r8
     1f6:	79 09       	sbc	r23, r9
     1f8:	8a 09       	sbc	r24, r10
     1fa:	9b 09       	sbc	r25, r11
     1fc:	1e c0       	rjmp	.+60     	; 0x23a <apply_op+0x82>
        case '*': return a * b; 
     1fe:	a9 01       	movw	r20, r18
     200:	98 01       	movw	r18, r16
     202:	c5 01       	movw	r24, r10
     204:	b4 01       	movw	r22, r8
     206:	0e 94 ea 0b 	call	0x17d4	; 0x17d4 <__mulsi3>
     20a:	17 c0       	rjmp	.+46     	; 0x23a <apply_op+0x82>
        case '/': 
            if (b == 0) 
     20c:	45 2b       	or	r20, r21
     20e:	46 2b       	or	r20, r22
     210:	47 2b       	or	r20, r23
     212:	39 f4       	brne	.+14     	; 0x222 <apply_op+0x6a>
            { 
                *valid = 0; 
     214:	f7 01       	movw	r30, r14
     216:	11 82       	std	Z+1, r1	; 0x01
     218:	10 82       	st	Z, r1
                return 0; 
     21a:	60 e0       	ldi	r22, 0x00	; 0
     21c:	70 e0       	ldi	r23, 0x00	; 0
     21e:	cb 01       	movw	r24, r22
     220:	0c c0       	rjmp	.+24     	; 0x23a <apply_op+0x82>
            } 
            return a / b; 
     222:	c9 01       	movw	r24, r18
     224:	b8 01       	movw	r22, r16
     226:	a5 01       	movw	r20, r10
     228:	94 01       	movw	r18, r8
     22a:	0e 94 0c 0c 	call	0x1818	; 0x1818 <__divmodsi4>
     22e:	ca 01       	movw	r24, r20
     230:	b9 01       	movw	r22, r18
     232:	03 c0       	rjmp	.+6      	; 0x23a <apply_op+0x82>
    } 
    return 0; 
     234:	60 e0       	ldi	r22, 0x00	; 0
     236:	70 e0       	ldi	r23, 0x00	; 0
     238:	cb 01       	movw	r24, r22
}
     23a:	1f 91       	pop	r17
     23c:	0f 91       	pop	r16
     23e:	ff 90       	pop	r15
     240:	ef 90       	pop	r14
     242:	bf 90       	pop	r11
     244:	af 90       	pop	r10
     246:	9f 90       	pop	r9
     248:	8f 90       	pop	r8
     24a:	08 95       	ret

0000024c <eval_expression>:

/**
 * @brief 중위 표기법(Infix) 수식 문자열을 파싱하여 결과를 계산합니다.
 */
static int32_t eval_expression(const char* expr, int* valid) 
{ 
     24c:	2f 92       	push	r2
     24e:	3f 92       	push	r3
     250:	4f 92       	push	r4
     252:	5f 92       	push	r5
     254:	6f 92       	push	r6
     256:	7f 92       	push	r7
     258:	8f 92       	push	r8
     25a:	9f 92       	push	r9
     25c:	af 92       	push	r10
     25e:	bf 92       	push	r11
     260:	cf 92       	push	r12
     262:	df 92       	push	r13
     264:	ef 92       	push	r14
     266:	ff 92       	push	r15
     268:	0f 93       	push	r16
     26a:	1f 93       	push	r17
     26c:	cf 93       	push	r28
     26e:	df 93       	push	r29
     270:	cd b7       	in	r28, 0x3d	; 61
     272:	de b7       	in	r29, 0x3e	; 62
     274:	cb 5c       	subi	r28, 0xCB	; 203
     276:	d1 09       	sbc	r29, r1
     278:	0f b6       	in	r0, 0x3f	; 63
     27a:	f8 94       	cli
     27c:	de bf       	out	0x3e, r29	; 62
     27e:	0f be       	out	0x3f, r0	; 63
     280:	cd bf       	out	0x3d, r28	; 61
     282:	4c 01       	movw	r8, r24
     284:	c7 53       	subi	r28, 0x37	; 55
     286:	df 4f       	sbci	r29, 0xFF	; 255
     288:	79 83       	std	Y+1, r23	; 0x01
     28a:	68 83       	st	Y, r22
     28c:	c9 5c       	subi	r28, 0xC9	; 201
     28e:	d0 40       	sbci	r29, 0x00	; 0
    int32_t val_stack[MAX_EXPR_LEN]; 
    char op_stack[MAX_EXPR_LEN]; 
    int val_top = -1; 
    int op_top = -1; 

    for (int i = 0; expr[i] != '\0'; i++) 
     290:	c1 2c       	mov	r12, r1
     292:	d1 2c       	mov	r13, r1
static int32_t eval_expression(const char* expr, int* valid) 
{ 
    int32_t val_stack[MAX_EXPR_LEN]; 
    char op_stack[MAX_EXPR_LEN]; 
    int val_top = -1; 
    int op_top = -1; 
     294:	aa 24       	eor	r10, r10
     296:	aa 94       	dec	r10
     298:	ba 2c       	mov	r11, r10
 */
static int32_t eval_expression(const char* expr, int* valid) 
{ 
    int32_t val_stack[MAX_EXPR_LEN]; 
    char op_stack[MAX_EXPR_LEN]; 
    int val_top = -1; 
     29a:	0f ef       	ldi	r16, 0xFF	; 255
     29c:	1f ef       	ldi	r17, 0xFF	; 255
    int op_top = -1; 

    for (int i = 0; expr[i] != '\0'; i++) 
     29e:	23 c1       	rjmp	.+582    	; 0x4e6 <__LOCK_REGION_LENGTH__+0xe6>
    { 
        if (expr[i] == ' ') continue; 
     2a0:	80 32       	cpi	r24, 0x20	; 32
     2a2:	09 f4       	brne	.+2      	; 0x2a6 <eval_expression+0x5a>
     2a4:	1d c1       	rjmp	.+570    	; 0x4e0 <__LOCK_REGION_LENGTH__+0xe0>

        // 1. 숫자가 연달아 나오는 경우 피연산자로 묶어서 숫리스택에 push
        if (isdigit((unsigned char)expr[i])) 
     2a6:	28 2f       	mov	r18, r24
     2a8:	30 e0       	ldi	r19, 0x00	; 0
     2aa:	20 53       	subi	r18, 0x30	; 48
     2ac:	31 09       	sbc	r19, r1
     2ae:	2a 30       	cpi	r18, 0x0A	; 10
     2b0:	31 05       	cpc	r19, r1
     2b2:	10 f1       	brcs	.+68     	; 0x2f8 <eval_expression+0xac>
     2b4:	41 c0       	rjmp	.+130    	; 0x338 <eval_expression+0xec>
        { 
            int32_t val = 0; 
            while (expr[i] != '\0' && isdigit((unsigned char)expr[i])) 
            { 
                val = (val * 10) + (expr[i] - '0'); 
     2b6:	88 0f       	add	r24, r24
     2b8:	99 1f       	adc	r25, r25
     2ba:	aa 1f       	adc	r26, r26
     2bc:	bb 1f       	adc	r27, r27
     2be:	2c 01       	movw	r4, r24
     2c0:	3d 01       	movw	r6, r26
     2c2:	44 0c       	add	r4, r4
     2c4:	55 1c       	adc	r5, r5
     2c6:	66 1c       	adc	r6, r6
     2c8:	77 1c       	adc	r7, r7
     2ca:	44 0c       	add	r4, r4
     2cc:	55 1c       	adc	r5, r5
     2ce:	66 1c       	adc	r6, r6
     2d0:	77 1c       	adc	r7, r7
     2d2:	84 0d       	add	r24, r4
     2d4:	95 1d       	adc	r25, r5
     2d6:	a6 1d       	adc	r26, r6
     2d8:	b7 1d       	adc	r27, r7
     2da:	50 e0       	ldi	r21, 0x00	; 0
     2dc:	40 53       	subi	r20, 0x30	; 48
     2de:	51 09       	sbc	r21, r1
     2e0:	05 2e       	mov	r0, r21
     2e2:	00 0c       	add	r0, r0
     2e4:	66 0b       	sbc	r22, r22
     2e6:	77 0b       	sbc	r23, r23
     2e8:	84 0f       	add	r24, r20
     2ea:	95 1f       	adc	r25, r21
     2ec:	a6 1f       	adc	r26, r22
     2ee:	b7 1f       	adc	r27, r23
                i++; 
     2f0:	2f ef       	ldi	r18, 0xFF	; 255
     2f2:	c2 1a       	sub	r12, r18
     2f4:	d2 0a       	sbc	r13, r18
     2f6:	03 c0       	rjmp	.+6      	; 0x2fe <eval_expression+0xb2>
     2f8:	80 e0       	ldi	r24, 0x00	; 0
     2fa:	90 e0       	ldi	r25, 0x00	; 0
     2fc:	dc 01       	movw	r26, r24

        // 1. 숫자가 연달아 나오는 경우 피연산자로 묶어서 숫리스택에 push
        if (isdigit((unsigned char)expr[i])) 
        { 
            int32_t val = 0; 
            while (expr[i] != '\0' && isdigit((unsigned char)expr[i])) 
     2fe:	f4 01       	movw	r30, r8
     300:	ec 0d       	add	r30, r12
     302:	fd 1d       	adc	r31, r13
     304:	40 81       	ld	r20, Z
     306:	20 ed       	ldi	r18, 0xD0	; 208
     308:	24 0f       	add	r18, r20
     30a:	2a 30       	cpi	r18, 0x0A	; 10
     30c:	a0 f2       	brcs	.-88     	; 0x2b6 <eval_expression+0x6a>
            { 
                val = (val * 10) + (expr[i] - '0'); 
                i++; 
            } 
            i--; 
     30e:	31 e0       	ldi	r19, 0x01	; 1
     310:	c3 1a       	sub	r12, r19
     312:	d1 08       	sbc	r13, r1
            val_stack[++val_top] = val; 
     314:	0f 5f       	subi	r16, 0xFF	; 255
     316:	1f 4f       	sbci	r17, 0xFF	; 255
     318:	f8 01       	movw	r30, r16
     31a:	ee 0f       	add	r30, r30
     31c:	ff 1f       	adc	r31, r31
     31e:	ee 0f       	add	r30, r30
     320:	ff 1f       	adc	r31, r31
     322:	21 e0       	ldi	r18, 0x01	; 1
     324:	30 e0       	ldi	r19, 0x00	; 0
     326:	2c 0f       	add	r18, r28
     328:	3d 1f       	adc	r19, r29
     32a:	e2 0f       	add	r30, r18
     32c:	f3 1f       	adc	r31, r19
     32e:	80 83       	st	Z, r24
     330:	91 83       	std	Z+1, r25	; 0x01
     332:	a2 83       	std	Z+2, r26	; 0x02
     334:	b3 83       	std	Z+3, r27	; 0x03
     336:	d4 c0       	rjmp	.+424    	; 0x4e0 <__LOCK_REGION_LENGTH__+0xe0>
        } 
        // 2. 여는 괄호는 연산자 스택에 push
        else if (expr[i] == '(') 
     338:	88 32       	cpi	r24, 0x28	; 40
     33a:	59 f4       	brne	.+22     	; 0x352 <eval_expression+0x106>
        { 
            op_stack[++op_top] = expr[i]; 
     33c:	3f ef       	ldi	r19, 0xFF	; 255
     33e:	a3 1a       	sub	r10, r19
     340:	b3 0a       	sbc	r11, r19
     342:	e1 ea       	ldi	r30, 0xA1	; 161
     344:	f0 e0       	ldi	r31, 0x00	; 0
     346:	ec 0f       	add	r30, r28
     348:	fd 1f       	adc	r31, r29
     34a:	ea 0d       	add	r30, r10
     34c:	fb 1d       	adc	r31, r11
     34e:	80 83       	st	Z, r24
     350:	c7 c0       	rjmp	.+398    	; 0x4e0 <__LOCK_REGION_LENGTH__+0xe0>
        } 
        // 3. 닫는 괄호 처리: 여는 괄호를 만날 때까지 누적 연산 진행
        else if (expr[i] == ')') 
     352:	89 32       	cpi	r24, 0x29	; 41
     354:	09 f0       	breq	.+2      	; 0x358 <eval_expression+0x10c>
     356:	51 c0       	rjmp	.+162    	; 0x3fa <eval_expression+0x1ae>
     358:	3d c0       	rjmp	.+122    	; 0x3d4 <eval_expression+0x188>
        { 
            while (op_top >= 0 && op_stack[op_top] != '(') 
            { 
                int32_t val2 = val_stack[val_top--]; 
     35a:	28 01       	movw	r4, r16
     35c:	91 e0       	ldi	r25, 0x01	; 1
     35e:	49 1a       	sub	r4, r25
     360:	51 08       	sbc	r5, r1
     362:	00 0f       	add	r16, r16
     364:	11 1f       	adc	r17, r17
     366:	00 0f       	add	r16, r16
     368:	11 1f       	adc	r17, r17
     36a:	e1 e0       	ldi	r30, 0x01	; 1
     36c:	f0 e0       	ldi	r31, 0x00	; 0
     36e:	ec 0f       	add	r30, r28
     370:	fd 1f       	adc	r31, r29
     372:	e0 0f       	add	r30, r16
     374:	f1 1f       	adc	r31, r17
     376:	40 81       	ld	r20, Z
     378:	51 81       	ldd	r21, Z+1	; 0x01
     37a:	62 81       	ldd	r22, Z+2	; 0x02
     37c:	73 81       	ldd	r23, Z+3	; 0x03
                int32_t val1 = val_stack[val_top--]; 
     37e:	12 01       	movw	r2, r4
     380:	22 0c       	add	r2, r2
     382:	33 1c       	adc	r3, r3
     384:	22 0c       	add	r2, r2
     386:	33 1c       	adc	r3, r3
     388:	e1 e0       	ldi	r30, 0x01	; 1
     38a:	f0 e0       	ldi	r31, 0x00	; 0
     38c:	ec 0f       	add	r30, r28
     38e:	fd 1f       	adc	r31, r29
     390:	2e 0e       	add	r2, r30
     392:	3f 1e       	adc	r3, r31
     394:	f1 01       	movw	r30, r2
     396:	00 81       	ld	r16, Z
     398:	11 81       	ldd	r17, Z+1	; 0x01
     39a:	22 81       	ldd	r18, Z+2	; 0x02
     39c:	33 81       	ldd	r19, Z+3	; 0x03
                char op = op_stack[op_top--]; 
     39e:	f1 e0       	ldi	r31, 0x01	; 1
     3a0:	af 1a       	sub	r10, r31
     3a2:	b1 08       	sbc	r11, r1
                
                val_stack[++val_top] = apply_op(op, val2, val1, valid); 
     3a4:	c7 53       	subi	r28, 0x37	; 55
     3a6:	df 4f       	sbci	r29, 0xFF	; 255
     3a8:	e8 80       	ld	r14, Y
     3aa:	f9 80       	ldd	r15, Y+1	; 0x01
     3ac:	c9 5c       	subi	r28, 0xC9	; 201
     3ae:	d0 40       	sbci	r29, 0x00	; 0
     3b0:	03 df       	rcall	.-506    	; 0x1b8 <apply_op>
     3b2:	f1 01       	movw	r30, r2
     3b4:	60 83       	st	Z, r22
     3b6:	71 83       	std	Z+1, r23	; 0x01
     3b8:	82 83       	std	Z+2, r24	; 0x02
     3ba:	93 83       	std	Z+3, r25	; 0x03
                if (!(*valid)) return 0; 
     3bc:	c7 53       	subi	r28, 0x37	; 55
     3be:	df 4f       	sbci	r29, 0xFF	; 255
     3c0:	e8 81       	ld	r30, Y
     3c2:	f9 81       	ldd	r31, Y+1	; 0x01
     3c4:	c9 5c       	subi	r28, 0xC9	; 201
     3c6:	d0 40       	sbci	r29, 0x00	; 0
     3c8:	80 81       	ld	r24, Z
     3ca:	91 81       	ldd	r25, Z+1	; 0x01
     3cc:	89 2b       	or	r24, r25
     3ce:	09 f4       	brne	.+2      	; 0x3d2 <eval_expression+0x186>
     3d0:	ec c0       	rjmp	.+472    	; 0x5aa <__LOCK_REGION_LENGTH__+0x1aa>
            { 
                int32_t val2 = val_stack[val_top--]; 
                int32_t val1 = val_stack[val_top--]; 
                char op = op_stack[op_top--]; 
                
                val_stack[++val_top] = apply_op(op, val2, val1, valid); 
     3d2:	82 01       	movw	r16, r4
            op_stack[++op_top] = expr[i]; 
        } 
        // 3. 닫는 괄호 처리: 여는 괄호를 만날 때까지 누적 연산 진행
        else if (expr[i] == ')') 
        { 
            while (op_top >= 0 && op_stack[op_top] != '(') 
     3d4:	bb 20       	and	r11, r11
     3d6:	54 f0       	brlt	.+20     	; 0x3ec <eval_expression+0x1a0>
     3d8:	e1 ea       	ldi	r30, 0xA1	; 161
     3da:	f0 e0       	ldi	r31, 0x00	; 0
     3dc:	ec 0f       	add	r30, r28
     3de:	fd 1f       	adc	r31, r29
     3e0:	ea 0d       	add	r30, r10
     3e2:	fb 1d       	adc	r31, r11
     3e4:	80 81       	ld	r24, Z
     3e6:	88 32       	cpi	r24, 0x28	; 40
     3e8:	09 f0       	breq	.+2      	; 0x3ec <eval_expression+0x1a0>
     3ea:	b7 cf       	rjmp	.-146    	; 0x35a <eval_expression+0x10e>
                char op = op_stack[op_top--]; 
                
                val_stack[++val_top] = apply_op(op, val2, val1, valid); 
                if (!(*valid)) return 0; 
            } 
            if (op_top >= 0) op_top--; // 여는 괄호 제거
     3ec:	bb 20       	and	r11, r11
     3ee:	0c f4       	brge	.+2      	; 0x3f2 <eval_expression+0x1a6>
     3f0:	77 c0       	rjmp	.+238    	; 0x4e0 <__LOCK_REGION_LENGTH__+0xe0>
     3f2:	f1 e0       	ldi	r31, 0x01	; 1
     3f4:	af 1a       	sub	r10, r31
     3f6:	b1 08       	sbc	r11, r1
     3f8:	73 c0       	rjmp	.+230    	; 0x4e0 <__LOCK_REGION_LENGTH__+0xe0>
        } 
        // 4. 일반 연산자 처리: 이전 연산자와 우선순위를 비교하여 처리
        else if (expr[i] == '+' || expr[i] == '-' || expr[i] == '*' || expr[i] == '/') 
     3fa:	8b 32       	cpi	r24, 0x2B	; 43
     3fc:	09 f4       	brne	.+2      	; 0x400 <__LOCK_REGION_LENGTH__>
     3fe:	4c c0       	rjmp	.+152    	; 0x498 <__LOCK_REGION_LENGTH__+0x98>
     400:	8d 32       	cpi	r24, 0x2D	; 45
     402:	09 f4       	brne	.+2      	; 0x406 <__LOCK_REGION_LENGTH__+0x6>
     404:	49 c0       	rjmp	.+146    	; 0x498 <__LOCK_REGION_LENGTH__+0x98>
     406:	8a 32       	cpi	r24, 0x2A	; 42
     408:	09 f4       	brne	.+2      	; 0x40c <__LOCK_REGION_LENGTH__+0xc>
     40a:	46 c0       	rjmp	.+140    	; 0x498 <__LOCK_REGION_LENGTH__+0x98>
     40c:	8f 32       	cpi	r24, 0x2F	; 47
     40e:	09 f0       	breq	.+2      	; 0x412 <__LOCK_REGION_LENGTH__+0x12>
     410:	67 c0       	rjmp	.+206    	; 0x4e0 <__LOCK_REGION_LENGTH__+0xe0>
     412:	42 c0       	rjmp	.+132    	; 0x498 <__LOCK_REGION_LENGTH__+0x98>
        { 
            while (op_top >= 0 && get_precedence(op_stack[op_top]) >= get_precedence(expr[i])) 
            { 
                int32_t val2 = val_stack[val_top--]; 
     414:	28 01       	movw	r4, r16
     416:	21 e0       	ldi	r18, 0x01	; 1
     418:	42 1a       	sub	r4, r18
     41a:	51 08       	sbc	r5, r1
     41c:	00 0f       	add	r16, r16
     41e:	11 1f       	adc	r17, r17
     420:	00 0f       	add	r16, r16
     422:	11 1f       	adc	r17, r17
     424:	e1 e0       	ldi	r30, 0x01	; 1
     426:	f0 e0       	ldi	r31, 0x00	; 0
     428:	ec 0f       	add	r30, r28
     42a:	fd 1f       	adc	r31, r29
     42c:	e0 0f       	add	r30, r16
     42e:	f1 1f       	adc	r31, r17
     430:	40 81       	ld	r20, Z
     432:	51 81       	ldd	r21, Z+1	; 0x01
     434:	62 81       	ldd	r22, Z+2	; 0x02
     436:	73 81       	ldd	r23, Z+3	; 0x03
                int32_t val1 = val_stack[val_top--]; 
     438:	12 01       	movw	r2, r4
     43a:	22 0c       	add	r2, r2
     43c:	33 1c       	adc	r3, r3
     43e:	22 0c       	add	r2, r2
     440:	33 1c       	adc	r3, r3
     442:	81 e0       	ldi	r24, 0x01	; 1
     444:	90 e0       	ldi	r25, 0x00	; 0
     446:	8c 0f       	add	r24, r28
     448:	9d 1f       	adc	r25, r29
     44a:	28 0e       	add	r2, r24
     44c:	39 1e       	adc	r3, r25
     44e:	f1 01       	movw	r30, r2
     450:	00 81       	ld	r16, Z
     452:	11 81       	ldd	r17, Z+1	; 0x01
     454:	22 81       	ldd	r18, Z+2	; 0x02
     456:	33 81       	ldd	r19, Z+3	; 0x03
                char op = op_stack[op_top--]; 
     458:	f1 e0       	ldi	r31, 0x01	; 1
     45a:	af 1a       	sub	r10, r31
     45c:	b1 08       	sbc	r11, r1
                
                val_stack[++val_top] = apply_op(op, val2, val1, valid); 
     45e:	c7 53       	subi	r28, 0x37	; 55
     460:	df 4f       	sbci	r29, 0xFF	; 255
     462:	e8 80       	ld	r14, Y
     464:	f9 80       	ldd	r15, Y+1	; 0x01
     466:	c9 5c       	subi	r28, 0xC9	; 201
     468:	d0 40       	sbci	r29, 0x00	; 0
     46a:	c5 53       	subi	r28, 0x35	; 53
     46c:	df 4f       	sbci	r29, 0xFF	; 255
     46e:	88 81       	ld	r24, Y
     470:	cb 5c       	subi	r28, 0xCB	; 203
     472:	d0 40       	sbci	r29, 0x00	; 0
     474:	a1 de       	rcall	.-702    	; 0x1b8 <apply_op>
     476:	f1 01       	movw	r30, r2
     478:	60 83       	st	Z, r22
     47a:	71 83       	std	Z+1, r23	; 0x01
     47c:	82 83       	std	Z+2, r24	; 0x02
     47e:	93 83       	std	Z+3, r25	; 0x03
                if (!(*valid)) return 0; 
     480:	c7 53       	subi	r28, 0x37	; 55
     482:	df 4f       	sbci	r29, 0xFF	; 255
     484:	e8 81       	ld	r30, Y
     486:	f9 81       	ldd	r31, Y+1	; 0x01
     488:	c9 5c       	subi	r28, 0xC9	; 201
     48a:	d0 40       	sbci	r29, 0x00	; 0
     48c:	80 81       	ld	r24, Z
     48e:	91 81       	ldd	r25, Z+1	; 0x01
     490:	89 2b       	or	r24, r25
     492:	09 f4       	brne	.+2      	; 0x496 <__LOCK_REGION_LENGTH__+0x96>
     494:	8e c0       	rjmp	.+284    	; 0x5b2 <__LOCK_REGION_LENGTH__+0x1b2>
            { 
                int32_t val2 = val_stack[val_top--]; 
                int32_t val1 = val_stack[val_top--]; 
                char op = op_stack[op_top--]; 
                
                val_stack[++val_top] = apply_op(op, val2, val1, valid); 
     496:	82 01       	movw	r16, r4
            if (op_top >= 0) op_top--; // 여는 괄호 제거
        } 
        // 4. 일반 연산자 처리: 이전 연산자와 우선순위를 비교하여 처리
        else if (expr[i] == '+' || expr[i] == '-' || expr[i] == '*' || expr[i] == '/') 
        { 
            while (op_top >= 0 && get_precedence(op_stack[op_top]) >= get_precedence(expr[i])) 
     498:	bb 20       	and	r11, r11
     49a:	b4 f0       	brlt	.+44     	; 0x4c8 <__LOCK_REGION_LENGTH__+0xc8>
     49c:	e1 ea       	ldi	r30, 0xA1	; 161
     49e:	f0 e0       	ldi	r31, 0x00	; 0
     4a0:	ec 0f       	add	r30, r28
     4a2:	fd 1f       	adc	r31, r29
     4a4:	ea 0d       	add	r30, r10
     4a6:	fb 1d       	adc	r31, r11
     4a8:	20 81       	ld	r18, Z
     4aa:	c5 53       	subi	r28, 0x35	; 53
     4ac:	df 4f       	sbci	r29, 0xFF	; 255
     4ae:	28 83       	st	Y, r18
     4b0:	cb 5c       	subi	r28, 0xCB	; 203
     4b2:	d0 40       	sbci	r29, 0x00	; 0
     4b4:	82 2f       	mov	r24, r18
     4b6:	69 de       	rcall	.-814    	; 0x18a <get_precedence>
     4b8:	7c 01       	movw	r14, r24
     4ba:	f3 01       	movw	r30, r6
     4bc:	80 81       	ld	r24, Z
     4be:	65 de       	rcall	.-822    	; 0x18a <get_precedence>
     4c0:	e8 16       	cp	r14, r24
     4c2:	f9 06       	cpc	r15, r25
     4c4:	0c f0       	brlt	.+2      	; 0x4c8 <__LOCK_REGION_LENGTH__+0xc8>
     4c6:	a6 cf       	rjmp	.-180    	; 0x414 <__LOCK_REGION_LENGTH__+0x14>
                char op = op_stack[op_top--]; 
                
                val_stack[++val_top] = apply_op(op, val2, val1, valid); 
                if (!(*valid)) return 0; 
            } 
            op_stack[++op_top] = expr[i]; 
     4c8:	ff ef       	ldi	r31, 0xFF	; 255
     4ca:	af 1a       	sub	r10, r31
     4cc:	bf 0a       	sbc	r11, r31
     4ce:	f3 01       	movw	r30, r6
     4d0:	80 81       	ld	r24, Z
     4d2:	e1 ea       	ldi	r30, 0xA1	; 161
     4d4:	f0 e0       	ldi	r31, 0x00	; 0
     4d6:	ec 0f       	add	r30, r28
     4d8:	fd 1f       	adc	r31, r29
     4da:	ea 0d       	add	r30, r10
     4dc:	fb 1d       	adc	r31, r11
     4de:	80 83       	st	Z, r24
    int32_t val_stack[MAX_EXPR_LEN]; 
    char op_stack[MAX_EXPR_LEN]; 
    int val_top = -1; 
    int op_top = -1; 

    for (int i = 0; expr[i] != '\0'; i++) 
     4e0:	ff ef       	ldi	r31, 0xFF	; 255
     4e2:	cf 1a       	sub	r12, r31
     4e4:	df 0a       	sbc	r13, r31
     4e6:	34 01       	movw	r6, r8
     4e8:	6c 0c       	add	r6, r12
     4ea:	7d 1c       	adc	r7, r13
     4ec:	f3 01       	movw	r30, r6
     4ee:	80 81       	ld	r24, Z
     4f0:	81 11       	cpse	r24, r1
     4f2:	d6 ce       	rjmp	.-596    	; 0x2a0 <eval_expression+0x54>
     4f4:	45 c0       	rjmp	.+138    	; 0x580 <__LOCK_REGION_LENGTH__+0x180>
    } 

    // 5. 문자열 순회가 끝난 후 스택에 남아있는 잔여 연산 완결
    while (op_top >= 0) 
    { 
        int32_t val2 = val_stack[val_top--]; 
     4f6:	68 01       	movw	r12, r16
     4f8:	f1 e0       	ldi	r31, 0x01	; 1
     4fa:	cf 1a       	sub	r12, r31
     4fc:	d1 08       	sbc	r13, r1
     4fe:	00 0f       	add	r16, r16
     500:	11 1f       	adc	r17, r17
     502:	00 0f       	add	r16, r16
     504:	11 1f       	adc	r17, r17
     506:	e1 e0       	ldi	r30, 0x01	; 1
     508:	f0 e0       	ldi	r31, 0x00	; 0
     50a:	ec 0f       	add	r30, r28
     50c:	fd 1f       	adc	r31, r29
     50e:	e0 0f       	add	r30, r16
     510:	f1 1f       	adc	r31, r17
     512:	40 81       	ld	r20, Z
     514:	51 81       	ldd	r21, Z+1	; 0x01
     516:	62 81       	ldd	r22, Z+2	; 0x02
     518:	73 81       	ldd	r23, Z+3	; 0x03
        int32_t val1 = val_stack[val_top--]; 
     51a:	46 01       	movw	r8, r12
     51c:	88 0c       	add	r8, r8
     51e:	99 1c       	adc	r9, r9
     520:	88 0c       	add	r8, r8
     522:	99 1c       	adc	r9, r9
     524:	21 e0       	ldi	r18, 0x01	; 1
     526:	30 e0       	ldi	r19, 0x00	; 0
     528:	2c 0f       	add	r18, r28
     52a:	3d 1f       	adc	r19, r29
     52c:	82 0e       	add	r8, r18
     52e:	93 1e       	adc	r9, r19
     530:	f4 01       	movw	r30, r8
     532:	00 81       	ld	r16, Z
     534:	11 81       	ldd	r17, Z+1	; 0x01
     536:	22 81       	ldd	r18, Z+2	; 0x02
     538:	33 81       	ldd	r19, Z+3	; 0x03
        char op = op_stack[op_top--]; 
     53a:	25 01       	movw	r4, r10
     53c:	f1 e0       	ldi	r31, 0x01	; 1
     53e:	4f 1a       	sub	r4, r31
     540:	51 08       	sbc	r5, r1
     542:	e1 ea       	ldi	r30, 0xA1	; 161
     544:	f0 e0       	ldi	r31, 0x00	; 0
     546:	ec 0f       	add	r30, r28
     548:	fd 1f       	adc	r31, r29
     54a:	ea 0d       	add	r30, r10
     54c:	fb 1d       	adc	r31, r11
        
        val_stack[++val_top] = apply_op(op, val2, val1, valid); 
     54e:	c7 53       	subi	r28, 0x37	; 55
     550:	df 4f       	sbci	r29, 0xFF	; 255
     552:	e8 80       	ld	r14, Y
     554:	f9 80       	ldd	r15, Y+1	; 0x01
     556:	c9 5c       	subi	r28, 0xC9	; 201
     558:	d0 40       	sbci	r29, 0x00	; 0
     55a:	80 81       	ld	r24, Z
     55c:	2d de       	rcall	.-934    	; 0x1b8 <apply_op>
     55e:	f4 01       	movw	r30, r8
     560:	60 83       	st	Z, r22
     562:	71 83       	std	Z+1, r23	; 0x01
     564:	82 83       	std	Z+2, r24	; 0x02
     566:	93 83       	std	Z+3, r25	; 0x03
        if (!(*valid)) return 0; 
     568:	c7 53       	subi	r28, 0x37	; 55
     56a:	df 4f       	sbci	r29, 0xFF	; 255
     56c:	e8 81       	ld	r30, Y
     56e:	f9 81       	ldd	r31, Y+1	; 0x01
     570:	c9 5c       	subi	r28, 0xC9	; 201
     572:	d0 40       	sbci	r29, 0x00	; 0
     574:	80 81       	ld	r24, Z
     576:	91 81       	ldd	r25, Z+1	; 0x01
     578:	89 2b       	or	r24, r25
     57a:	f9 f0       	breq	.+62     	; 0x5ba <__LOCK_REGION_LENGTH__+0x1ba>
    // 5. 문자열 순회가 끝난 후 스택에 남아있는 잔여 연산 완결
    while (op_top >= 0) 
    { 
        int32_t val2 = val_stack[val_top--]; 
        int32_t val1 = val_stack[val_top--]; 
        char op = op_stack[op_top--]; 
     57c:	52 01       	movw	r10, r4
        
        val_stack[++val_top] = apply_op(op, val2, val1, valid); 
     57e:	86 01       	movw	r16, r12
            op_stack[++op_top] = expr[i]; 
        } 
    } 

    // 5. 문자열 순회가 끝난 후 스택에 남아있는 잔여 연산 완결
    while (op_top >= 0) 
     580:	bb 20       	and	r11, r11
     582:	0c f0       	brlt	.+2      	; 0x586 <__LOCK_REGION_LENGTH__+0x186>
     584:	b8 cf       	rjmp	.-144    	; 0x4f6 <__LOCK_REGION_LENGTH__+0xf6>
        val_stack[++val_top] = apply_op(op, val2, val1, valid); 
        if (!(*valid)) return 0; 
    } 

    // 최종 결과 반환
    return (val_top == 0) ? val_stack[val_top] : 0; 
     586:	01 15       	cp	r16, r1
     588:	11 05       	cpc	r17, r1
     58a:	d9 f4       	brne	.+54     	; 0x5c2 <__LOCK_REGION_LENGTH__+0x1c2>
     58c:	00 0f       	add	r16, r16
     58e:	11 1f       	adc	r17, r17
     590:	00 0f       	add	r16, r16
     592:	11 1f       	adc	r17, r17
     594:	e1 e0       	ldi	r30, 0x01	; 1
     596:	f0 e0       	ldi	r31, 0x00	; 0
     598:	ec 0f       	add	r30, r28
     59a:	fd 1f       	adc	r31, r29
     59c:	e0 0f       	add	r30, r16
     59e:	f1 1f       	adc	r31, r17
     5a0:	60 81       	ld	r22, Z
     5a2:	71 81       	ldd	r23, Z+1	; 0x01
     5a4:	82 81       	ldd	r24, Z+2	; 0x02
     5a6:	93 81       	ldd	r25, Z+3	; 0x03
     5a8:	0f c0       	rjmp	.+30     	; 0x5c8 <__LOCK_REGION_LENGTH__+0x1c8>
                int32_t val2 = val_stack[val_top--]; 
                int32_t val1 = val_stack[val_top--]; 
                char op = op_stack[op_top--]; 
                
                val_stack[++val_top] = apply_op(op, val2, val1, valid); 
                if (!(*valid)) return 0; 
     5aa:	60 e0       	ldi	r22, 0x00	; 0
     5ac:	70 e0       	ldi	r23, 0x00	; 0
     5ae:	cb 01       	movw	r24, r22
     5b0:	0b c0       	rjmp	.+22     	; 0x5c8 <__LOCK_REGION_LENGTH__+0x1c8>
                int32_t val2 = val_stack[val_top--]; 
                int32_t val1 = val_stack[val_top--]; 
                char op = op_stack[op_top--]; 
                
                val_stack[++val_top] = apply_op(op, val2, val1, valid); 
                if (!(*valid)) return 0; 
     5b2:	60 e0       	ldi	r22, 0x00	; 0
     5b4:	70 e0       	ldi	r23, 0x00	; 0
     5b6:	cb 01       	movw	r24, r22
     5b8:	07 c0       	rjmp	.+14     	; 0x5c8 <__LOCK_REGION_LENGTH__+0x1c8>
        int32_t val2 = val_stack[val_top--]; 
        int32_t val1 = val_stack[val_top--]; 
        char op = op_stack[op_top--]; 
        
        val_stack[++val_top] = apply_op(op, val2, val1, valid); 
        if (!(*valid)) return 0; 
     5ba:	60 e0       	ldi	r22, 0x00	; 0
     5bc:	70 e0       	ldi	r23, 0x00	; 0
     5be:	cb 01       	movw	r24, r22
     5c0:	03 c0       	rjmp	.+6      	; 0x5c8 <__LOCK_REGION_LENGTH__+0x1c8>
    } 

    // 최종 결과 반환
    return (val_top == 0) ? val_stack[val_top] : 0; 
     5c2:	60 e0       	ldi	r22, 0x00	; 0
     5c4:	70 e0       	ldi	r23, 0x00	; 0
     5c6:	cb 01       	movw	r24, r22
}
     5c8:	c5 53       	subi	r28, 0x35	; 53
     5ca:	df 4f       	sbci	r29, 0xFF	; 255
     5cc:	0f b6       	in	r0, 0x3f	; 63
     5ce:	f8 94       	cli
     5d0:	de bf       	out	0x3e, r29	; 62
     5d2:	0f be       	out	0x3f, r0	; 63
     5d4:	cd bf       	out	0x3d, r28	; 61
     5d6:	df 91       	pop	r29
     5d8:	cf 91       	pop	r28
     5da:	1f 91       	pop	r17
     5dc:	0f 91       	pop	r16
     5de:	ff 90       	pop	r15
     5e0:	ef 90       	pop	r14
     5e2:	df 90       	pop	r13
     5e4:	cf 90       	pop	r12
     5e6:	bf 90       	pop	r11
     5e8:	af 90       	pop	r10
     5ea:	9f 90       	pop	r9
     5ec:	8f 90       	pop	r8
     5ee:	7f 90       	pop	r7
     5f0:	6f 90       	pop	r6
     5f2:	5f 90       	pop	r5
     5f4:	4f 90       	pop	r4
     5f6:	3f 90       	pop	r3
     5f8:	2f 90       	pop	r2
     5fa:	08 95       	ret

000005fc <clear_calculator_state>:
/**
 * @brief 계산기 내부 버퍼 및 상태 변수 초기화
 */
static void clear_calculator_state(void)
{
    LCD_clear();
     5fc:	ae d4       	rcall	.+2396   	; 0xf5a <LCD_clear>
    memset(expr_buffer, 0, sizeof(expr_buffer));
     5fe:	88 e2       	ldi	r24, 0x28	; 40
     600:	ec eb       	ldi	r30, 0xBC	; 188
     602:	f2 e0       	ldi	r31, 0x02	; 2
     604:	df 01       	movw	r26, r30
     606:	1d 92       	st	X+, r1
     608:	8a 95       	dec	r24
     60a:	e9 f7       	brne	.-6      	; 0x606 <clear_calculator_state+0xa>
    expr_idx = 0;
     60c:	10 92 bb 02 	sts	0x02BB, r1	; 0x8002bb <expr_idx+0x1>
     610:	10 92 ba 02 	sts	0x02BA, r1	; 0x8002ba <expr_idx>
    is_calculated = 0;
     614:	10 92 b9 02 	sts	0x02B9, r1	; 0x8002b9 <is_calculated>
     618:	08 95       	ret

0000061a <refresh_calculator_lcd>:

/**
 * @brief 수식 버퍼 내용을 기반으로 LCD 화면을 2줄로 나누어 실시간 갱신
 */
static void refresh_calculator_lcd(void)
{
     61a:	cf 93       	push	r28
     61c:	df 93       	push	r29
    LCD_clear();
     61e:	9d d4       	rcall	.+2362   	; 0xf5a <LCD_clear>
    
    // 1. 1~16번째 글자는 첫 번째 줄(row 0)에 출력
    LCD_goto_XY(0, 0);
     620:	60 e0       	ldi	r22, 0x00	; 0
     622:	80 e0       	ldi	r24, 0x00	; 0
     624:	16 d5       	rcall	.+2604   	; 0x1052 <LCD_goto_XY>
    for (int i = 0; i < expr_idx && i < 16; i++)
     626:	c0 e0       	ldi	r28, 0x00	; 0
     628:	d0 e0       	ldi	r29, 0x00	; 0
     62a:	06 c0       	rjmp	.+12     	; 0x638 <refresh_calculator_lcd+0x1e>
    {
        LCD_write_data(expr_buffer[i]);
     62c:	fe 01       	movw	r30, r28
     62e:	e4 54       	subi	r30, 0x44	; 68
     630:	fd 4f       	sbci	r31, 0xFD	; 253
     632:	80 81       	ld	r24, Z
     634:	4e d4       	rcall	.+2204   	; 0xed2 <LCD_write_data>
{
    LCD_clear();
    
    // 1. 1~16번째 글자는 첫 번째 줄(row 0)에 출력
    LCD_goto_XY(0, 0);
    for (int i = 0; i < expr_idx && i < 16; i++)
     636:	21 96       	adiw	r28, 0x01	; 1
     638:	80 91 ba 02 	lds	r24, 0x02BA	; 0x8002ba <expr_idx>
     63c:	90 91 bb 02 	lds	r25, 0x02BB	; 0x8002bb <expr_idx+0x1>
     640:	c8 17       	cp	r28, r24
     642:	d9 07       	cpc	r29, r25
     644:	1c f4       	brge	.+6      	; 0x64c <refresh_calculator_lcd+0x32>
     646:	c0 31       	cpi	r28, 0x10	; 16
     648:	d1 05       	cpc	r29, r1
     64a:	84 f3       	brlt	.-32     	; 0x62c <refresh_calculator_lcd+0x12>
    {
        LCD_write_data(expr_buffer[i]);
    }
    
    // 2. 17번째 글자부터는 두 번째 줄(row 1)에 이어서 출력 (자동 줄바꿈)
    if (expr_idx > 16)
     64c:	41 97       	sbiw	r24, 0x11	; 17
    {
        LCD_goto_XY(1, 0);
     64e:	b4 f0       	brlt	.+44     	; 0x67c <refresh_calculator_lcd+0x62>
     650:	60 e0       	ldi	r22, 0x00	; 0
     652:	81 e0       	ldi	r24, 0x01	; 1
     654:	fe d4       	rcall	.+2556   	; 0x1052 <LCD_goto_XY>
        for (int i = 16; i < expr_idx && i < MAX_EXPR_LEN; i++)
     656:	c0 e1       	ldi	r28, 0x10	; 16
     658:	d0 e0       	ldi	r29, 0x00	; 0
     65a:	06 c0       	rjmp	.+12     	; 0x668 <refresh_calculator_lcd+0x4e>
        {
            LCD_write_data(expr_buffer[i]);
     65c:	fe 01       	movw	r30, r28
     65e:	e4 54       	subi	r30, 0x44	; 68
     660:	fd 4f       	sbci	r31, 0xFD	; 253
     662:	80 81       	ld	r24, Z
     664:	36 d4       	rcall	.+2156   	; 0xed2 <LCD_write_data>
    
    // 2. 17번째 글자부터는 두 번째 줄(row 1)에 이어서 출력 (자동 줄바꿈)
    if (expr_idx > 16)
    {
        LCD_goto_XY(1, 0);
        for (int i = 16; i < expr_idx && i < MAX_EXPR_LEN; i++)
     666:	21 96       	adiw	r28, 0x01	; 1
     668:	80 91 ba 02 	lds	r24, 0x02BA	; 0x8002ba <expr_idx>
     66c:	90 91 bb 02 	lds	r25, 0x02BB	; 0x8002bb <expr_idx+0x1>
     670:	c8 17       	cp	r28, r24
     672:	d9 07       	cpc	r29, r25
     674:	1c f4       	brge	.+6      	; 0x67c <refresh_calculator_lcd+0x62>
     676:	c8 32       	cpi	r28, 0x28	; 40
     678:	d1 05       	cpc	r29, r1
     67a:	84 f3       	brlt	.-32     	; 0x65c <refresh_calculator_lcd+0x42>
        {
            LCD_write_data(expr_buffer[i]);
        }
    }
}
     67c:	df 91       	pop	r29
     67e:	cf 91       	pop	r28
     680:	08 95       	ret

00000682 <calculator_processing>:

/**
 * @brief 키패드 입력을 받아 계산기 기능을 수행하는 메인 프로세싱 함수
 */
void calculator_processing(uint8_t key)
{
     682:	cf 92       	push	r12
     684:	df 92       	push	r13
     686:	ef 92       	push	r14
     688:	ff 92       	push	r15
     68a:	0f 93       	push	r16
     68c:	1f 93       	push	r17
     68e:	cf 93       	push	r28
     690:	df 93       	push	r29
     692:	cd b7       	in	r28, 0x3d	; 61
     694:	de b7       	in	r29, 0x3e	; 62
     696:	62 97       	sbiw	r28, 0x12	; 18
     698:	0f b6       	in	r0, 0x3f	; 63
     69a:	f8 94       	cli
     69c:	de bf       	out	0x3e, r29	; 62
     69e:	0f be       	out	0x3f, r0	; 63
     6a0:	cd bf       	out	0x3d, r28	; 61
     6a2:	18 2f       	mov	r17, r24
    // [기능 1] 리셋/취소 버튼 ('C')
    if (key == 'C' || key == 'c') 
     6a4:	83 34       	cpi	r24, 0x43	; 67
     6a6:	11 f0       	breq	.+4      	; 0x6ac <calculator_processing+0x2a>
     6a8:	83 36       	cpi	r24, 0x63	; 99
     6aa:	31 f4       	brne	.+12     	; 0x6b8 <calculator_processing+0x36>
    {
        clear_calculator_state();
     6ac:	a7 df       	rcall	.-178    	; 0x5fc <clear_calculator_state>
        printf("\r[Calc] Reset\n");
     6ae:	8e e2       	ldi	r24, 0x2E	; 46
     6b0:	91 e0       	ldi	r25, 0x01	; 1
     6b2:	0e 94 8f 0c 	call	0x191e	; 0x191e <puts>
        return;
     6b6:	b8 c0       	rjmp	.+368    	; 0x828 <calculator_processing+0x1a6>
    }

    // [기능 2] 계산 완료 상태에서 새로운 키가 들어오면 화면 및 버퍼 초기화 후 입력 시작
    if (is_calculated)
     6b8:	80 91 b9 02 	lds	r24, 0x02B9	; 0x8002b9 <is_calculated>
    {
        clear_calculator_state();
     6bc:	81 11       	cpse	r24, r1
     6be:	9e df       	rcall	.-196    	; 0x5fc <clear_calculator_state>
    }

    // [기능 3] 백스페이스 버튼 ('B')
    if (key == 'B' || key == 'b') 
     6c0:	12 34       	cpi	r17, 0x42	; 66
     6c2:	11 f0       	breq	.+4      	; 0x6c8 <calculator_processing+0x46>
     6c4:	12 36       	cpi	r17, 0x62	; 98
     6c6:	09 f5       	brne	.+66     	; 0x70a <calculator_processing+0x88>
    {
        if (expr_idx > 0) 
     6c8:	80 91 ba 02 	lds	r24, 0x02BA	; 0x8002ba <expr_idx>
     6cc:	90 91 bb 02 	lds	r25, 0x02BB	; 0x8002bb <expr_idx+0x1>
     6d0:	18 16       	cp	r1, r24
     6d2:	19 06       	cpc	r1, r25
     6d4:	0c f0       	brlt	.+2      	; 0x6d8 <calculator_processing+0x56>
     6d6:	a8 c0       	rjmp	.+336    	; 0x828 <calculator_processing+0x1a6>
        {
            expr_idx--;
     6d8:	01 97       	sbiw	r24, 0x01	; 1
     6da:	90 93 bb 02 	sts	0x02BB, r25	; 0x8002bb <expr_idx+0x1>
     6de:	80 93 ba 02 	sts	0x02BA, r24	; 0x8002ba <expr_idx>
            expr_buffer[expr_idx] = '\0';
     6e2:	0c eb       	ldi	r16, 0xBC	; 188
     6e4:	12 e0       	ldi	r17, 0x02	; 2
     6e6:	fc 01       	movw	r30, r24
     6e8:	e4 54       	subi	r30, 0x44	; 68
     6ea:	fd 4f       	sbci	r31, 0xFD	; 253
            refresh_calculator_lcd(); 
     6ec:	10 82       	st	Z, r1
     6ee:	95 df       	rcall	.-214    	; 0x61a <refresh_calculator_lcd>
            printf("\r[Calc] BS. Current: %s\n", expr_buffer);
     6f0:	1f 93       	push	r17
     6f2:	0f 93       	push	r16
     6f4:	8c e3       	ldi	r24, 0x3C	; 60
     6f6:	91 e0       	ldi	r25, 0x01	; 1
     6f8:	9f 93       	push	r25
     6fa:	8f 93       	push	r24
     6fc:	0e 94 77 0c 	call	0x18ee	; 0x18ee <printf>
     700:	0f 90       	pop	r0
     702:	0f 90       	pop	r0
     704:	0f 90       	pop	r0
     706:	0f 90       	pop	r0
     708:	8f c0       	rjmp	.+286    	; 0x828 <calculator_processing+0x1a6>
        }
        return;
    }

    // [기능 4] 일반 입력 문자 처리 (숫자, 사칙연산자, 괄호)
    if ((key >= '0' && key <= '9') || key == '+' || key == '-' || 
     70a:	80 ed       	ldi	r24, 0xD0	; 208
     70c:	81 0f       	add	r24, r17
     70e:	8a 30       	cpi	r24, 0x0A	; 10
     710:	60 f0       	brcs	.+24     	; 0x72a <calculator_processing+0xa8>
     712:	1b 32       	cpi	r17, 0x2B	; 43
     714:	51 f0       	breq	.+20     	; 0x72a <calculator_processing+0xa8>
     716:	1d 32       	cpi	r17, 0x2D	; 45
     718:	41 f0       	breq	.+16     	; 0x72a <calculator_processing+0xa8>
     71a:	1a 32       	cpi	r17, 0x2A	; 42
     71c:	31 f0       	breq	.+12     	; 0x72a <calculator_processing+0xa8>
        key == '*' || key == '/' || key == '(' || key == ')')
     71e:	1f 32       	cpi	r17, 0x2F	; 47
     720:	21 f0       	breq	.+8      	; 0x72a <calculator_processing+0xa8>
     722:	18 32       	cpi	r17, 0x28	; 40
     724:	11 f0       	breq	.+4      	; 0x72a <calculator_processing+0xa8>
     726:	19 32       	cpi	r17, 0x29	; 41
     728:	e9 f4       	brne	.+58     	; 0x764 <calculator_processing+0xe2>
    {
        if (expr_idx < MAX_EXPR_LEN - 1)
     72a:	80 91 ba 02 	lds	r24, 0x02BA	; 0x8002ba <expr_idx>
     72e:	90 91 bb 02 	lds	r25, 0x02BB	; 0x8002bb <expr_idx+0x1>
     732:	87 32       	cpi	r24, 0x27	; 39
     734:	91 05       	cpc	r25, r1
     736:	0c f0       	brlt	.+2      	; 0x73a <calculator_processing+0xb8>
     738:	77 c0       	rjmp	.+238    	; 0x828 <calculator_processing+0x1a6>
        {
            expr_buffer[expr_idx++] = key;
     73a:	9c 01       	movw	r18, r24
     73c:	2f 5f       	subi	r18, 0xFF	; 255
     73e:	3f 4f       	sbci	r19, 0xFF	; 255
     740:	30 93 bb 02 	sts	0x02BB, r19	; 0x8002bb <expr_idx+0x1>
     744:	20 93 ba 02 	sts	0x02BA, r18	; 0x8002ba <expr_idx>
     748:	fc 01       	movw	r30, r24
     74a:	e4 54       	subi	r30, 0x44	; 68
     74c:	fd 4f       	sbci	r31, 0xFD	; 253
     74e:	10 83       	st	Z, r17
            expr_buffer[expr_idx] = '\0';
     750:	f9 01       	movw	r30, r18
     752:	e4 54       	subi	r30, 0x44	; 68
     754:	fd 4f       	sbci	r31, 0xFD	; 253
            
            refresh_calculator_lcd(); // 실시간 글자수 체크 및 줄바꿈 반영
     756:	10 82       	st	Z, r1
     758:	60 df       	rcall	.-320    	; 0x61a <refresh_calculator_lcd>
            printf("%c", key);
     75a:	81 2f       	mov	r24, r17
     75c:	90 e0       	ldi	r25, 0x00	; 0
     75e:	0e 94 8a 0c 	call	0x1914	; 0x1914 <putchar>
     762:	62 c0       	rjmp	.+196    	; 0x828 <calculator_processing+0x1a6>
        }
    }
    // [기능 5] 결과 산출 버튼 '='
    else if (key == '=')
     764:	1d 33       	cpi	r17, 0x3D	; 61
     766:	09 f0       	breq	.+2      	; 0x76a <calculator_processing+0xe8>
     768:	5f c0       	rjmp	.+190    	; 0x828 <calculator_processing+0x1a6>
    {
        printf("=\n");
     76a:	85 e5       	ldi	r24, 0x55	; 85
     76c:	91 e0       	ldi	r25, 0x01	; 1
     76e:	0e 94 8f 0c 	call	0x191e	; 0x191e <puts>

        // 1. 괄호 쌍 유효성 검사
        if (!check_parentheses(expr_buffer))
     772:	8c eb       	ldi	r24, 0xBC	; 188
     774:	92 e0       	ldi	r25, 0x02	; 2
     776:	e8 dc       	rcall	.-1584   	; 0x148 <check_parentheses>
        {
            LCD_clear();
     778:	89 2b       	or	r24, r25
            LCD_goto_XY(0, 0);
     77a:	79 f4       	brne	.+30     	; 0x79a <calculator_processing+0x118>
     77c:	ee d3       	rcall	.+2012   	; 0xf5a <LCD_clear>
     77e:	60 e0       	ldi	r22, 0x00	; 0
     780:	80 e0       	ldi	r24, 0x00	; 0
            LCD_write_string("Error: Parentheses");
     782:	67 d4       	rcall	.+2254   	; 0x1052 <LCD_goto_XY>
     784:	87 e5       	ldi	r24, 0x57	; 87
     786:	91 e0       	ldi	r25, 0x01	; 1
     788:	52 d4       	rcall	.+2212   	; 0x102e <LCD_write_string>
            printf(" Error: Parentheses Mismatch\r\n");
     78a:	8a e6       	ldi	r24, 0x6A	; 106
     78c:	91 e0       	ldi	r25, 0x01	; 1
     78e:	0e 94 8f 0c 	call	0x191e	; 0x191e <puts>
            is_calculated = 1; 
     792:	81 e0       	ldi	r24, 0x01	; 1
     794:	80 93 b9 02 	sts	0x02B9, r24	; 0x8002b9 <is_calculated>
     798:	47 c0       	rjmp	.+142    	; 0x828 <calculator_processing+0x1a6>
            return;
        }

        // 2. 수식 연산 엔진 구동
        int valid = 1;
     79a:	81 e0       	ldi	r24, 0x01	; 1
     79c:	90 e0       	ldi	r25, 0x00	; 0
     79e:	9a 8b       	std	Y+18, r25	; 0x12
        int32_t result = eval_expression(expr_buffer, &valid);
     7a0:	89 8b       	std	Y+17, r24	; 0x11
     7a2:	be 01       	movw	r22, r28
     7a4:	6f 5e       	subi	r22, 0xEF	; 239
     7a6:	7f 4f       	sbci	r23, 0xFF	; 255
     7a8:	8c eb       	ldi	r24, 0xBC	; 188
     7aa:	92 e0       	ldi	r25, 0x02	; 2
     7ac:	4f dd       	rcall	.-1378   	; 0x24c <eval_expression>
     7ae:	16 2f       	mov	r17, r22

        // 3. 결과 출력을 위한 화면 정리 및 출력
        LCD_clear();
     7b0:	07 2f       	mov	r16, r23
        LCD_goto_XY(0, 0);
     7b2:	f8 2e       	mov	r15, r24
     7b4:	e9 2e       	mov	r14, r25
     7b6:	d1 d3       	rcall	.+1954   	; 0xf5a <LCD_clear>
     7b8:	60 e0       	ldi	r22, 0x00	; 0
        LCD_write_string("Result:");
     7ba:	80 e0       	ldi	r24, 0x00	; 0
     7bc:	4a d4       	rcall	.+2196   	; 0x1052 <LCD_goto_XY>
     7be:	88 e8       	ldi	r24, 0x88	; 136

        LCD_goto_XY(1, 0);
     7c0:	91 e0       	ldi	r25, 0x01	; 1
     7c2:	35 d4       	rcall	.+2154   	; 0x102e <LCD_write_string>
     7c4:	60 e0       	ldi	r22, 0x00	; 0
     7c6:	81 e0       	ldi	r24, 0x01	; 1
        if (!valid)
     7c8:	44 d4       	rcall	.+2184   	; 0x1052 <LCD_goto_XY>
     7ca:	89 89       	ldd	r24, Y+17	; 0x11
     7cc:	9a 89       	ldd	r25, Y+18	; 0x12
     7ce:	89 2b       	or	r24, r25
        {
            LCD_write_string("Error: Div by 0");
     7d0:	41 f4       	brne	.+16     	; 0x7e2 <calculator_processing+0x160>
     7d2:	80 e9       	ldi	r24, 0x90	; 144
     7d4:	91 e0       	ldi	r25, 0x01	; 1
     7d6:	2b d4       	rcall	.+2134   	; 0x102e <LCD_write_string>
            printf(" Error: Division By Zero\r\n");
     7d8:	80 ea       	ldi	r24, 0xA0	; 160
     7da:	91 e0       	ldi	r25, 0x01	; 1
     7dc:	0e 94 8f 0c 	call	0x191e	; 0x191e <puts>
     7e0:	20 c0       	rjmp	.+64     	; 0x822 <calculator_processing+0x1a0>
        }
        else
        {
            char result_str[16];
            sprintf(result_str, "%ld", result);
     7e2:	ef 92       	push	r14
     7e4:	ff 92       	push	r15
     7e6:	0f 93       	push	r16
     7e8:	1f 93       	push	r17
     7ea:	8a eb       	ldi	r24, 0xBA	; 186
     7ec:	91 e0       	ldi	r25, 0x01	; 1
     7ee:	9f 93       	push	r25
     7f0:	8f 93       	push	r24
     7f2:	ce 01       	movw	r24, r28
     7f4:	01 96       	adiw	r24, 0x01	; 1
     7f6:	6c 01       	movw	r12, r24
     7f8:	9f 93       	push	r25
     7fa:	8f 93       	push	r24
     7fc:	0e 94 bf 0c 	call	0x197e	; 0x197e <sprintf>
            LCD_write_string(result_str);
     800:	c6 01       	movw	r24, r12
     802:	15 d4       	rcall	.+2090   	; 0x102e <LCD_write_string>
            printf("Ans: %ld\r\n", result);
     804:	ef 92       	push	r14
     806:	ff 92       	push	r15
     808:	0f 93       	push	r16
     80a:	1f 93       	push	r17
     80c:	8e eb       	ldi	r24, 0xBE	; 190
     80e:	91 e0       	ldi	r25, 0x01	; 1
     810:	9f 93       	push	r25
     812:	8f 93       	push	r24
     814:	0e 94 77 0c 	call	0x18ee	; 0x18ee <printf>
     818:	0f b6       	in	r0, 0x3f	; 63
     81a:	f8 94       	cli
     81c:	de bf       	out	0x3e, r29	; 62
     81e:	0f be       	out	0x3f, r0	; 63
     820:	cd bf       	out	0x3d, r28	; 61
        }

        is_calculated = 1; // 연산 완료 상태 마킹
     822:	81 e0       	ldi	r24, 0x01	; 1
     824:	80 93 b9 02 	sts	0x02B9, r24	; 0x8002b9 <is_calculated>
    }
}
     828:	62 96       	adiw	r28, 0x12	; 18
     82a:	0f b6       	in	r0, 0x3f	; 63
     82c:	f8 94       	cli
     82e:	de bf       	out	0x3e, r29	; 62
     830:	0f be       	out	0x3f, r0	; 63
     832:	cd bf       	out	0x3d, r28	; 61
     834:	df 91       	pop	r29
     836:	cf 91       	pop	r28
     838:	1f 91       	pop	r17
     83a:	0f 91       	pop	r16
     83c:	ff 90       	pop	r15
     83e:	ef 90       	pop	r14
     840:	df 90       	pop	r13
     842:	cf 90       	pop	r12
     844:	08 95       	ret

00000846 <cal_main>:
 * @param idle_cnt main.c의 무입력 타이머 카운터 포인터
 * @param timeout_max 제한 시간 (60000ms)
 * @param mode_var 현재 시스템 모드 변수 포인터 (타임아웃 시 시계로 변경용)
 */
void cal_main(uint32_t *cnt, uint32_t timeout, int* program_stat)
{
     846:	cf 92       	push	r12
     848:	df 92       	push	r13
     84a:	ef 92       	push	r14
     84c:	ff 92       	push	r15
     84e:	0f 93       	push	r16
     850:	1f 93       	push	r17
     852:	cf 93       	push	r28
     854:	df 93       	push	r29
     856:	ec 01       	movw	r28, r24
     858:	6a 01       	movw	r12, r20
     85a:	7b 01       	movw	r14, r22
     85c:	89 01       	movw	r16, r18
	printf("CAL_MAIN\n");
     85e:	89 ec       	ldi	r24, 0xC9	; 201
     860:	91 e0       	ldi	r25, 0x01	; 1
     862:	0e 94 8f 0c 	call	0x191e	; 0x191e <puts>
	printf("CAL_MAIN state=%d idle=%lu\n", *program_stat, *cnt);
     866:	8b 81       	ldd	r24, Y+3	; 0x03
     868:	8f 93       	push	r24
     86a:	8a 81       	ldd	r24, Y+2	; 0x02
     86c:	8f 93       	push	r24
     86e:	89 81       	ldd	r24, Y+1	; 0x01
     870:	8f 93       	push	r24
     872:	88 81       	ld	r24, Y
     874:	8f 93       	push	r24
     876:	f8 01       	movw	r30, r16
     878:	81 81       	ldd	r24, Z+1	; 0x01
     87a:	8f 93       	push	r24
     87c:	80 81       	ld	r24, Z
     87e:	8f 93       	push	r24
     880:	82 ed       	ldi	r24, 0xD2	; 210
     882:	91 e0       	ldi	r25, 0x01	; 1
     884:	9f 93       	push	r25
     886:	8f 93       	push	r24
     888:	0e 94 77 0c 	call	0x18ee	; 0x18ee <printf>
    static uint8_t l_btn0 = 0, l_btn1 = 0, l_btn2 = 0, l_btn3 = 0;
	
    // 1. 1분간 무입력 타임아웃 검사
    if (*cnt >= timeout)
     88c:	88 81       	ld	r24, Y
     88e:	99 81       	ldd	r25, Y+1	; 0x01
     890:	aa 81       	ldd	r26, Y+2	; 0x02
     892:	bb 81       	ldd	r27, Y+3	; 0x03
     894:	2d b7       	in	r18, 0x3d	; 61
     896:	3e b7       	in	r19, 0x3e	; 62
     898:	28 5f       	subi	r18, 0xF8	; 248
     89a:	3f 4f       	sbci	r19, 0xFF	; 255
     89c:	0f b6       	in	r0, 0x3f	; 63
     89e:	f8 94       	cli
     8a0:	3e bf       	out	0x3e, r19	; 62
     8a2:	0f be       	out	0x3f, r0	; 63
     8a4:	2d bf       	out	0x3d, r18	; 61
     8a6:	8c 15       	cp	r24, r12
     8a8:	9d 05       	cpc	r25, r13
     8aa:	ae 05       	cpc	r26, r14
     8ac:	bf 05       	cpc	r27, r15
     8ae:	48 f0       	brcs	.+18     	; 0x8c2 <cal_main+0x7c>
    {
        *program_stat = RTC_CLOCK; // MODE_CLOCK (0)으로 복귀
     8b0:	f8 01       	movw	r30, r16
     8b2:	11 82       	std	Z+1, r1	; 0x01
     8b4:	10 82       	st	Z, r1
        LCD_clear();
     8b6:	51 d3       	rcall	.+1698   	; 0xf5a <LCD_clear>
        printf("\r\n[Timeout! Back to Clock Mode]\r\n");
     8b8:	8e ee       	ldi	r24, 0xEE	; 238
     8ba:	91 e0       	ldi	r25, 0x01	; 1
     8bc:	0e 94 8f 0c 	call	0x191e	; 0x191e <puts>
        return;
     8c0:	5c c0       	rjmp	.+184    	; 0x97a <cal_main+0x134>
    }

    // 2. 상단 독립 기능 버튼 스캔 (C, B, (, ) 처리)
    uint8_t btn0 = get_button(BUTTON0, BUTTON0PIN);
     8c2:	62 e0       	ldi	r22, 0x02	; 2
     8c4:	70 e0       	ldi	r23, 0x00	; 0
     8c6:	80 e0       	ldi	r24, 0x00	; 0
     8c8:	90 e0       	ldi	r25, 0x00	; 0
     8ca:	04 dc       	rcall	.-2040   	; 0xd4 <get_button>
     8cc:	e8 2e       	mov	r14, r24
    uint8_t btn1 = get_button(BUTTON1, BUTTON1PIN);
     8ce:	64 e0       	ldi	r22, 0x04	; 4
     8d0:	70 e0       	ldi	r23, 0x00	; 0
     8d2:	81 e0       	ldi	r24, 0x01	; 1
     8d4:	90 e0       	ldi	r25, 0x00	; 0
     8d6:	fe db       	rcall	.-2052   	; 0xd4 <get_button>
     8d8:	f8 2e       	mov	r15, r24
    uint8_t btn2 = get_button(BUTTON2, BUTTON2PIN);
     8da:	65 e0       	ldi	r22, 0x05	; 5
     8dc:	70 e0       	ldi	r23, 0x00	; 0
     8de:	82 e0       	ldi	r24, 0x02	; 2
     8e0:	90 e0       	ldi	r25, 0x00	; 0
     8e2:	f8 db       	rcall	.-2064   	; 0xd4 <get_button>
     8e4:	08 2f       	mov	r16, r24
    uint8_t btn3 = get_button(BUTTON3, BUTTON3PIN);
     8e6:	66 e0       	ldi	r22, 0x06	; 6
     8e8:	70 e0       	ldi	r23, 0x00	; 0
     8ea:	83 e0       	ldi	r24, 0x03	; 3
     8ec:	90 e0       	ldi	r25, 0x00	; 0
     8ee:	f2 db       	rcall	.-2076   	; 0xd4 <get_button>
     8f0:	18 2f       	mov	r17, r24

    if (btn0 && !l_btn0) { calculator_processing('C'); *cnt = 0; }
     8f2:	ee 20       	and	r14, r14
     8f4:	51 f0       	breq	.+20     	; 0x90a <cal_main+0xc4>
     8f6:	80 91 b8 02 	lds	r24, 0x02B8	; 0x8002b8 <l_btn0.2384>
     8fa:	81 11       	cpse	r24, r1
     8fc:	06 c0       	rjmp	.+12     	; 0x90a <cal_main+0xc4>
     8fe:	83 e4       	ldi	r24, 0x43	; 67
     900:	c0 de       	rcall	.-640    	; 0x682 <calculator_processing>
     902:	18 82       	st	Y, r1
     904:	19 82       	std	Y+1, r1	; 0x01
     906:	1a 82       	std	Y+2, r1	; 0x02
     908:	1b 82       	std	Y+3, r1	; 0x03
    if (btn1 && !l_btn1) { calculator_processing('B'); *cnt = 0; }
     90a:	ff 20       	and	r15, r15
     90c:	51 f0       	breq	.+20     	; 0x922 <cal_main+0xdc>
     90e:	80 91 b7 02 	lds	r24, 0x02B7	; 0x8002b7 <l_btn1.2385>
     912:	81 11       	cpse	r24, r1
     914:	06 c0       	rjmp	.+12     	; 0x922 <cal_main+0xdc>
     916:	82 e4       	ldi	r24, 0x42	; 66
     918:	b4 de       	rcall	.-664    	; 0x682 <calculator_processing>
     91a:	18 82       	st	Y, r1
     91c:	19 82       	std	Y+1, r1	; 0x01
     91e:	1a 82       	std	Y+2, r1	; 0x02
     920:	1b 82       	std	Y+3, r1	; 0x03
    if (btn2 && !l_btn2) { calculator_processing('('); *cnt = 0; }
     922:	00 23       	and	r16, r16
     924:	51 f0       	breq	.+20     	; 0x93a <cal_main+0xf4>
     926:	80 91 b6 02 	lds	r24, 0x02B6	; 0x8002b6 <l_btn2.2386>
     92a:	81 11       	cpse	r24, r1
     92c:	06 c0       	rjmp	.+12     	; 0x93a <cal_main+0xf4>
     92e:	88 e2       	ldi	r24, 0x28	; 40
     930:	a8 de       	rcall	.-688    	; 0x682 <calculator_processing>
     932:	18 82       	st	Y, r1
     934:	19 82       	std	Y+1, r1	; 0x01
     936:	1a 82       	std	Y+2, r1	; 0x02
    if (btn3 && !l_btn3) { calculator_processing(')'); *cnt = 0; }
     938:	1b 82       	std	Y+3, r1	; 0x03
     93a:	11 23       	and	r17, r17
     93c:	51 f0       	breq	.+20     	; 0x952 <cal_main+0x10c>
     93e:	80 91 b5 02 	lds	r24, 0x02B5	; 0x8002b5 <l_btn3.2387>
     942:	81 11       	cpse	r24, r1
     944:	06 c0       	rjmp	.+12     	; 0x952 <cal_main+0x10c>
     946:	89 e2       	ldi	r24, 0x29	; 41
     948:	9c de       	rcall	.-712    	; 0x682 <calculator_processing>
     94a:	18 82       	st	Y, r1
     94c:	19 82       	std	Y+1, r1	; 0x01
     94e:	1a 82       	std	Y+2, r1	; 0x02

    l_btn0 = btn0; l_btn1 = btn1; l_btn2 = btn2; l_btn3 = btn3;
     950:	1b 82       	std	Y+3, r1	; 0x03
     952:	e0 92 b8 02 	sts	0x02B8, r14	; 0x8002b8 <l_btn0.2384>
     956:	f0 92 b7 02 	sts	0x02B7, r15	; 0x8002b7 <l_btn1.2385>
     95a:	00 93 b6 02 	sts	0x02B6, r16	; 0x8002b6 <l_btn2.2386>

    // 3. 키패드 매트릭스로부터 큐에 쌓인 입력 데이터가 있는지 검사
	if (!is_queue_empty())
     95e:	10 93 b5 02 	sts	0x02B5, r17	; 0x8002b5 <l_btn3.2387>
	{
		uint8_t key = delete_queue();
     962:	5f d6       	rcall	.+3262   	; 0x1622 <is_queue_empty>
     964:	81 11       	cpse	r24, r1
     966:	09 c0       	rjmp	.+18     	; 0x97a <cal_main+0x134>
		*cnt = 0;
     968:	43 d6       	rcall	.+3206   	; 0x15f0 <delete_queue>
     96a:	18 2f       	mov	r17, r24
     96c:	18 82       	st	Y, r1
     96e:	19 82       	std	Y+1, r1	; 0x01
		
		buzzer_beep();              // 키패드 입력이 버퍼에서 처리될 때 부저 가동!
     970:	1a 82       	std	Y+2, r1	; 0x02
     972:	1b 82       	std	Y+3, r1	; 0x03
		
		calculator_processing(key);
     974:	80 d2       	rcall	.+1280   	; 0xe76 <buzzer_beep>
     976:	81 2f       	mov	r24, r17
     978:	84 de       	rcall	.-760    	; 0x682 <calculator_processing>
	}
     97a:	df 91       	pop	r29
     97c:	cf 91       	pop	r28
     97e:	1f 91       	pop	r17
     980:	0f 91       	pop	r16
     982:	ff 90       	pop	r15
     984:	ef 90       	pop	r14
     986:	df 90       	pop	r13
     988:	cf 90       	pop	r12
     98a:	08 95       	ret

0000098c <dec2bcd>:
void read_date_ds1307(void)
{
	ds1307.date  = read_ds1307(0x04);
	ds1307.month = read_ds1307(0x05);
	ds1307.year  = read_ds1307(0x06);
}
     98c:	9d ec       	ldi	r25, 0xCD	; 205
     98e:	89 9f       	mul	r24, r25
     990:	91 2d       	mov	r25, r1
     992:	11 24       	eor	r1, r1
     994:	96 95       	lsr	r25
     996:	96 95       	lsr	r25
     998:	96 95       	lsr	r25
     99a:	39 2f       	mov	r19, r25
     99c:	33 0f       	add	r19, r19
     99e:	23 2f       	mov	r18, r19
     9a0:	22 0f       	add	r18, r18
     9a2:	22 0f       	add	r18, r18
     9a4:	23 0f       	add	r18, r19
     9a6:	82 1b       	sub	r24, r18
     9a8:	20 e1       	ldi	r18, 0x10	; 16
     9aa:	92 9f       	mul	r25, r18
     9ac:	80 0d       	add	r24, r0
     9ae:	11 24       	eor	r1, r1
     9b0:	08 95       	ret

000009b2 <bcd2dec>:
     9b2:	98 2f       	mov	r25, r24
     9b4:	92 95       	swap	r25
     9b6:	9f 70       	andi	r25, 0x0F	; 15
     9b8:	99 0f       	add	r25, r25
     9ba:	29 2f       	mov	r18, r25
     9bc:	22 0f       	add	r18, r18
     9be:	22 0f       	add	r18, r18
     9c0:	92 0f       	add	r25, r18
     9c2:	8f 70       	andi	r24, 0x0F	; 15
     9c4:	89 0f       	add	r24, r25
     9c6:	08 95       	ret

000009c8 <i2c_start>:
     9c8:	81 b3       	in	r24, 0x11	; 17
     9ca:	8d 7f       	andi	r24, 0xFD	; 253
     9cc:	81 bb       	out	0x11, r24	; 17
     9ce:	81 b3       	in	r24, 0x11	; 17
     9d0:	8e 7f       	andi	r24, 0xFE	; 254
     9d2:	81 bb       	out	0x11, r24	; 17
     9d4:	82 b3       	in	r24, 0x12	; 18
     9d6:	82 60       	ori	r24, 0x02	; 2
     9d8:	82 bb       	out	0x12, r24	; 18
     9da:	82 b3       	in	r24, 0x12	; 18
     9dc:	81 60       	ori	r24, 0x01	; 1
     9de:	82 bb       	out	0x12, r24	; 18
     9e0:	8a e1       	ldi	r24, 0x1A	; 26
     9e2:	8a 95       	dec	r24
     9e4:	f1 f7       	brne	.-4      	; 0x9e2 <i2c_start+0x1a>
     9e6:	00 c0       	rjmp	.+0      	; 0x9e8 <i2c_start+0x20>
     9e8:	82 b3       	in	r24, 0x12	; 18
     9ea:	8d 7f       	andi	r24, 0xFD	; 253
     9ec:	82 bb       	out	0x12, r24	; 18
     9ee:	81 b3       	in	r24, 0x11	; 17
     9f0:	82 60       	ori	r24, 0x02	; 2
     9f2:	81 bb       	out	0x11, r24	; 17
     9f4:	8a e1       	ldi	r24, 0x1A	; 26
     9f6:	8a 95       	dec	r24
     9f8:	f1 f7       	brne	.-4      	; 0x9f6 <i2c_start+0x2e>
     9fa:	00 c0       	rjmp	.+0      	; 0x9fc <i2c_start+0x34>
     9fc:	82 b3       	in	r24, 0x12	; 18
     9fe:	8e 7f       	andi	r24, 0xFE	; 254
     a00:	82 bb       	out	0x12, r24	; 18
     a02:	81 b3       	in	r24, 0x11	; 17
     a04:	81 60       	ori	r24, 0x01	; 1
     a06:	81 bb       	out	0x11, r24	; 17
     a08:	8a e1       	ldi	r24, 0x1A	; 26
     a0a:	8a 95       	dec	r24
     a0c:	f1 f7       	brne	.-4      	; 0xa0a <i2c_start+0x42>
     a0e:	00 c0       	rjmp	.+0      	; 0xa10 <i2c_start+0x48>
     a10:	08 95       	ret

00000a12 <i2c_stop>:
     a12:	82 b3       	in	r24, 0x12	; 18
     a14:	8d 7f       	andi	r24, 0xFD	; 253
     a16:	82 bb       	out	0x12, r24	; 18
     a18:	81 b3       	in	r24, 0x11	; 17
     a1a:	82 60       	ori	r24, 0x02	; 2
     a1c:	81 bb       	out	0x11, r24	; 17
     a1e:	8a e1       	ldi	r24, 0x1A	; 26
     a20:	8a 95       	dec	r24
     a22:	f1 f7       	brne	.-4      	; 0xa20 <i2c_stop+0xe>
     a24:	00 c0       	rjmp	.+0      	; 0xa26 <i2c_stop+0x14>
     a26:	81 b3       	in	r24, 0x11	; 17
     a28:	8e 7f       	andi	r24, 0xFE	; 254
     a2a:	81 bb       	out	0x11, r24	; 17
     a2c:	8a e1       	ldi	r24, 0x1A	; 26
     a2e:	8a 95       	dec	r24
     a30:	f1 f7       	brne	.-4      	; 0xa2e <i2c_stop+0x1c>
     a32:	00 c0       	rjmp	.+0      	; 0xa34 <i2c_stop+0x22>
     a34:	81 b3       	in	r24, 0x11	; 17
     a36:	8d 7f       	andi	r24, 0xFD	; 253
     a38:	81 bb       	out	0x11, r24	; 17
     a3a:	8a e1       	ldi	r24, 0x1A	; 26
     a3c:	8a 95       	dec	r24
     a3e:	f1 f7       	brne	.-4      	; 0xa3c <i2c_stop+0x2a>
     a40:	00 c0       	rjmp	.+0      	; 0xa42 <i2c_stop+0x30>
     a42:	08 95       	ret

00000a44 <i2c_tx>:
     a44:	40 e0       	ldi	r20, 0x00	; 0
     a46:	50 e0       	ldi	r21, 0x00	; 0
     a48:	2f c0       	rjmp	.+94     	; 0xaa8 <i2c_tx+0x64>
     a4a:	20 e8       	ldi	r18, 0x80	; 128
     a4c:	30 e0       	ldi	r19, 0x00	; 0
     a4e:	04 2e       	mov	r0, r20
     a50:	02 c0       	rjmp	.+4      	; 0xa56 <i2c_tx+0x12>
     a52:	35 95       	asr	r19
     a54:	27 95       	ror	r18
     a56:	0a 94       	dec	r0
     a58:	e2 f7       	brpl	.-8      	; 0xa52 <i2c_tx+0xe>
     a5a:	68 2f       	mov	r22, r24
     a5c:	70 e0       	ldi	r23, 0x00	; 0
     a5e:	26 23       	and	r18, r22
     a60:	37 23       	and	r19, r23
     a62:	23 2b       	or	r18, r19
     a64:	21 f0       	breq	.+8      	; 0xa6e <i2c_tx+0x2a>
     a66:	91 b3       	in	r25, 0x11	; 17
     a68:	9d 7f       	andi	r25, 0xFD	; 253
     a6a:	91 bb       	out	0x11, r25	; 17
     a6c:	06 c0       	rjmp	.+12     	; 0xa7a <i2c_tx+0x36>
     a6e:	92 b3       	in	r25, 0x12	; 18
     a70:	9d 7f       	andi	r25, 0xFD	; 253
     a72:	92 bb       	out	0x12, r25	; 18
     a74:	91 b3       	in	r25, 0x11	; 17
     a76:	92 60       	ori	r25, 0x02	; 2
     a78:	91 bb       	out	0x11, r25	; 17
     a7a:	9a e1       	ldi	r25, 0x1A	; 26
     a7c:	9a 95       	dec	r25
     a7e:	f1 f7       	brne	.-4      	; 0xa7c <i2c_tx+0x38>
     a80:	00 c0       	rjmp	.+0      	; 0xa82 <i2c_tx+0x3e>
     a82:	91 b3       	in	r25, 0x11	; 17
     a84:	9e 7f       	andi	r25, 0xFE	; 254
     a86:	91 bb       	out	0x11, r25	; 17
     a88:	9a e1       	ldi	r25, 0x1A	; 26
     a8a:	9a 95       	dec	r25
     a8c:	f1 f7       	brne	.-4      	; 0xa8a <i2c_tx+0x46>
     a8e:	00 c0       	rjmp	.+0      	; 0xa90 <i2c_tx+0x4c>
     a90:	92 b3       	in	r25, 0x12	; 18
     a92:	9e 7f       	andi	r25, 0xFE	; 254
     a94:	92 bb       	out	0x12, r25	; 18
     a96:	91 b3       	in	r25, 0x11	; 17
     a98:	91 60       	ori	r25, 0x01	; 1
     a9a:	91 bb       	out	0x11, r25	; 17
     a9c:	9a e1       	ldi	r25, 0x1A	; 26
     a9e:	9a 95       	dec	r25
     aa0:	f1 f7       	brne	.-4      	; 0xa9e <i2c_tx+0x5a>
     aa2:	00 c0       	rjmp	.+0      	; 0xaa4 <i2c_tx+0x60>
     aa4:	4f 5f       	subi	r20, 0xFF	; 255
     aa6:	5f 4f       	sbci	r21, 0xFF	; 255
     aa8:	48 30       	cpi	r20, 0x08	; 8
     aaa:	51 05       	cpc	r21, r1
     aac:	74 f2       	brlt	.-100    	; 0xa4a <i2c_tx+0x6>
     aae:	81 b3       	in	r24, 0x11	; 17
     ab0:	8d 7f       	andi	r24, 0xFD	; 253
     ab2:	81 bb       	out	0x11, r24	; 17
     ab4:	8a e1       	ldi	r24, 0x1A	; 26
     ab6:	8a 95       	dec	r24
     ab8:	f1 f7       	brne	.-4      	; 0xab6 <i2c_tx+0x72>
     aba:	00 c0       	rjmp	.+0      	; 0xabc <i2c_tx+0x78>
     abc:	81 b3       	in	r24, 0x11	; 17
     abe:	8e 7f       	andi	r24, 0xFE	; 254
     ac0:	81 bb       	out	0x11, r24	; 17
     ac2:	9a e1       	ldi	r25, 0x1A	; 26
     ac4:	9a 95       	dec	r25
     ac6:	f1 f7       	brne	.-4      	; 0xac4 <i2c_tx+0x80>
     ac8:	00 c0       	rjmp	.+0      	; 0xaca <i2c_tx+0x86>
     aca:	82 b3       	in	r24, 0x12	; 18
     acc:	8e 7f       	andi	r24, 0xFE	; 254
     ace:	82 bb       	out	0x12, r24	; 18
     ad0:	81 b3       	in	r24, 0x11	; 17
     ad2:	81 60       	ori	r24, 0x01	; 1
     ad4:	81 bb       	out	0x11, r24	; 17
     ad6:	8a e1       	ldi	r24, 0x1A	; 26
     ad8:	8a 95       	dec	r24
     ada:	f1 f7       	brne	.-4      	; 0xad8 <i2c_tx+0x94>
     adc:	00 c0       	rjmp	.+0      	; 0xade <i2c_tx+0x9a>
     ade:	08 95       	ret

00000ae0 <write_ds1307>:
     ae0:	cf 93       	push	r28
     ae2:	df 93       	push	r29
     ae4:	d8 2f       	mov	r29, r24
     ae6:	c6 2f       	mov	r28, r22
     ae8:	6f df       	rcall	.-290    	; 0x9c8 <i2c_start>
     aea:	80 ed       	ldi	r24, 0xD0	; 208
     aec:	ab df       	rcall	.-170    	; 0xa44 <i2c_tx>
     aee:	8d 2f       	mov	r24, r29
     af0:	a9 df       	rcall	.-174    	; 0xa44 <i2c_tx>
     af2:	8c 2f       	mov	r24, r28
     af4:	4b df       	rcall	.-362    	; 0x98c <dec2bcd>
     af6:	a6 df       	rcall	.-180    	; 0xa44 <i2c_tx>
     af8:	8c df       	rcall	.-232    	; 0xa12 <i2c_stop>
     afa:	df 91       	pop	r29
     afc:	cf 91       	pop	r28
     afe:	08 95       	ret

00000b00 <init_ds1307>:
     b00:	cf 93       	push	r28
     b02:	df 93       	push	r29
     b04:	c9 ef       	ldi	r28, 0xF9	; 249
     b06:	d2 e0       	ldi	r29, 0x02	; 2
     b08:	68 81       	ld	r22, Y
     b0a:	80 e0       	ldi	r24, 0x00	; 0
     b0c:	e9 df       	rcall	.-46     	; 0xae0 <write_ds1307>
     b0e:	69 81       	ldd	r22, Y+1	; 0x01
     b10:	81 e0       	ldi	r24, 0x01	; 1
     b12:	e6 df       	rcall	.-52     	; 0xae0 <write_ds1307>
     b14:	6a 81       	ldd	r22, Y+2	; 0x02
     b16:	82 e0       	ldi	r24, 0x02	; 2
     b18:	e3 df       	rcall	.-58     	; 0xae0 <write_ds1307>
     b1a:	6b 81       	ldd	r22, Y+3	; 0x03
     b1c:	83 e0       	ldi	r24, 0x03	; 3
     b1e:	e0 df       	rcall	.-64     	; 0xae0 <write_ds1307>
     b20:	6c 81       	ldd	r22, Y+4	; 0x04
     b22:	84 e0       	ldi	r24, 0x04	; 4
     b24:	dd df       	rcall	.-70     	; 0xae0 <write_ds1307>
     b26:	6d 81       	ldd	r22, Y+5	; 0x05
     b28:	85 e0       	ldi	r24, 0x05	; 5
     b2a:	da df       	rcall	.-76     	; 0xae0 <write_ds1307>
     b2c:	6e 81       	ldd	r22, Y+6	; 0x06
     b2e:	86 e0       	ldi	r24, 0x06	; 6
     b30:	d7 df       	rcall	.-82     	; 0xae0 <write_ds1307>
     b32:	df 91       	pop	r29
     b34:	cf 91       	pop	r28
     b36:	08 95       	ret

00000b38 <i2c_rx>:
     b38:	68 2f       	mov	r22, r24
     b3a:	91 b3       	in	r25, 0x11	; 17
     b3c:	9d 7f       	andi	r25, 0xFD	; 253
     b3e:	91 bb       	out	0x11, r25	; 17
     b40:	20 e0       	ldi	r18, 0x00	; 0
     b42:	30 e0       	ldi	r19, 0x00	; 0
     b44:	80 e0       	ldi	r24, 0x00	; 0
     b46:	1e c0       	rjmp	.+60     	; 0xb84 <i2c_rx+0x4c>
     b48:	9a e1       	ldi	r25, 0x1A	; 26
     b4a:	9a 95       	dec	r25
     b4c:	f1 f7       	brne	.-4      	; 0xb4a <i2c_rx+0x12>
     b4e:	00 c0       	rjmp	.+0      	; 0xb50 <i2c_rx+0x18>
     b50:	91 b3       	in	r25, 0x11	; 17
     b52:	9e 7f       	andi	r25, 0xFE	; 254
     b54:	91 bb       	out	0x11, r25	; 17
     b56:	9a e1       	ldi	r25, 0x1A	; 26
     b58:	9a 95       	dec	r25
     b5a:	f1 f7       	brne	.-4      	; 0xb58 <i2c_rx+0x20>
     b5c:	00 c0       	rjmp	.+0      	; 0xb5e <i2c_rx+0x26>
     b5e:	81 9b       	sbis	0x10, 1	; 16
     b60:	09 c0       	rjmp	.+18     	; 0xb74 <i2c_rx+0x3c>
     b62:	40 e8       	ldi	r20, 0x80	; 128
     b64:	50 e0       	ldi	r21, 0x00	; 0
     b66:	02 2e       	mov	r0, r18
     b68:	02 c0       	rjmp	.+4      	; 0xb6e <i2c_rx+0x36>
     b6a:	55 95       	asr	r21
     b6c:	47 95       	ror	r20
     b6e:	0a 94       	dec	r0
     b70:	e2 f7       	brpl	.-8      	; 0xb6a <i2c_rx+0x32>
     b72:	84 2b       	or	r24, r20
     b74:	92 b3       	in	r25, 0x12	; 18
     b76:	9e 7f       	andi	r25, 0xFE	; 254
     b78:	92 bb       	out	0x12, r25	; 18
     b7a:	91 b3       	in	r25, 0x11	; 17
     b7c:	91 60       	ori	r25, 0x01	; 1
     b7e:	91 bb       	out	0x11, r25	; 17
     b80:	2f 5f       	subi	r18, 0xFF	; 255
     b82:	3f 4f       	sbci	r19, 0xFF	; 255
     b84:	28 30       	cpi	r18, 0x08	; 8
     b86:	31 05       	cpc	r19, r1
     b88:	fc f2       	brlt	.-66     	; 0xb48 <i2c_rx+0x10>
     b8a:	66 23       	and	r22, r22
     b8c:	39 f0       	breq	.+14     	; 0xb9c <i2c_rx+0x64>
     b8e:	92 b3       	in	r25, 0x12	; 18
     b90:	9d 7f       	andi	r25, 0xFD	; 253
     b92:	92 bb       	out	0x12, r25	; 18
     b94:	91 b3       	in	r25, 0x11	; 17
     b96:	92 60       	ori	r25, 0x02	; 2
     b98:	91 bb       	out	0x11, r25	; 17
     b9a:	03 c0       	rjmp	.+6      	; 0xba2 <i2c_rx+0x6a>
     b9c:	91 b3       	in	r25, 0x11	; 17
     b9e:	9d 7f       	andi	r25, 0xFD	; 253
     ba0:	91 bb       	out	0x11, r25	; 17
     ba2:	9a e1       	ldi	r25, 0x1A	; 26
     ba4:	9a 95       	dec	r25
     ba6:	f1 f7       	brne	.-4      	; 0xba4 <i2c_rx+0x6c>
     ba8:	00 c0       	rjmp	.+0      	; 0xbaa <i2c_rx+0x72>
     baa:	91 b3       	in	r25, 0x11	; 17
     bac:	9e 7f       	andi	r25, 0xFE	; 254
     bae:	91 bb       	out	0x11, r25	; 17
     bb0:	9a e1       	ldi	r25, 0x1A	; 26
     bb2:	9a 95       	dec	r25
     bb4:	f1 f7       	brne	.-4      	; 0xbb2 <i2c_rx+0x7a>
     bb6:	00 c0       	rjmp	.+0      	; 0xbb8 <i2c_rx+0x80>
     bb8:	92 b3       	in	r25, 0x12	; 18
     bba:	9e 7f       	andi	r25, 0xFE	; 254
     bbc:	92 bb       	out	0x12, r25	; 18
     bbe:	91 b3       	in	r25, 0x11	; 17
     bc0:	91 60       	ori	r25, 0x01	; 1
     bc2:	91 bb       	out	0x11, r25	; 17
     bc4:	9a e1       	ldi	r25, 0x1A	; 26
     bc6:	9a 95       	dec	r25
     bc8:	f1 f7       	brne	.-4      	; 0xbc6 <i2c_rx+0x8e>
     bca:	00 c0       	rjmp	.+0      	; 0xbcc <i2c_rx+0x94>
     bcc:	91 b3       	in	r25, 0x11	; 17
     bce:	9d 7f       	andi	r25, 0xFD	; 253
     bd0:	91 bb       	out	0x11, r25	; 17
     bd2:	08 95       	ret

00000bd4 <read_burst_ds1307>:
     bd4:	ff 92       	push	r15
     bd6:	0f 93       	push	r16
     bd8:	1f 93       	push	r17
     bda:	cf 93       	push	r28
     bdc:	df 93       	push	r29
     bde:	cd b7       	in	r28, 0x3d	; 61
     be0:	de b7       	in	r29, 0x3e	; 62
     be2:	27 97       	sbiw	r28, 0x07	; 7
     be4:	0f b6       	in	r0, 0x3f	; 63
     be6:	f8 94       	cli
     be8:	de bf       	out	0x3e, r29	; 62
     bea:	0f be       	out	0x3f, r0	; 63
     bec:	cd bf       	out	0x3d, r28	; 61
     bee:	ec de       	rcall	.-552    	; 0x9c8 <i2c_start>
     bf0:	80 ed       	ldi	r24, 0xD0	; 208
     bf2:	28 df       	rcall	.-432    	; 0xa44 <i2c_tx>
     bf4:	80 e0       	ldi	r24, 0x00	; 0
     bf6:	26 df       	rcall	.-436    	; 0xa44 <i2c_tx>
     bf8:	e7 de       	rcall	.-562    	; 0x9c8 <i2c_start>
     bfa:	81 ed       	ldi	r24, 0xD1	; 209
     bfc:	23 df       	rcall	.-442    	; 0xa44 <i2c_tx>
     bfe:	00 e0       	ldi	r16, 0x00	; 0
     c00:	10 e0       	ldi	r17, 0x00	; 0
     c02:	0b c0       	rjmp	.+22     	; 0xc1a <read_burst_ds1307+0x46>
     c04:	81 e0       	ldi	r24, 0x01	; 1
     c06:	98 df       	rcall	.-208    	; 0xb38 <i2c_rx>
     c08:	e1 e0       	ldi	r30, 0x01	; 1
     c0a:	f0 e0       	ldi	r31, 0x00	; 0
     c0c:	ec 0f       	add	r30, r28
     c0e:	fd 1f       	adc	r31, r29
     c10:	e0 0f       	add	r30, r16
     c12:	f1 1f       	adc	r31, r17
     c14:	80 83       	st	Z, r24
     c16:	0f 5f       	subi	r16, 0xFF	; 255
     c18:	1f 4f       	sbci	r17, 0xFF	; 255
     c1a:	06 30       	cpi	r16, 0x06	; 6
     c1c:	11 05       	cpc	r17, r1
     c1e:	94 f3       	brlt	.-28     	; 0xc04 <read_burst_ds1307+0x30>
     c20:	80 e0       	ldi	r24, 0x00	; 0
     c22:	8a df       	rcall	.-236    	; 0xb38 <i2c_rx>
     c24:	f8 2e       	mov	r15, r24
     c26:	f5 de       	rcall	.-534    	; 0xa12 <i2c_stop>
     c28:	89 81       	ldd	r24, Y+1	; 0x01
     c2a:	8f 77       	andi	r24, 0x7F	; 127
     c2c:	c2 de       	rcall	.-636    	; 0x9b2 <bcd2dec>
     c2e:	09 ef       	ldi	r16, 0xF9	; 249
     c30:	12 e0       	ldi	r17, 0x02	; 2
     c32:	f8 01       	movw	r30, r16
     c34:	80 83       	st	Z, r24
     c36:	8a 81       	ldd	r24, Y+2	; 0x02
     c38:	bc de       	rcall	.-648    	; 0x9b2 <bcd2dec>
     c3a:	f8 01       	movw	r30, r16
     c3c:	81 83       	std	Z+1, r24	; 0x01
     c3e:	8b 81       	ldd	r24, Y+3	; 0x03
     c40:	8f 73       	andi	r24, 0x3F	; 63
     c42:	b7 de       	rcall	.-658    	; 0x9b2 <bcd2dec>
     c44:	f8 01       	movw	r30, r16
     c46:	82 83       	std	Z+2, r24	; 0x02
     c48:	8c 81       	ldd	r24, Y+4	; 0x04
     c4a:	b3 de       	rcall	.-666    	; 0x9b2 <bcd2dec>
     c4c:	f8 01       	movw	r30, r16
     c4e:	83 83       	std	Z+3, r24	; 0x03
     c50:	8d 81       	ldd	r24, Y+5	; 0x05
     c52:	af de       	rcall	.-674    	; 0x9b2 <bcd2dec>
     c54:	f8 01       	movw	r30, r16
     c56:	84 83       	std	Z+4, r24	; 0x04
     c58:	8e 81       	ldd	r24, Y+6	; 0x06
     c5a:	ab de       	rcall	.-682    	; 0x9b2 <bcd2dec>
     c5c:	f8 01       	movw	r30, r16
     c5e:	85 83       	std	Z+5, r24	; 0x05
     c60:	8f 2d       	mov	r24, r15
     c62:	a7 de       	rcall	.-690    	; 0x9b2 <bcd2dec>
     c64:	f8 01       	movw	r30, r16
     c66:	86 83       	std	Z+6, r24	; 0x06
     c68:	27 96       	adiw	r28, 0x07	; 7
     c6a:	0f b6       	in	r0, 0x3f	; 63
     c6c:	f8 94       	cli
     c6e:	de bf       	out	0x3e, r29	; 62
     c70:	0f be       	out	0x3f, r0	; 63
     c72:	cd bf       	out	0x3d, r28	; 61
     c74:	df 91       	pop	r29
     c76:	cf 91       	pop	r28
     c78:	1f 91       	pop	r17
     c7a:	0f 91       	pop	r16
     c7c:	ff 90       	pop	r15
     c7e:	08 95       	ret

00000c80 <init_ddr_ds1307>:
}

void init_ddr_ds1307(void)
{
	// 처음 초기화는 내부 풀업 저항만 사용하도록 둘 다 입력 모드로 세팅
	DS1307_SCL_DDR &= ~((1 << DS1307_SCL) | (1 << DS1307_SDA));
     c80:	81 b3       	in	r24, 0x11	; 17
     c82:	8c 7f       	andi	r24, 0xFC	; 252
     c84:	81 bb       	out	0x11, r24	; 17
     c86:	08 95       	ret

00000c88 <init_gpio_ds1307>:
}

void init_gpio_ds1307(void)
{
	// 입력 모드 상태에서 PORT 레지스터를 1로 하면 '강제 내부 풀업' 활성화
	DS1307_SCL_PORT |= (1 << DS1307_SCL);
     c88:	82 b3       	in	r24, 0x12	; 18
     c8a:	81 60       	ori	r24, 0x01	; 1
     c8c:	82 bb       	out	0x12, r24	; 18
	DS1307_SDA_PORT |= (1 << DS1307_SDA);
     c8e:	82 b3       	in	r24, 0x12	; 18
     c90:	82 60       	ori	r24, 0x02	; 2
     c92:	82 bb       	out	0x12, r24	; 18
     c94:	8f e1       	ldi	r24, 0x1F	; 31
     c96:	9e e4       	ldi	r25, 0x4E	; 78
     c98:	01 97       	sbiw	r24, 0x01	; 1
     c9a:	f1 f7       	brne	.-4      	; 0xc98 <init_gpio_ds1307+0x10>
     c9c:	00 c0       	rjmp	.+0      	; 0xc9e <init_gpio_ds1307+0x16>
     c9e:	00 00       	nop
     ca0:	08 95       	ret

00000ca2 <init_data_time>:
	_delay_ms(5);
}

void init_data_time(void)
{
	ds1307.year = 26;
     ca2:	e9 ef       	ldi	r30, 0xF9	; 249
     ca4:	f2 e0       	ldi	r31, 0x02	; 2
     ca6:	8a e1       	ldi	r24, 0x1A	; 26
     ca8:	86 83       	std	Z+6, r24	; 0x06
	ds1307.month = 07;
     caa:	87 e0       	ldi	r24, 0x07	; 7
     cac:	85 83       	std	Z+5, r24	; 0x05
	ds1307.date = 02;
     cae:	82 e0       	ldi	r24, 0x02	; 2
     cb0:	84 83       	std	Z+4, r24	; 0x04
	ds1307.dayofweek = 6;  
     cb2:	86 e0       	ldi	r24, 0x06	; 6
     cb4:	83 83       	std	Z+3, r24	; 0x03
	ds1307.hour = 15;
     cb6:	8f e0       	ldi	r24, 0x0F	; 15
     cb8:	82 83       	std	Z+2, r24	; 0x02
	ds1307.minutes = 20;
     cba:	84 e1       	ldi	r24, 0x14	; 20
     cbc:	81 83       	std	Z+1, r24	; 0x01
	ds1307.seconds = 00;
     cbe:	10 82       	st	Z, r1
     cc0:	08 95       	ret

00000cc2 <init_keypad>:
uint8_t get_button_k(int row, int col);
uint8_t keypad_scan(void);

void init_keypad(void)
{
	KEYPAD_DDR = 0x0f; // row:입력  col : 출력
     cc2:	8f e0       	ldi	r24, 0x0F	; 15
     cc4:	8a bb       	out	0x1a, r24	; 26
	KEYPAD_PORT = 0xff;
     cc6:	8f ef       	ldi	r24, 0xFF	; 255
     cc8:	8b bb       	out	0x1b, r24	; 27
	BUZZER_DDR |= (1 << BUZZER_PIN);
     cca:	e4 e6       	ldi	r30, 0x64	; 100
     ccc:	f0 e0       	ldi	r31, 0x00	; 0
     cce:	80 81       	ld	r24, Z
     cd0:	84 60       	ori	r24, 0x04	; 4
     cd2:	80 83       	st	Z, r24
     cd4:	08 95       	ret

00000cd6 <get_button_k>:
		}
	}
}

uint8_t get_button_k(int row, int col)
{
     cd6:	1f 93       	push	r17
     cd8:	cf 93       	push	r28
     cda:	df 93       	push	r29
     cdc:	cd b7       	in	r28, 0x3d	; 61
     cde:	de b7       	in	r29, 0x3e	; 62
     ce0:	60 97       	sbiw	r28, 0x10	; 16
     ce2:	0f b6       	in	r0, 0x3f	; 63
     ce4:	f8 94       	cli
     ce6:	de bf       	out	0x3e, r29	; 62
     ce8:	0f be       	out	0x3f, r0	; 63
     cea:	cd bf       	out	0x3d, r28	; 61
		{'*', '6', '5', '4'},
		{'/', '9', '8', '7'},
		{'-', '3', '2', '1'}
	};
#else
	uint8_t keypad_char[4][4] = {
     cec:	fe 01       	movw	r30, r28
     cee:	31 96       	adiw	r30, 0x01	; 1
     cf0:	20 e1       	ldi	r18, 0x10	; 16
     cf2:	df 01       	movw	r26, r30
     cf4:	1d 92       	st	X+, r1
     cf6:	2a 95       	dec	r18
     cf8:	e9 f7       	brne	.-6      	; 0xcf4 <get_button_k+0x1e>
     cfa:	20 e3       	ldi	r18, 0x30	; 48
     cfc:	29 83       	std	Y+1, r18	; 0x01
     cfe:	2d e3       	ldi	r18, 0x3D	; 61
     d00:	2a 83       	std	Y+2, r18	; 0x02
     d02:	2b e2       	ldi	r18, 0x2B	; 43
     d04:	2b 83       	std	Y+3, r18	; 0x03
     d06:	24 e3       	ldi	r18, 0x34	; 52
     d08:	2d 83       	std	Y+5, r18	; 0x05
     d0a:	25 e3       	ldi	r18, 0x35	; 53
     d0c:	2e 83       	std	Y+6, r18	; 0x06
     d0e:	26 e3       	ldi	r18, 0x36	; 54
     d10:	2f 83       	std	Y+7, r18	; 0x07
     d12:	2a e2       	ldi	r18, 0x2A	; 42
     d14:	28 87       	std	Y+8, r18	; 0x08
     d16:	27 e3       	ldi	r18, 0x37	; 55
     d18:	29 87       	std	Y+9, r18	; 0x09
     d1a:	28 e3       	ldi	r18, 0x38	; 56
     d1c:	2a 87       	std	Y+10, r18	; 0x0a
     d1e:	29 e3       	ldi	r18, 0x39	; 57
     d20:	2b 87       	std	Y+11, r18	; 0x0b
     d22:	2d e2       	ldi	r18, 0x2D	; 45
     d24:	2c 87       	std	Y+12, r18	; 0x0c
     d26:	21 e3       	ldi	r18, 0x31	; 49
     d28:	2d 87       	std	Y+13, r18	; 0x0d
     d2a:	22 e3       	ldi	r18, 0x32	; 50
     d2c:	2e 87       	std	Y+14, r18	; 0x0e
     d2e:	23 e3       	ldi	r18, 0x33	; 51
     d30:	2f 87       	std	Y+15, r18	; 0x0f
     d32:	2f e2       	ldi	r18, 0x2F	; 47
     d34:	28 8b       	std	Y+16, r18	; 0x10
		}
	};
		
		int8_t current_state = 1;
		
		KEYPAD_PORT = 0xff;
     d36:	2f ef       	ldi	r18, 0xFF	; 255
     d38:	2b bb       	out	0x1b, r18	; 27
		KEYPAD_PORT &= ~(1 << 3 - col); //3-col : COL4가 PA0에 연결되어있기 때문에 
     d3a:	4b b3       	in	r20, 0x1b	; 27
     d3c:	e3 e0       	ldi	r30, 0x03	; 3
     d3e:	f0 e0       	ldi	r31, 0x00	; 0
     d40:	e6 1b       	sub	r30, r22
     d42:	f7 0b       	sbc	r31, r23
     d44:	21 e0       	ldi	r18, 0x01	; 1
     d46:	30 e0       	ldi	r19, 0x00	; 0
     d48:	02 c0       	rjmp	.+4      	; 0xd4e <get_button_k+0x78>
     d4a:	22 0f       	add	r18, r18
     d4c:	33 1f       	adc	r19, r19
     d4e:	ea 95       	dec	r30
     d50:	e2 f7       	brpl	.-8      	; 0xd4a <get_button_k+0x74>
     d52:	20 95       	com	r18
     d54:	24 23       	and	r18, r20
     d56:	2b bb       	out	0x1b, r18	; 27
		//KEYPAD_PORT &= ~(1 << col); //해당 col에 전류를 흘린다.
		
		for(int delay = 0; delay < 20; delay++);//keypad check를 위한 delay
     d58:	20 e0       	ldi	r18, 0x00	; 0
     d5a:	30 e0       	ldi	r19, 0x00	; 0
     d5c:	02 c0       	rjmp	.+4      	; 0xd62 <get_button_k+0x8c>
     d5e:	2f 5f       	subi	r18, 0xFF	; 255
     d60:	3f 4f       	sbci	r19, 0xFF	; 255
     d62:	24 31       	cpi	r18, 0x14	; 20
     d64:	31 05       	cpc	r19, r1
     d66:	dc f3       	brlt	.-10     	; 0xd5e <get_button_k+0x88>
												// 0.625us x 20 = 1.25us
		current_state = (KEYPAD_PIN & (1 << (row + 4))) >> (row + 4);
     d68:	49 b3       	in	r20, 0x19	; 25
     d6a:	fc 01       	movw	r30, r24
     d6c:	34 96       	adiw	r30, 0x04	; 4
     d6e:	21 e0       	ldi	r18, 0x01	; 1
     d70:	30 e0       	ldi	r19, 0x00	; 0
     d72:	0e 2e       	mov	r0, r30
     d74:	02 c0       	rjmp	.+4      	; 0xd7a <get_button_k+0xa4>
     d76:	22 0f       	add	r18, r18
     d78:	33 1f       	adc	r19, r19
     d7a:	0a 94       	dec	r0
     d7c:	e2 f7       	brpl	.-8      	; 0xd76 <get_button_k+0xa0>
     d7e:	50 e0       	ldi	r21, 0x00	; 0
     d80:	24 23       	and	r18, r20
     d82:	35 23       	and	r19, r21
     d84:	02 c0       	rjmp	.+4      	; 0xd8a <get_button_k+0xb4>
     d86:	35 95       	asr	r19
     d88:	27 95       	ror	r18
     d8a:	ea 95       	dec	r30
     d8c:	e2 f7       	brpl	.-8      	; 0xd86 <get_button_k+0xb0>
		
		//ex row:0 PA4에 연결
		//76543210
		//11101111 KEYPAD_PIN & (1 << (row + 4))
		//00001110 >> (row+4)
	if ( current_state == 0 && prev_state [row][col] == 1)  //처음 눌러진 상태
     d8e:	21 11       	cpse	r18, r1
     d90:	18 c0       	rjmp	.+48     	; 0xdc2 <get_button_k+0xec>
     d92:	fc 01       	movw	r30, r24
     d94:	ee 0f       	add	r30, r30
     d96:	ff 1f       	adc	r31, r31
     d98:	ee 0f       	add	r30, r30
     d9a:	ff 1f       	adc	r31, r31
     d9c:	e0 50       	subi	r30, 0x00	; 0
     d9e:	ff 4f       	sbci	r31, 0xFF	; 255
     da0:	e6 0f       	add	r30, r22
     da2:	f7 1f       	adc	r31, r23
     da4:	30 81       	ld	r19, Z
     da6:	31 30       	cpi	r19, 0x01	; 1
     da8:	61 f4       	brne	.+24     	; 0xdc2 <get_button_k+0xec>
	{
		prev_state [row][col] = 0; 
     daa:	88 0f       	add	r24, r24
     dac:	99 1f       	adc	r25, r25
     dae:	88 0f       	add	r24, r24
     db0:	99 1f       	adc	r25, r25
     db2:	80 50       	subi	r24, 0x00	; 0
     db4:	9f 4f       	sbci	r25, 0xFF	; 255
     db6:	fc 01       	movw	r30, r24
     db8:	e6 0f       	add	r30, r22
     dba:	f7 1f       	adc	r31, r23
     dbc:	10 82       	st	Z, r1
		return 0;
     dbe:	10 e0       	ldi	r17, 0x00	; 0
     dc0:	32 c0       	rjmp	.+100    	; 0xe26 <get_button_k+0x150>
	} 
	else if(current_state == 1 && prev_state [row][col] == 0)
     dc2:	21 30       	cpi	r18, 0x01	; 1
     dc4:	69 f5       	brne	.+90     	; 0xe20 <get_button_k+0x14a>
     dc6:	fc 01       	movw	r30, r24
     dc8:	ee 0f       	add	r30, r30
     dca:	ff 1f       	adc	r31, r31
     dcc:	ee 0f       	add	r30, r30
     dce:	ff 1f       	adc	r31, r31
     dd0:	e0 50       	subi	r30, 0x00	; 0
     dd2:	ff 4f       	sbci	r31, 0xFF	; 255
     dd4:	e6 0f       	add	r30, r22
     dd6:	f7 1f       	adc	r31, r23
     dd8:	20 81       	ld	r18, Z
     dda:	21 11       	cpse	r18, r1
     ddc:	23 c0       	rjmp	.+70     	; 0xe24 <get_button_k+0x14e>
	{ //이전에 버튼이 눌려지고 버튼을 뗀 상태이면 버튼을 1번 눌렀다 뗀것으로 인정
		prev_state [row][col] = 1; //prev_state를 초기화 
     dde:	88 0f       	add	r24, r24
     de0:	99 1f       	adc	r25, r25
     de2:	88 0f       	add	r24, r24
     de4:	99 1f       	adc	r25, r25
     de6:	fc 01       	movw	r30, r24
     de8:	e0 50       	subi	r30, 0x00	; 0
     dea:	ff 4f       	sbci	r31, 0xFF	; 255
     dec:	e6 0f       	add	r30, r22
     dee:	f7 1f       	adc	r31, r23
     df0:	21 e0       	ldi	r18, 0x01	; 1
     df2:	20 83       	st	Z, r18
		printf("key : %c\n",  keypad_char[row][col]);
     df4:	21 e0       	ldi	r18, 0x01	; 1
     df6:	30 e0       	ldi	r19, 0x00	; 0
     df8:	2c 0f       	add	r18, r28
     dfa:	3d 1f       	adc	r19, r29
     dfc:	82 0f       	add	r24, r18
     dfe:	93 1f       	adc	r25, r19
     e00:	fc 01       	movw	r30, r24
     e02:	e6 0f       	add	r30, r22
     e04:	f7 1f       	adc	r31, r23
     e06:	10 81       	ld	r17, Z
     e08:	1f 92       	push	r1
     e0a:	1f 93       	push	r17
     e0c:	8f e0       	ldi	r24, 0x0F	; 15
     e0e:	92 e0       	ldi	r25, 0x02	; 2
     e10:	9f 93       	push	r25
     e12:	8f 93       	push	r24
     e14:	6c d5       	rcall	.+2776   	; 0x18ee <printf>
		return keypad_char[row][col];
     e16:	0f 90       	pop	r0
     e18:	0f 90       	pop	r0
     e1a:	0f 90       	pop	r0
     e1c:	0f 90       	pop	r0
     e1e:	03 c0       	rjmp	.+6      	; 0xe26 <get_button_k+0x150>
	}
	
	return 0;
     e20:	10 e0       	ldi	r17, 0x00	; 0
     e22:	01 c0       	rjmp	.+2      	; 0xe26 <get_button_k+0x150>
     e24:	10 e0       	ldi	r17, 0x00	; 0
}
     e26:	81 2f       	mov	r24, r17
     e28:	60 96       	adiw	r28, 0x10	; 16
     e2a:	0f b6       	in	r0, 0x3f	; 63
     e2c:	f8 94       	cli
     e2e:	de bf       	out	0x3e, r29	; 62
     e30:	0f be       	out	0x3f, r0	; 63
     e32:	cd bf       	out	0x3d, r28	; 61
     e34:	df 91       	pop	r29
     e36:	cf 91       	pop	r28
     e38:	1f 91       	pop	r17
     e3a:	08 95       	ret

00000e3c <keypad_scan>:
	KEYPAD_PORT = 0xff;
	BUZZER_DDR |= (1 << BUZZER_PIN);
}

uint8_t keypad_scan(void)
{
     e3c:	0f 93       	push	r16
     e3e:	1f 93       	push	r17
     e40:	cf 93       	push	r28
     e42:	df 93       	push	r29
	uint8_t data = 0; //key값 저장 변수
	
	for (int row = 0; row<4; row++)
     e44:	00 e0       	ldi	r16, 0x00	; 0
     e46:	10 e0       	ldi	r17, 0x00	; 0
     e48:	0e c0       	rjmp	.+28     	; 0xe66 <keypad_scan+0x2a>
	{
		for(int col = 0; col <4; col++)
		{
			data = get_button_k(row,col);
     e4a:	be 01       	movw	r22, r28
     e4c:	c8 01       	movw	r24, r16
     e4e:	43 df       	rcall	.-378    	; 0xcd6 <get_button_k>
			if(data)   //if data >= 1
     e50:	81 11       	cpse	r24, r1
     e52:	0c c0       	rjmp	.+24     	; 0xe6c <keypad_scan+0x30>
{
	uint8_t data = 0; //key값 저장 변수
	
	for (int row = 0; row<4; row++)
	{
		for(int col = 0; col <4; col++)
     e54:	21 96       	adiw	r28, 0x01	; 1
     e56:	02 c0       	rjmp	.+4      	; 0xe5c <keypad_scan+0x20>
     e58:	c0 e0       	ldi	r28, 0x00	; 0
     e5a:	d0 e0       	ldi	r29, 0x00	; 0
     e5c:	c4 30       	cpi	r28, 0x04	; 4
     e5e:	d1 05       	cpc	r29, r1
     e60:	a4 f3       	brlt	.-24     	; 0xe4a <keypad_scan+0xe>

uint8_t keypad_scan(void)
{
	uint8_t data = 0; //key값 저장 변수
	
	for (int row = 0; row<4; row++)
     e62:	0f 5f       	subi	r16, 0xFF	; 255
     e64:	1f 4f       	sbci	r17, 0xFF	; 255
     e66:	04 30       	cpi	r16, 0x04	; 4
     e68:	11 05       	cpc	r17, r1
     e6a:	b4 f3       	brlt	.-20     	; 0xe58 <keypad_scan+0x1c>
			data = get_button_k(row,col);
			if(data)   //if data >= 1
			return data;
		}
	}
}
     e6c:	df 91       	pop	r29
     e6e:	cf 91       	pop	r28
     e70:	1f 91       	pop	r17
     e72:	0f 91       	pop	r16
     e74:	08 95       	ret

00000e76 <buzzer_beep>:
	return 0;
}

void buzzer_beep(void)
{
	for(int i = 0; i < 40; i++) // 40번 반복 (소리 길이 조절 가능)
     e76:	20 e0       	ldi	r18, 0x00	; 0
     e78:	30 e0       	ldi	r19, 0x00	; 0
     e7a:	16 c0       	rjmp	.+44     	; 0xea8 <buzzer_beep+0x32>
	{
		BUZZER_PORT |= (1 << BUZZER_PIN);  // High
     e7c:	e5 e6       	ldi	r30, 0x65	; 101
     e7e:	f0 e0       	ldi	r31, 0x00	; 0
     e80:	80 81       	ld	r24, Z
     e82:	84 60       	ori	r24, 0x04	; 4
     e84:	80 83       	st	Z, r24
	#else
		//round up by default
		__ticks_dc = (uint32_t)(ceil(fabs(__tmp)));
	#endif

	__builtin_avr_delay_cycles(__ticks_dc);
     e86:	8f e3       	ldi	r24, 0x3F	; 63
     e88:	96 e0       	ldi	r25, 0x06	; 6
     e8a:	01 97       	sbiw	r24, 0x01	; 1
     e8c:	f1 f7       	brne	.-4      	; 0xe8a <buzzer_beep+0x14>
     e8e:	00 c0       	rjmp	.+0      	; 0xe90 <buzzer_beep+0x1a>
     e90:	00 00       	nop
		_delay_us(400);
		BUZZER_PORT &= ~(1 << BUZZER_PIN); // Low
     e92:	80 81       	ld	r24, Z
     e94:	8b 7f       	andi	r24, 0xFB	; 251
     e96:	80 83       	st	Z, r24
     e98:	8f e3       	ldi	r24, 0x3F	; 63
     e9a:	96 e0       	ldi	r25, 0x06	; 6
     e9c:	01 97       	sbiw	r24, 0x01	; 1
     e9e:	f1 f7       	brne	.-4      	; 0xe9c <buzzer_beep+0x26>
     ea0:	00 c0       	rjmp	.+0      	; 0xea2 <buzzer_beep+0x2c>
     ea2:	00 00       	nop
	return 0;
}

void buzzer_beep(void)
{
	for(int i = 0; i < 40; i++) // 40번 반복 (소리 길이 조절 가능)
     ea4:	2f 5f       	subi	r18, 0xFF	; 255
     ea6:	3f 4f       	sbci	r19, 0xFF	; 255
     ea8:	28 32       	cpi	r18, 0x28	; 40
     eaa:	31 05       	cpc	r19, r1
     eac:	3c f3       	brlt	.-50     	; 0xe7c <buzzer_beep+0x6>
		BUZZER_PORT |= (1 << BUZZER_PIN);  // High
		_delay_us(400);
		BUZZER_PORT &= ~(1 << BUZZER_PIN); // Low
		_delay_us(400);
	}
     eae:	08 95       	ret

00000eb0 <LCD_pulse_enable>:
    _delay_ms(2);
}

void LCD_pulse_enable(void)
{
    CTRL_PORT |= (1 << E_PIN);   // E(PB7) High
     eb0:	88 b3       	in	r24, 0x18	; 24
     eb2:	80 68       	ori	r24, 0x80	; 128
     eb4:	88 bb       	out	0x18, r24	; 24
     eb6:	8a e0       	ldi	r24, 0x0A	; 10
     eb8:	8a 95       	dec	r24
     eba:	f1 f7       	brne	.-4      	; 0xeb8 <LCD_pulse_enable+0x8>
     ebc:	00 c0       	rjmp	.+0      	; 0xebe <LCD_pulse_enable+0xe>
    _delay_us(2);                // 신호 래치를 위해 살짝 대기
    CTRL_PORT &= ~(1 << E_PIN);  // E(PB7) Low
     ebe:	88 b3       	in	r24, 0x18	; 24
     ec0:	8f 77       	andi	r24, 0x7F	; 127
     ec2:	88 bb       	out	0x18, r24	; 24
     ec4:	87 ec       	ldi	r24, 0xC7	; 199
     ec6:	90 e0       	ldi	r25, 0x00	; 0
     ec8:	01 97       	sbiw	r24, 0x01	; 1
     eca:	f1 f7       	brne	.-4      	; 0xec8 <LCD_pulse_enable+0x18>
     ecc:	00 c0       	rjmp	.+0      	; 0xece <LCD_pulse_enable+0x1e>
     ece:	00 00       	nop
     ed0:	08 95       	ret

00000ed2 <LCD_write_data>:
    _delay_us(50);               // LCD 내부 처리 대기 시간
}

void LCD_write_data(uint8_t data)
{
     ed2:	cf 93       	push	r28
     ed4:	c8 2f       	mov	r28, r24
    // 데이터 전송 모드이므로 RS(PB5) = 1 설정
    CTRL_PORT |= (1 << RS_PIN);
     ed6:	88 b3       	in	r24, 0x18	; 24
     ed8:	80 62       	ori	r24, 0x20	; 32
     eda:	88 bb       	out	0x18, r24	; 24
     edc:	35 e0       	ldi	r19, 0x05	; 5
     ede:	3a 95       	dec	r19
     ee0:	f1 f7       	brne	.-4      	; 0xede <LCD_write_data+0xc>
     ee2:	00 00       	nop
    _delay_us(1);
    
    // [상위 4비트 전송] 기존 하위 4비트(PC0~3) 상태 유지하면서 상위 4비트만 탑재
    DATA_PORT = (DATA_PORT & 0x0F) | (data & 0xF0);
     ee4:	85 b3       	in	r24, 0x15	; 21
     ee6:	8f 70       	andi	r24, 0x0F	; 15
     ee8:	9c 2f       	mov	r25, r28
     eea:	90 7f       	andi	r25, 0xF0	; 240
     eec:	89 2b       	or	r24, r25
     eee:	85 bb       	out	0x15, r24	; 21
    LCD_pulse_enable();
     ef0:	df df       	rcall	.-66     	; 0xeb0 <LCD_pulse_enable>

    // [하위 4비트 전송] 하위 4비트를 왼쪽으로 4칸 밀어서 PORTC 상위에 장착
    DATA_PORT = (DATA_PORT & 0x0F) | ((data << 4) & 0xF0);
     ef2:	25 b3       	in	r18, 0x15	; 21
     ef4:	30 e1       	ldi	r19, 0x10	; 16
     ef6:	c3 9f       	mul	r28, r19
     ef8:	c0 01       	movw	r24, r0
     efa:	11 24       	eor	r1, r1
     efc:	92 2f       	mov	r25, r18
     efe:	9f 70       	andi	r25, 0x0F	; 15
     f00:	89 2b       	or	r24, r25
    LCD_pulse_enable();
     f02:	85 bb       	out	0x15, r24	; 21
     f04:	d5 df       	rcall	.-86     	; 0xeb0 <LCD_pulse_enable>
	#else
		//round up by default
		__ticks_dc = (uint32_t)(ceil(fabs(__tmp)));
	#endif

	__builtin_avr_delay_cycles(__ticks_dc);
     f06:	8f e3       	ldi	r24, 0x3F	; 63
     f08:	9f e1       	ldi	r25, 0x1F	; 31
     f0a:	01 97       	sbiw	r24, 0x01	; 1
     f0c:	f1 f7       	brne	.-4      	; 0xf0a <LCD_write_data+0x38>
     f0e:	00 c0       	rjmp	.+0      	; 0xf10 <LCD_write_data+0x3e>
     f10:	00 00       	nop
    
    _delay_ms(2); 
}
     f12:	cf 91       	pop	r28
     f14:	08 95       	ret

00000f16 <LCD_write_command>:

void LCD_write_command(uint8_t command)
{
     f16:	cf 93       	push	r28
     f18:	c8 2f       	mov	r28, r24
    // 명령어 전송 모드이므로 RS(PB5) = 0 설정
    CTRL_PORT &= ~(1 << RS_PIN);     
     f1a:	88 b3       	in	r24, 0x18	; 24
     f1c:	8f 7d       	andi	r24, 0xDF	; 223
     f1e:	88 bb       	out	0x18, r24	; 24
	#else
		//round up by default
		__ticks_dc = (uint32_t)(ceil(fabs(__tmp)));
	#endif

	__builtin_avr_delay_cycles(__ticks_dc);
     f20:	35 e0       	ldi	r19, 0x05	; 5
     f22:	3a 95       	dec	r19
     f24:	f1 f7       	brne	.-4      	; 0xf22 <LCD_write_command+0xc>
     f26:	00 00       	nop
    _delay_us(1);

    // [상위 4비트 전송] PORTC 상위 4비트에 명령어 상위 4비트 탑재
    DATA_PORT = (DATA_PORT & 0x0F) | (command & 0xF0);
     f28:	85 b3       	in	r24, 0x15	; 21
     f2a:	8f 70       	andi	r24, 0x0F	; 15
     f2c:	9c 2f       	mov	r25, r28
     f2e:	90 7f       	andi	r25, 0xF0	; 240
     f30:	89 2b       	or	r24, r25
     f32:	85 bb       	out	0x15, r24	; 21
    LCD_pulse_enable();              
     f34:	bd df       	rcall	.-134    	; 0xeb0 <LCD_pulse_enable>

    // [하위 4비트 전송] 명령어 하위 4비트를 밀어서 PORTC 상위에 탑재
    DATA_PORT = (DATA_PORT & 0x0F) | ((command << 4) & 0xF0);
     f36:	25 b3       	in	r18, 0x15	; 21
     f38:	30 e1       	ldi	r19, 0x10	; 16
     f3a:	c3 9f       	mul	r28, r19
     f3c:	c0 01       	movw	r24, r0
     f3e:	11 24       	eor	r1, r1
     f40:	92 2f       	mov	r25, r18
     f42:	9f 70       	andi	r25, 0x0F	; 15
     f44:	89 2b       	or	r24, r25
    LCD_pulse_enable();              
     f46:	85 bb       	out	0x15, r24	; 21
     f48:	b3 df       	rcall	.-154    	; 0xeb0 <LCD_pulse_enable>
	#else
		//round up by default
		__ticks_dc = (uint32_t)(ceil(fabs(__tmp)));
	#endif

	__builtin_avr_delay_cycles(__ticks_dc);
     f4a:	8f e3       	ldi	r24, 0x3F	; 63
     f4c:	9f e1       	ldi	r25, 0x1F	; 31
     f4e:	01 97       	sbiw	r24, 0x01	; 1
     f50:	f1 f7       	brne	.-4      	; 0xf4e <LCD_write_command+0x38>
     f52:	00 c0       	rjmp	.+0      	; 0xf54 <LCD_write_command+0x3e>
     f54:	00 00       	nop
    
    _delay_ms(2); 
}
     f56:	cf 91       	pop	r28
     f58:	08 95       	ret

00000f5a <LCD_clear>:

void LCD_clear(void)
{
    LCD_write_command(CLEAR_DISPLAY);
     f5a:	81 e0       	ldi	r24, 0x01	; 1
     f5c:	dc df       	rcall	.-72     	; 0xf16 <LCD_write_command>
     f5e:	8f ed       	ldi	r24, 0xDF	; 223
     f60:	9e e2       	ldi	r25, 0x2E	; 46
     f62:	01 97       	sbiw	r24, 0x01	; 1
     f64:	f1 f7       	brne	.-4      	; 0xf62 <LCD_clear+0x8>
     f66:	00 c0       	rjmp	.+0      	; 0xf68 <LCD_clear+0xe>
     f68:	00 00       	nop
     f6a:	08 95       	ret

00000f6c <LCD_init>:
     f6c:	2f ef       	ldi	r18, 0xFF	; 255
     f6e:	80 e7       	ldi	r24, 0x70	; 112
     f70:	92 e0       	ldi	r25, 0x02	; 2
     f72:	21 50       	subi	r18, 0x01	; 1
     f74:	80 40       	sbci	r24, 0x00	; 0
     f76:	90 40       	sbci	r25, 0x00	; 0
     f78:	e1 f7       	brne	.-8      	; 0xf72 <LCD_init+0x6>
     f7a:	00 c0       	rjmp	.+0      	; 0xf7c <LCD_init+0x10>
     f7c:	00 00       	nop
{
    // 1. 전원 인가 후 LCD 내부 리셋 대기 (데이터시트 기준 15ms 이상 필수)
    _delay_ms(50);      

    // 2. 입출력 방향 설정 (DDR)
    DATA_DDR |= 0xF0;   // PORTC의 상위 4비트(PC4~7)를 출력으로 설정
     f7e:	84 b3       	in	r24, 0x14	; 20
     f80:	80 6f       	ori	r24, 0xF0	; 240
     f82:	84 bb       	out	0x14, r24	; 20
    CTRL_DDR |= (1 << RS_PIN) | (1 << RW_PIN) | (1 << E_PIN); // PORTB의 PB5~7을 출력으로 설정
     f84:	87 b3       	in	r24, 0x17	; 23
     f86:	80 6e       	ori	r24, 0xE0	; 224
     f88:	87 bb       	out	0x17, r24	; 23

    // 3. 포트 초기 상태 출력 청소
    DATA_PORT &= 0x0F;     // PC4~7에 0 출력
     f8a:	85 b3       	in	r24, 0x15	; 21
     f8c:	8f 70       	andi	r24, 0x0F	; 15
     f8e:	85 bb       	out	0x15, r24	; 21
    CTRL_PORT &= ~((1 << RS_PIN) | (1 << RW_PIN) | (1 << E_PIN)); // PB5~7에 0 출력
     f90:	88 b3       	in	r24, 0x18	; 24
     f92:	8f 71       	andi	r24, 0x1F	; 31
     f94:	88 bb       	out	0x18, r24	; 24

    // R/W 핀은 항상 쓰기 모드(LOW)로 고정
    CTRL_PORT &= ~(1 << RW_PIN);
     f96:	88 b3       	in	r24, 0x18	; 24
     f98:	8f 7b       	andi	r24, 0xBF	; 191
     f9a:	88 bb       	out	0x18, r24	; 24
    // 명령어 모드로 진입하기 위해 RS = 0 설정
    CTRL_PORT &= ~(1 << RS_PIN); 
     f9c:	88 b3       	in	r24, 0x18	; 24
     f9e:	8f 7d       	andi	r24, 0xDF	; 223
     fa0:	88 bb       	out	0x18, r24	; 24

    // 4. [데이터시트 4비트 초기화 시퀀스 필수 단계]
    // 첫 번째 0x30 전송 (아직 4비트 인식이 안 되므로 상위 4비트로만 1번 펄스)
    DATA_PORT = (DATA_PORT & 0x0F) | 0x30;
     fa2:	85 b3       	in	r24, 0x15	; 21
     fa4:	8f 70       	andi	r24, 0x0F	; 15
     fa6:	80 63       	ori	r24, 0x30	; 48
     fa8:	85 bb       	out	0x15, r24	; 21
    LCD_pulse_enable();
     faa:	82 df       	rcall	.-252    	; 0xeb0 <LCD_pulse_enable>
     fac:	8f e1       	ldi	r24, 0x1F	; 31
     fae:	9e e4       	ldi	r25, 0x4E	; 78
     fb0:	01 97       	sbiw	r24, 0x01	; 1
     fb2:	f1 f7       	brne	.-4      	; 0xfb0 <LCD_init+0x44>
     fb4:	00 c0       	rjmp	.+0      	; 0xfb6 <LCD_init+0x4a>
     fb6:	00 00       	nop
    _delay_ms(5);       // 4.1ms 이상 대기

    // 두 번째 0x30 전송
    DATA_PORT = (DATA_PORT & 0x0F) | 0x30;
     fb8:	85 b3       	in	r24, 0x15	; 21
     fba:	8f 70       	andi	r24, 0x0F	; 15
     fbc:	80 63       	ori	r24, 0x30	; 48
    LCD_pulse_enable();
     fbe:	85 bb       	out	0x15, r24	; 21
     fc0:	77 df       	rcall	.-274    	; 0xeb0 <LCD_pulse_enable>
	#else
		//round up by default
		__ticks_dc = (uint32_t)(ceil(fabs(__tmp)));
	#endif

	__builtin_avr_delay_cycles(__ticks_dc);
     fc2:	87 e5       	ldi	r24, 0x57	; 87
     fc4:	92 e0       	ldi	r25, 0x02	; 2
     fc6:	01 97       	sbiw	r24, 0x01	; 1
     fc8:	f1 f7       	brne	.-4      	; 0xfc6 <LCD_init+0x5a>
     fca:	00 c0       	rjmp	.+0      	; 0xfcc <LCD_init+0x60>
     fcc:	00 00       	nop
    _delay_us(150);     // 100us 이상 대기

    // 세 번째 0x30 전송
    DATA_PORT = (DATA_PORT & 0x0F) | 0x30;
     fce:	85 b3       	in	r24, 0x15	; 21
     fd0:	8f 70       	andi	r24, 0x0F	; 15
     fd2:	80 63       	ori	r24, 0x30	; 48
    LCD_pulse_enable();
     fd4:	85 bb       	out	0x15, r24	; 21
     fd6:	6c df       	rcall	.-296    	; 0xeb0 <LCD_pulse_enable>
     fd8:	87 e5       	ldi	r24, 0x57	; 87
     fda:	92 e0       	ldi	r25, 0x02	; 2
     fdc:	01 97       	sbiw	r24, 0x01	; 1
     fde:	f1 f7       	brne	.-4      	; 0xfdc <LCD_init+0x70>
     fe0:	00 c0       	rjmp	.+0      	; 0xfe2 <LCD_init+0x76>
     fe2:	00 00       	nop
    _delay_us(150);

    // 다섯 번째: 드디어 "4비트 모드로 동작해라!" 명령어 (0x20) 전송
    DATA_PORT = (DATA_PORT & 0x0F) | 0x20;
     fe4:	85 b3       	in	r24, 0x15	; 21
     fe6:	8f 70       	andi	r24, 0x0F	; 15
     fe8:	80 62       	ori	r24, 0x20	; 32
    LCD_pulse_enable();
     fea:	85 bb       	out	0x15, r24	; 21
     fec:	61 df       	rcall	.-318    	; 0xeb0 <LCD_pulse_enable>
	#else
		//round up by default
		__ticks_dc = (uint32_t)(ceil(fabs(__tmp)));
	#endif

	__builtin_avr_delay_cycles(__ticks_dc);
     fee:	8f e3       	ldi	r24, 0x3F	; 63
     ff0:	9f e1       	ldi	r25, 0x1F	; 31
     ff2:	01 97       	sbiw	r24, 0x01	; 1
     ff4:	f1 f7       	brne	.-4      	; 0xff2 <LCD_init+0x86>
     ff6:	00 c0       	rjmp	.+0      	; 0xff8 <LCD_init+0x8c>
    // ------------------------------------------------------------------
    // ★ 이 단계 이후부터만 상위/하위 4비트를 쪼개서 보내는 하단의 함수들 작동 가능!
    // ------------------------------------------------------------------
    
    // Function Set: 4비트 모드, 2라인 디스플레이, 5x8 폰트 설정 (0x28)
    LCD_write_command(BIT_MODE_4);   
     ff8:	00 00       	nop
     ffa:	88 e2       	ldi	r24, 0x28	; 40
     ffc:	8c df       	rcall	.-232    	; 0xf16 <LCD_write_command>
     ffe:	8f e3       	ldi	r24, 0x3F	; 63
    1000:	9f e1       	ldi	r25, 0x1F	; 31
    1002:	01 97       	sbiw	r24, 0x01	; 1
    1004:	f1 f7       	brne	.-4      	; 0x1002 <__DATA_REGION_LENGTH__+0x2>
    1006:	00 c0       	rjmp	.+0      	; 0x1008 <__DATA_REGION_LENGTH__+0x8>
    _delay_ms(2);

    // Display On/Off: 화면 On, 커서 Off, 블링크 Off (0x0C)
    LCD_write_command(0x0C);
    1008:	00 00       	nop
    100a:	8c e0       	ldi	r24, 0x0C	; 12
    100c:	84 df       	rcall	.-248    	; 0xf16 <LCD_write_command>
    100e:	8f e3       	ldi	r24, 0x3F	; 63
    1010:	9f e1       	ldi	r25, 0x1F	; 31
    1012:	01 97       	sbiw	r24, 0x01	; 1
    1014:	f1 f7       	brne	.-4      	; 0x1012 <__DATA_REGION_LENGTH__+0x12>
    _delay_ms(2);

    // 화면 Clear (0x01)
    LCD_clear();         
    1016:	00 c0       	rjmp	.+0      	; 0x1018 <__DATA_REGION_LENGTH__+0x18>
    1018:	00 00       	nop

    // Entry Mode Set: 글자 쓰면 커서가 자동으로 우측 이동 (0x06)
    LCD_write_command(0x06);
    101a:	9f df       	rcall	.-194    	; 0xf5a <LCD_clear>
    101c:	86 e0       	ldi	r24, 0x06	; 6
    101e:	7b df       	rcall	.-266    	; 0xf16 <LCD_write_command>
    1020:	8f e3       	ldi	r24, 0x3F	; 63
    1022:	9f e1       	ldi	r25, 0x1F	; 31
    1024:	01 97       	sbiw	r24, 0x01	; 1
    1026:	f1 f7       	brne	.-4      	; 0x1024 <__DATA_REGION_LENGTH__+0x24>
    1028:	00 c0       	rjmp	.+0      	; 0x102a <__DATA_REGION_LENGTH__+0x2a>
    102a:	00 00       	nop
    102c:	08 95       	ret

0000102e <LCD_write_string>:
    LCD_write_command(CLEAR_DISPLAY);
    _delay_ms(3); 
}

void LCD_write_string(char *string)
{
    102e:	0f 93       	push	r16
    1030:	1f 93       	push	r17
    1032:	cf 93       	push	r28
    1034:	8c 01       	movw	r16, r24
    for(uint8_t i = 0; string[i]; i++) {
    1036:	c0 e0       	ldi	r28, 0x00	; 0
    1038:	02 c0       	rjmp	.+4      	; 0x103e <LCD_write_string+0x10>
        LCD_write_data(string[i]);      
    103a:	4b df       	rcall	.-362    	; 0xed2 <LCD_write_data>
    _delay_ms(3); 
}

void LCD_write_string(char *string)
{
    for(uint8_t i = 0; string[i]; i++) {
    103c:	cf 5f       	subi	r28, 0xFF	; 255
    103e:	f8 01       	movw	r30, r16
    1040:	ec 0f       	add	r30, r28
    1042:	f1 1d       	adc	r31, r1
    1044:	80 81       	ld	r24, Z
    1046:	81 11       	cpse	r24, r1
    1048:	f8 cf       	rjmp	.-16     	; 0x103a <LCD_write_string+0xc>
        LCD_write_data(string[i]);      
    }
}
    104a:	cf 91       	pop	r28
    104c:	1f 91       	pop	r17
    104e:	0f 91       	pop	r16
    1050:	08 95       	ret

00001052 <LCD_goto_XY>:

void LCD_goto_XY(uint8_t row, uint8_t col)
{
    col %= 16;      
    1052:	6f 70       	andi	r22, 0x0F	; 15
    row %= 2;       
    1054:	81 70       	andi	r24, 0x01	; 1

    uint8_t address = (0x40 * row) + col;
    1056:	90 e4       	ldi	r25, 0x40	; 64
    1058:	89 9f       	mul	r24, r25
    105a:	60 0d       	add	r22, r0
    105c:	11 24       	eor	r1, r1
    105e:	86 2f       	mov	r24, r22
    uint8_t command = 0x80 + address;  

    LCD_write_command(command);     
    1060:	80 58       	subi	r24, 0x80	; 128
    1062:	59 cf       	rjmp	.-334    	; 0xf16 <LCD_write_command>
    1064:	08 95       	ret

00001066 <__vector_16>:

volatile uint32_t keypad_counter = 0;
volatile uint32_t idle_counter = 0;

ISR(TIMER0_OVF_vect)
{
    1066:	1f 92       	push	r1
    1068:	0f 92       	push	r0
    106a:	0f b6       	in	r0, 0x3f	; 63
    106c:	0f 92       	push	r0
    106e:	11 24       	eor	r1, r1
    1070:	0b b6       	in	r0, 0x3b	; 59
    1072:	0f 92       	push	r0
    1074:	2f 93       	push	r18
    1076:	3f 93       	push	r19
    1078:	4f 93       	push	r20
    107a:	5f 93       	push	r21
    107c:	6f 93       	push	r22
    107e:	7f 93       	push	r23
    1080:	8f 93       	push	r24
    1082:	9f 93       	push	r25
    1084:	af 93       	push	r26
    1086:	bf 93       	push	r27
    1088:	ef 93       	push	r30
    108a:	ff 93       	push	r31
	TCNT0 = 6;
    108c:	86 e0       	ldi	r24, 0x06	; 6
    108e:	82 bf       	out	0x32, r24	; 50
	if (current_mode == MODE_CALCULATOR)
    1090:	80 91 f0 02 	lds	r24, 0x02F0	; 0x8002f0 <current_mode>
    1094:	81 30       	cpi	r24, 0x01	; 1
    1096:	a9 f5       	brne	.+106    	; 0x1102 <__stack+0x3>
	{
		idle_counter++;
    1098:	80 91 e7 02 	lds	r24, 0x02E7	; 0x8002e7 <idle_counter>
    109c:	90 91 e8 02 	lds	r25, 0x02E8	; 0x8002e8 <idle_counter+0x1>
    10a0:	a0 91 e9 02 	lds	r26, 0x02E9	; 0x8002e9 <idle_counter+0x2>
    10a4:	b0 91 ea 02 	lds	r27, 0x02EA	; 0x8002ea <idle_counter+0x3>
    10a8:	01 96       	adiw	r24, 0x01	; 1
    10aa:	a1 1d       	adc	r26, r1
    10ac:	b1 1d       	adc	r27, r1
    10ae:	80 93 e7 02 	sts	0x02E7, r24	; 0x8002e7 <idle_counter>
    10b2:	90 93 e8 02 	sts	0x02E8, r25	; 0x8002e8 <idle_counter+0x1>
    10b6:	a0 93 e9 02 	sts	0x02E9, r26	; 0x8002e9 <idle_counter+0x2>
    10ba:	b0 93 ea 02 	sts	0x02EA, r27	; 0x8002ea <idle_counter+0x3>
		if (++keypad_counter >= 60)
    10be:	80 91 eb 02 	lds	r24, 0x02EB	; 0x8002eb <keypad_counter>
    10c2:	90 91 ec 02 	lds	r25, 0x02EC	; 0x8002ec <keypad_counter+0x1>
    10c6:	a0 91 ed 02 	lds	r26, 0x02ED	; 0x8002ed <keypad_counter+0x2>
    10ca:	b0 91 ee 02 	lds	r27, 0x02EE	; 0x8002ee <keypad_counter+0x3>
    10ce:	01 96       	adiw	r24, 0x01	; 1
    10d0:	a1 1d       	adc	r26, r1
    10d2:	b1 1d       	adc	r27, r1
    10d4:	80 93 eb 02 	sts	0x02EB, r24	; 0x8002eb <keypad_counter>
    10d8:	90 93 ec 02 	sts	0x02EC, r25	; 0x8002ec <keypad_counter+0x1>
    10dc:	a0 93 ed 02 	sts	0x02ED, r26	; 0x8002ed <keypad_counter+0x2>
    10e0:	b0 93 ee 02 	sts	0x02EE, r27	; 0x8002ee <keypad_counter+0x3>
    10e4:	cc 97       	sbiw	r24, 0x3c	; 60
    10e6:	a1 05       	cpc	r26, r1
    10e8:	b1 05       	cpc	r27, r1
    10ea:	58 f0       	brcs	.+22     	; 0x1102 <__stack+0x3>
		{
			keypad_counter = 0;
    10ec:	10 92 eb 02 	sts	0x02EB, r1	; 0x8002eb <keypad_counter>
    10f0:	10 92 ec 02 	sts	0x02EC, r1	; 0x8002ec <keypad_counter+0x1>
    10f4:	10 92 ed 02 	sts	0x02ED, r1	; 0x8002ed <keypad_counter+0x2>
    10f8:	10 92 ee 02 	sts	0x02EE, r1	; 0x8002ee <keypad_counter+0x3>
			uint8_t keydata = keypad_scan();
    10fc:	9f de       	rcall	.-706    	; 0xe3c <keypad_scan>
			if (keydata != 0) insert_queue(keydata);
    10fe:	81 11       	cpse	r24, r1
    1100:	a2 d2       	rcall	.+1348   	; 0x1646 <insert_queue>
		}
	}
}
    1102:	ff 91       	pop	r31
    1104:	ef 91       	pop	r30
    1106:	bf 91       	pop	r27
    1108:	af 91       	pop	r26
    110a:	9f 91       	pop	r25
    110c:	8f 91       	pop	r24
    110e:	7f 91       	pop	r23
    1110:	6f 91       	pop	r22
    1112:	5f 91       	pop	r21
    1114:	4f 91       	pop	r20
    1116:	3f 91       	pop	r19
    1118:	2f 91       	pop	r18
    111a:	0f 90       	pop	r0
    111c:	0b be       	out	0x3b, r0	; 59
    111e:	0f 90       	pop	r0
    1120:	0f be       	out	0x3f, r0	; 63
    1122:	0f 90       	pop	r0
    1124:	1f 90       	pop	r1
    1126:	18 95       	reti

00001128 <init_timer0>:
	return 0;
}

void init_timer0(void)
{
	TCNT0 = 6;
    1128:	86 e0       	ldi	r24, 0x06	; 6
    112a:	82 bf       	out	0x32, r24	; 50
	TCCR0 &= ~((1 << CS02) | (1 << CS01) | (1 << CS00));
    112c:	83 b7       	in	r24, 0x33	; 51
    112e:	88 7f       	andi	r24, 0xF8	; 248
    1130:	83 bf       	out	0x33, r24	; 51
	TCCR0 |= (1 << CS02);
    1132:	83 b7       	in	r24, 0x33	; 51
    1134:	84 60       	ori	r24, 0x04	; 4
    1136:	83 bf       	out	0x33, r24	; 51
	TIMSK |= (1 << TOIE0);
    1138:	87 b7       	in	r24, 0x37	; 55
    113a:	81 60       	ori	r24, 0x01	; 1
    113c:	87 bf       	out	0x37, r24	; 55
    113e:	08 95       	ret

00001140 <main>:
		}
	}
}

int main(void)
{
    1140:	cf 93       	push	r28
    1142:	df 93       	push	r29
    1144:	cd b7       	in	r28, 0x3d	; 61
    1146:	de b7       	in	r29, 0x3e	; 62
    1148:	a0 97       	sbiw	r28, 0x20	; 32
    114a:	0f b6       	in	r0, 0x3f	; 63
    114c:	f8 94       	cli
    114e:	de bf       	out	0x3e, r29	; 62
    1150:	0f be       	out	0x3f, r0	; 63
    1152:	cd bf       	out	0x3d, r28	; 61
	LCD_init(); 
    1154:	0b df       	rcall	.-490    	; 0xf6c <LCD_init>
	init_button(); 
    1156:	0e 94 66 00 	call	0xcc	; 0xcc <init_button>
	init_keypad(); 
	init_uart0();
    115a:	b3 dd       	rcall	.-1178   	; 0xcc2 <init_keypad>
	queue_init();
    115c:	2c d3       	rcall	.+1624   	; 0x17b6 <init_uart0>
	init_data_time();
    115e:	68 d2       	rcall	.+1232   	; 0x1630 <queue_init>
	init_ddr_ds1307();
    1160:	a0 dd       	rcall	.-1216   	; 0xca2 <init_data_time>
    1162:	8e dd       	rcall	.-1252   	; 0xc80 <init_ddr_ds1307>
	init_gpio_ds1307();
    1164:	91 dd       	rcall	.-1246   	; 0xc88 <init_gpio_ds1307>
    1166:	cc dc       	rcall	.-1640   	; 0xb00 <init_ds1307>
	init_ds1307();
    1168:	df df       	rcall	.-66     	; 0x1128 <init_timer0>
    116a:	80 e1       	ldi	r24, 0x10	; 16
	init_timer0();
    116c:	91 e0       	ldi	r25, 0x01	; 1
    116e:	90 93 89 06 	sts	0x0689, r25	; 0x800689 <__iob+0x3>
	stdout = &OUTPUT; sei();
    1172:	80 93 88 06 	sts	0x0688, r24	; 0x800688 <__iob+0x2>
    1176:	78 94       	sei
    1178:	89 e1       	ldi	r24, 0x19	; 25
    117a:	92 e0       	ldi	r25, 0x02	; 2
	
	LCD_write_string("System Ready...");
    117c:	58 df       	rcall	.-336    	; 0x102e <LCD_write_string>
    117e:	2f ef       	ldi	r18, 0xFF	; 255
    1180:	33 ed       	ldi	r19, 0xD3	; 211
    1182:	80 e3       	ldi	r24, 0x30	; 48
    1184:	21 50       	subi	r18, 0x01	; 1
    1186:	30 40       	sbci	r19, 0x00	; 0
    1188:	80 40       	sbci	r24, 0x00	; 0
    118a:	e1 f7       	brne	.-8      	; 0x1184 <main+0x44>
    118c:	00 c0       	rjmp	.+0      	; 0x118e <main+0x4e>
    118e:	00 00       	nop
    1190:	e4 de       	rcall	.-568    	; 0xf5a <LCD_clear>
    1192:	67 e0       	ldi	r22, 0x07	; 7
	 _delay_ms(1000); 
	 LCD_clear();
    1194:	70 e0       	ldi	r23, 0x00	; 0
    1196:	84 e0       	ldi	r24, 0x04	; 4
	
	while(1)
	{
		uint8_t current_mode_btn = get_button(BUTTON4, BUTTON4PIN);
    1198:	90 e0       	ldi	r25, 0x00	; 0
    119a:	0e 94 6a 00 	call	0xd4	; 0xd4 <get_button>
    119e:	08 2f       	mov	r16, r24
    11a0:	66 e0       	ldi	r22, 0x06	; 6
    11a2:	70 e0       	ldi	r23, 0x00	; 0
    11a4:	83 e0       	ldi	r24, 0x03	; 3
		uint8_t current_set_btn  = get_button(BUTTON3, BUTTON3PIN);
    11a6:	90 e0       	ldi	r25, 0x00	; 0
    11a8:	0e 94 6a 00 	call	0xd4	; 0xd4 <get_button>
    11ac:	18 2f       	mov	r17, r24
    11ae:	00 23       	and	r16, r16
    11b0:	29 f1       	breq	.+74     	; 0x11fc <main+0xbc>
    11b2:	80 91 f2 02 	lds	r24, 0x02F2	; 0x8002f2 <last_mode_button_state>

		// [모드 전환] 시계 ↔ 계산기
		if(current_mode_btn && !last_mode_button_state && current_mode != MODE_SETTING)
    11b6:	81 11       	cpse	r24, r1
    11b8:	21 c0       	rjmp	.+66     	; 0x11fc <main+0xbc>
    11ba:	80 91 f0 02 	lds	r24, 0x02F0	; 0x8002f0 <current_mode>
    11be:	82 30       	cpi	r24, 0x02	; 2
    11c0:	e9 f0       	breq	.+58     	; 0x11fc <main+0xbc>
    11c2:	91 e0       	ldi	r25, 0x01	; 1
    11c4:	81 11       	cpse	r24, r1
		{
			current_mode = (current_mode == MODE_CLOCK) ? MODE_CALCULATOR : MODE_CLOCK;
    11c6:	90 e0       	ldi	r25, 0x00	; 0
    11c8:	90 93 f0 02 	sts	0x02F0, r25	; 0x8002f0 <current_mode>
    11cc:	c6 de       	rcall	.-628    	; 0xf5a <LCD_clear>
			LCD_clear();
    11ce:	80 91 f0 02 	lds	r24, 0x02F0	; 0x8002f0 <current_mode>
			if(current_mode == MODE_CALCULATOR) { calculator_processing('C'); idle_counter = 0; }
    11d2:	81 30       	cpi	r24, 0x01	; 1
    11d4:	51 f4       	brne	.+20     	; 0x11ea <main+0xaa>
    11d6:	83 e4       	ldi	r24, 0x43	; 67
    11d8:	54 da       	rcall	.-2904   	; 0x682 <calculator_processing>
    11da:	10 92 e7 02 	sts	0x02E7, r1	; 0x8002e7 <idle_counter>
    11de:	10 92 e8 02 	sts	0x02E8, r1	; 0x8002e8 <idle_counter+0x1>
    11e2:	10 92 e9 02 	sts	0x02E9, r1	; 0x8002e9 <idle_counter+0x2>
    11e6:	10 92 ea 02 	sts	0x02EA, r1	; 0x8002ea <idle_counter+0x3>
    11ea:	9f ef       	ldi	r25, 0xFF	; 255
    11ec:	e0 e7       	ldi	r30, 0x70	; 112
    11ee:	f2 e0       	ldi	r31, 0x02	; 2
    11f0:	91 50       	subi	r25, 0x01	; 1
    11f2:	e0 40       	sbci	r30, 0x00	; 0
    11f4:	f0 40       	sbci	r31, 0x00	; 0
    11f6:	e1 f7       	brne	.-8      	; 0x11f0 <main+0xb0>
    11f8:	00 c0       	rjmp	.+0      	; 0x11fa <main+0xba>
    11fa:	00 00       	nop
    11fc:	00 93 f2 02 	sts	0x02F2, r16	; 0x8002f2 <last_mode_button_state>
    1200:	11 23       	and	r17, r17
			_delay_ms(50);
		}
		last_mode_button_state = current_mode_btn;
    1202:	f9 f0       	breq	.+62     	; 0x1242 <main+0x102>
    1204:	80 91 f1 02 	lds	r24, 0x02F1	; 0x8002f1 <last_set_button_state>

		// [모드 전환] 시계 ↔ 세팅 설정
		if(current_set_btn && !last_set_button_state && current_mode != MODE_CALCULATOR)
    1208:	81 11       	cpse	r24, r1
    120a:	1b c0       	rjmp	.+54     	; 0x1242 <main+0x102>
    120c:	80 91 f0 02 	lds	r24, 0x02F0	; 0x8002f0 <current_mode>
    1210:	81 30       	cpi	r24, 0x01	; 1
    1212:	b9 f0       	breq	.+46     	; 0x1242 <main+0x102>
    1214:	81 11       	cpse	r24, r1
    1216:	06 c0       	rjmp	.+12     	; 0x1224 <main+0xe4>
		{
			if(current_mode == MODE_CLOCK) { current_mode = MODE_SETTING; setting_index = 0; }
    1218:	82 e0       	ldi	r24, 0x02	; 2
    121a:	80 93 f0 02 	sts	0x02F0, r24	; 0x8002f0 <current_mode>
    121e:	10 92 ef 02 	sts	0x02EF, r1	; 0x8002ef <setting_index>
    1222:	05 c0       	rjmp	.+10     	; 0x122e <main+0xee>
    1224:	82 30       	cpi	r24, 0x02	; 2
			else if(current_mode == MODE_SETTING) { init_ds1307(); current_mode = MODE_CLOCK; }
    1226:	19 f4       	brne	.+6      	; 0x122e <main+0xee>
    1228:	6b dc       	rcall	.-1834   	; 0xb00 <init_ds1307>
    122a:	10 92 f0 02 	sts	0x02F0, r1	; 0x8002f0 <current_mode>
    122e:	95 de       	rcall	.-726    	; 0xf5a <LCD_clear>
    1230:	2f ef       	ldi	r18, 0xFF	; 255
			LCD_clear(); _delay_ms(50);
    1232:	30 e7       	ldi	r19, 0x70	; 112
    1234:	82 e0       	ldi	r24, 0x02	; 2
    1236:	21 50       	subi	r18, 0x01	; 1
    1238:	30 40       	sbci	r19, 0x00	; 0
    123a:	80 40       	sbci	r24, 0x00	; 0
    123c:	e1 f7       	brne	.-8      	; 0x1236 <main+0xf6>
    123e:	00 c0       	rjmp	.+0      	; 0x1240 <main+0x100>
    1240:	00 00       	nop
    1242:	10 93 f1 02 	sts	0x02F1, r17	; 0x8002f1 <last_set_button_state>
		}
		last_set_button_state = current_set_btn;
    1246:	80 91 f0 02 	lds	r24, 0x02F0	; 0x8002f0 <current_mode>

		// -------------------------------------------------------------
		// 각 모드별 핵심 구동부
		// -------------------------------------------------------------
		if(current_mode == MODE_CLOCK)
    124a:	81 11       	cpse	r24, r1
    124c:	42 c0       	rjmp	.+132    	; 0x12d2 <main+0x192>
    124e:	c2 dc       	rcall	.-1660   	; 0xbd4 <read_burst_ds1307>
		{
			read_burst_ds1307();
    1250:	60 e0       	ldi	r22, 0x00	; 0
    1252:	80 e0       	ldi	r24, 0x00	; 0
			char rtc_buff[20];
			LCD_goto_XY(0, 0);
    1254:	fe de       	rcall	.-516    	; 0x1052 <LCD_goto_XY>
    1256:	09 ef       	ldi	r16, 0xF9	; 249
    1258:	12 e0       	ldi	r17, 0x02	; 2
    125a:	f8 01       	movw	r30, r16
			sprintf(rtc_buff, "DATE: 20%02d-%02d-%02d", ds1307.year, ds1307.month, ds1307.date);
    125c:	24 81       	ldd	r18, Z+4	; 0x04
    125e:	95 81       	ldd	r25, Z+5	; 0x05
    1260:	86 81       	ldd	r24, Z+6	; 0x06
    1262:	1f 92       	push	r1
    1264:	2f 93       	push	r18
    1266:	1f 92       	push	r1
    1268:	9f 93       	push	r25
    126a:	1f 92       	push	r1
    126c:	8f 93       	push	r24
    126e:	89 e2       	ldi	r24, 0x29	; 41
    1270:	92 e0       	ldi	r25, 0x02	; 2
    1272:	9f 93       	push	r25
    1274:	8f 93       	push	r24
    1276:	9e 01       	movw	r18, r28
    1278:	2f 5f       	subi	r18, 0xFF	; 255
    127a:	3f 4f       	sbci	r19, 0xFF	; 255
    127c:	79 01       	movw	r14, r18
    127e:	3f 93       	push	r19
    1280:	2f 93       	push	r18
    1282:	7d d3       	rcall	.+1786   	; 0x197e <sprintf>
    1284:	c7 01       	movw	r24, r14
			LCD_write_string(rtc_buff);
    1286:	d3 de       	rcall	.-602    	; 0x102e <LCD_write_string>
    1288:	60 e0       	ldi	r22, 0x00	; 0
    128a:	81 e0       	ldi	r24, 0x01	; 1

			LCD_goto_XY(1, 0);
    128c:	e2 de       	rcall	.-572    	; 0x1052 <LCD_goto_XY>
    128e:	f8 01       	movw	r30, r16
			sprintf(rtc_buff, "TIME: %02d:%02d:%02d", ds1307.hour, ds1307.minutes, ds1307.seconds);
    1290:	20 81       	ld	r18, Z
    1292:	91 81       	ldd	r25, Z+1	; 0x01
    1294:	82 81       	ldd	r24, Z+2	; 0x02
    1296:	1f 92       	push	r1
    1298:	2f 93       	push	r18
    129a:	1f 92       	push	r1
    129c:	9f 93       	push	r25
    129e:	1f 92       	push	r1
    12a0:	8f 93       	push	r24
    12a2:	80 e4       	ldi	r24, 0x40	; 64
    12a4:	92 e0       	ldi	r25, 0x02	; 2
    12a6:	9f 93       	push	r25
    12a8:	8f 93       	push	r24
    12aa:	ff 92       	push	r15
    12ac:	ef 92       	push	r14
    12ae:	67 d3       	rcall	.+1742   	; 0x197e <sprintf>
    12b0:	c7 01       	movw	r24, r14
    12b2:	bd de       	rcall	.-646    	; 0x102e <LCD_write_string>
			LCD_write_string(rtc_buff);
    12b4:	ff ef       	ldi	r31, 0xFF	; 255
    12b6:	23 ec       	ldi	r18, 0xC3	; 195
    12b8:	39 e0       	ldi	r19, 0x09	; 9
    12ba:	f1 50       	subi	r31, 0x01	; 1
    12bc:	20 40       	sbci	r18, 0x00	; 0
    12be:	30 40       	sbci	r19, 0x00	; 0
    12c0:	e1 f7       	brne	.-8      	; 0x12ba <main+0x17a>
    12c2:	00 c0       	rjmp	.+0      	; 0x12c4 <main+0x184>
    12c4:	00 00       	nop
    12c6:	0f b6       	in	r0, 0x3f	; 63
    12c8:	f8 94       	cli
    12ca:	de bf       	out	0x3e, r29	; 62
    12cc:	0f be       	out	0x3f, r0	; 63
    12ce:	cd bf       	out	0x3d, r28	; 61
    12d0:	60 cf       	rjmp	.-320    	; 0x1192 <main+0x52>
    12d2:	81 30       	cpi	r24, 0x01	; 1
    12d4:	51 f4       	brne	.+20     	; 0x12ea <main+0x1aa>
			_delay_ms(200);
		}
		else if(current_mode == MODE_CALCULATOR)
    12d6:	20 ef       	ldi	r18, 0xF0	; 240
    12d8:	32 e0       	ldi	r19, 0x02	; 2
		{
			cal_main(&idle_counter, TIMEOUT_MS, &current_mode);
    12da:	40 e6       	ldi	r20, 0x60	; 96
    12dc:	5a ee       	ldi	r21, 0xEA	; 234
    12de:	60 e0       	ldi	r22, 0x00	; 0
    12e0:	70 e0       	ldi	r23, 0x00	; 0
    12e2:	87 ee       	ldi	r24, 0xE7	; 231
    12e4:	92 e0       	ldi	r25, 0x02	; 2
    12e6:	af da       	rcall	.-2722   	; 0x846 <cal_main>
    12e8:	54 cf       	rjmp	.-344    	; 0x1192 <main+0x52>
    12ea:	82 30       	cpi	r24, 0x02	; 2
    12ec:	09 f0       	breq	.+2      	; 0x12f0 <main+0x1b0>
    12ee:	51 cf       	rjmp	.-350    	; 0x1192 <main+0x52>
		}
		else if(current_mode == MODE_SETTING)
    12f0:	62 e0       	ldi	r22, 0x02	; 2
    12f2:	70 e0       	ldi	r23, 0x00	; 0
    12f4:	80 e0       	ldi	r24, 0x00	; 0
		{
			uint8_t btn0 = get_button(BUTTON0, BUTTON0PIN);
    12f6:	90 e0       	ldi	r25, 0x00	; 0
    12f8:	0e 94 6a 00 	call	0xd4	; 0xd4 <get_button>
    12fc:	08 2f       	mov	r16, r24
    12fe:	64 e0       	ldi	r22, 0x04	; 4
    1300:	70 e0       	ldi	r23, 0x00	; 0
    1302:	81 e0       	ldi	r24, 0x01	; 1
			uint8_t btn1 = get_button(BUTTON1, BUTTON1PIN);
    1304:	90 e0       	ldi	r25, 0x00	; 0
    1306:	0e 94 6a 00 	call	0xd4	; 0xd4 <get_button>
    130a:	18 2f       	mov	r17, r24
    130c:	65 e0       	ldi	r22, 0x05	; 5
    130e:	70 e0       	ldi	r23, 0x00	; 0
			uint8_t btn2 = get_button(BUTTON2, BUTTON2PIN);
    1310:	82 e0       	ldi	r24, 0x02	; 2
    1312:	90 e0       	ldi	r25, 0x00	; 0
    1314:	0e 94 6a 00 	call	0xd4	; 0xd4 <get_button>
    1318:	28 2f       	mov	r18, r24
    131a:	88 23       	and	r24, r24
    131c:	b1 f0       	breq	.+44     	; 0x134a <main+0x20a>
			static uint8_t l_b0=0, l_b1=0, l_b2=0;

			if (btn2 && !l_b2) { setting_index = (setting_index + 1) % 6; _delay_ms(50); }
    131e:	80 91 e6 02 	lds	r24, 0x02E6	; 0x8002e6 <l_b2.2155>
    1322:	81 11       	cpse	r24, r1
    1324:	12 c0       	rjmp	.+36     	; 0x134a <main+0x20a>
    1326:	80 91 ef 02 	lds	r24, 0x02EF	; 0x8002ef <setting_index>
    132a:	90 e0       	ldi	r25, 0x00	; 0
    132c:	01 96       	adiw	r24, 0x01	; 1
    132e:	66 e0       	ldi	r22, 0x06	; 6
    1330:	70 e0       	ldi	r23, 0x00	; 0
    1332:	5f d2       	rcall	.+1214   	; 0x17f2 <__divmodhi4>
    1334:	80 93 ef 02 	sts	0x02EF, r24	; 0x8002ef <setting_index>
    1338:	9f ef       	ldi	r25, 0xFF	; 255
    133a:	e0 e7       	ldi	r30, 0x70	; 112
    133c:	f2 e0       	ldi	r31, 0x02	; 2
    133e:	91 50       	subi	r25, 0x01	; 1
    1340:	e0 40       	sbci	r30, 0x00	; 0
    1342:	f0 40       	sbci	r31, 0x00	; 0
    1344:	e1 f7       	brne	.-8      	; 0x133e <main+0x1fe>
    1346:	00 c0       	rjmp	.+0      	; 0x1348 <main+0x208>
    1348:	00 00       	nop
    134a:	11 23       	and	r17, r17
    134c:	09 f4       	brne	.+2      	; 0x1350 <main+0x210>
			if (btn1 && !l_b1)
    134e:	6a c0       	rjmp	.+212    	; 0x1424 <main+0x2e4>
    1350:	80 91 e5 02 	lds	r24, 0x02E5	; 0x8002e5 <l_b1.2154>
    1354:	81 11       	cpse	r24, r1
    1356:	66 c0       	rjmp	.+204    	; 0x1424 <main+0x2e4>
    1358:	80 91 ef 02 	lds	r24, 0x02EF	; 0x8002ef <setting_index>
			{
				if (setting_index == 0) ds1307.year = (ds1307.year + 1) % 100;
    135c:	81 11       	cpse	r24, r1
    135e:	0a c0       	rjmp	.+20     	; 0x1374 <main+0x234>
    1360:	e9 ef       	ldi	r30, 0xF9	; 249
    1362:	f2 e0       	ldi	r31, 0x02	; 2
    1364:	86 81       	ldd	r24, Z+6	; 0x06
    1366:	90 e0       	ldi	r25, 0x00	; 0
    1368:	01 96       	adiw	r24, 0x01	; 1
    136a:	64 e6       	ldi	r22, 0x64	; 100
    136c:	70 e0       	ldi	r23, 0x00	; 0
    136e:	41 d2       	rcall	.+1154   	; 0x17f2 <__divmodhi4>
    1370:	86 83       	std	Z+6, r24	; 0x06
    1372:	4f c0       	rjmp	.+158    	; 0x1412 <main+0x2d2>
    1374:	81 30       	cpi	r24, 0x01	; 1
    1376:	a1 f4       	brne	.+40     	; 0x13a0 <main+0x260>
    1378:	e9 ef       	ldi	r30, 0xF9	; 249
				else if (setting_index == 1) ds1307.month = (ds1307.month % 12) + 1;
    137a:	f2 e0       	ldi	r31, 0x02	; 2
    137c:	95 81       	ldd	r25, Z+5	; 0x05
    137e:	8b ea       	ldi	r24, 0xAB	; 171
    1380:	98 9f       	mul	r25, r24
    1382:	81 2d       	mov	r24, r1
    1384:	11 24       	eor	r1, r1
    1386:	86 95       	lsr	r24
    1388:	86 95       	lsr	r24
    138a:	86 95       	lsr	r24
    138c:	38 2f       	mov	r19, r24
    138e:	33 0f       	add	r19, r19
    1390:	83 0f       	add	r24, r19
    1392:	38 2f       	mov	r19, r24
    1394:	33 0f       	add	r19, r19
    1396:	33 0f       	add	r19, r19
    1398:	93 1b       	sub	r25, r19
    139a:	9f 5f       	subi	r25, 0xFF	; 255
    139c:	95 83       	std	Z+5, r25	; 0x05
    139e:	39 c0       	rjmp	.+114    	; 0x1412 <main+0x2d2>
    13a0:	82 30       	cpi	r24, 0x02	; 2
    13a2:	a1 f4       	brne	.+40     	; 0x13cc <main+0x28c>
    13a4:	e9 ef       	ldi	r30, 0xF9	; 249
				else if (setting_index == 2) ds1307.date = (ds1307.date % 31) + 1;
    13a6:	f2 e0       	ldi	r31, 0x02	; 2
    13a8:	84 81       	ldd	r24, Z+4	; 0x04
    13aa:	99 e0       	ldi	r25, 0x09	; 9
    13ac:	89 9f       	mul	r24, r25
    13ae:	31 2d       	mov	r19, r1
    13b0:	11 24       	eor	r1, r1
    13b2:	98 2f       	mov	r25, r24
    13b4:	93 1b       	sub	r25, r19
    13b6:	96 95       	lsr	r25
    13b8:	93 0f       	add	r25, r19
    13ba:	92 95       	swap	r25
    13bc:	9f 70       	andi	r25, 0x0F	; 15
    13be:	3f e1       	ldi	r19, 0x1F	; 31
    13c0:	93 9f       	mul	r25, r19
    13c2:	80 19       	sub	r24, r0
    13c4:	11 24       	eor	r1, r1
    13c6:	8f 5f       	subi	r24, 0xFF	; 255
    13c8:	84 83       	std	Z+4, r24	; 0x04
    13ca:	23 c0       	rjmp	.+70     	; 0x1412 <main+0x2d2>
    13cc:	83 30       	cpi	r24, 0x03	; 3
				else if (setting_index == 3) ds1307.hour = (ds1307.hour + 1) % 24;
    13ce:	51 f4       	brne	.+20     	; 0x13e4 <main+0x2a4>
    13d0:	e9 ef       	ldi	r30, 0xF9	; 249
    13d2:	f2 e0       	ldi	r31, 0x02	; 2
    13d4:	82 81       	ldd	r24, Z+2	; 0x02
    13d6:	90 e0       	ldi	r25, 0x00	; 0
    13d8:	01 96       	adiw	r24, 0x01	; 1
    13da:	68 e1       	ldi	r22, 0x18	; 24
    13dc:	70 e0       	ldi	r23, 0x00	; 0
    13de:	09 d2       	rcall	.+1042   	; 0x17f2 <__divmodhi4>
    13e0:	82 83       	std	Z+2, r24	; 0x02
    13e2:	17 c0       	rjmp	.+46     	; 0x1412 <main+0x2d2>
    13e4:	84 30       	cpi	r24, 0x04	; 4
				else if (setting_index == 4) ds1307.minutes = (ds1307.minutes + 1) % 60;
    13e6:	51 f4       	brne	.+20     	; 0x13fc <main+0x2bc>
    13e8:	e9 ef       	ldi	r30, 0xF9	; 249
    13ea:	f2 e0       	ldi	r31, 0x02	; 2
    13ec:	81 81       	ldd	r24, Z+1	; 0x01
    13ee:	90 e0       	ldi	r25, 0x00	; 0
    13f0:	01 96       	adiw	r24, 0x01	; 1
    13f2:	6c e3       	ldi	r22, 0x3C	; 60
    13f4:	70 e0       	ldi	r23, 0x00	; 0
    13f6:	fd d1       	rcall	.+1018   	; 0x17f2 <__divmodhi4>
    13f8:	81 83       	std	Z+1, r24	; 0x01
    13fa:	0b c0       	rjmp	.+22     	; 0x1412 <main+0x2d2>
    13fc:	85 30       	cpi	r24, 0x05	; 5
    13fe:	49 f4       	brne	.+18     	; 0x1412 <main+0x2d2>
				else if (setting_index == 5) ds1307.seconds = (ds1307.seconds + 1) % 60;
    1400:	e9 ef       	ldi	r30, 0xF9	; 249
    1402:	f2 e0       	ldi	r31, 0x02	; 2
    1404:	80 81       	ld	r24, Z
    1406:	90 e0       	ldi	r25, 0x00	; 0
    1408:	01 96       	adiw	r24, 0x01	; 1
    140a:	6c e3       	ldi	r22, 0x3C	; 60
    140c:	70 e0       	ldi	r23, 0x00	; 0
    140e:	f1 d1       	rcall	.+994    	; 0x17f2 <__divmodhi4>
    1410:	80 83       	st	Z, r24
    1412:	8f ef       	ldi	r24, 0xFF	; 255
    1414:	90 e7       	ldi	r25, 0x70	; 112
    1416:	e2 e0       	ldi	r30, 0x02	; 2
    1418:	81 50       	subi	r24, 0x01	; 1
    141a:	90 40       	sbci	r25, 0x00	; 0
    141c:	e0 40       	sbci	r30, 0x00	; 0
    141e:	e1 f7       	brne	.-8      	; 0x1418 <main+0x2d8>
    1420:	00 c0       	rjmp	.+0      	; 0x1422 <main+0x2e2>
    1422:	00 00       	nop
    1424:	00 23       	and	r16, r16
    1426:	09 f4       	brne	.+2      	; 0x142a <main+0x2ea>
    1428:	56 c0       	rjmp	.+172    	; 0x14d6 <main+0x396>
				_delay_ms(50);
			}
			if (btn0 && !l_b0)
    142a:	80 91 e4 02 	lds	r24, 0x02E4	; 0x8002e4 <l_b0.2153>
    142e:	81 11       	cpse	r24, r1
    1430:	52 c0       	rjmp	.+164    	; 0x14d6 <main+0x396>
    1432:	80 91 ef 02 	lds	r24, 0x02EF	; 0x8002ef <setting_index>
    1436:	81 11       	cpse	r24, r1
			{
				if (setting_index == 0) ds1307.year = (ds1307.year == 0) ? 99 : ds1307.year - 1;
    1438:	0a c0       	rjmp	.+20     	; 0x144e <main+0x30e>
    143a:	80 91 ff 02 	lds	r24, 0x02FF	; 0x8002ff <ds1307+0x6>
    143e:	88 23       	and	r24, r24
    1440:	11 f0       	breq	.+4      	; 0x1446 <main+0x306>
    1442:	81 50       	subi	r24, 0x01	; 1
    1444:	01 c0       	rjmp	.+2      	; 0x1448 <main+0x308>
    1446:	83 e6       	ldi	r24, 0x63	; 99
    1448:	80 93 ff 02 	sts	0x02FF, r24	; 0x8002ff <ds1307+0x6>
    144c:	3b c0       	rjmp	.+118    	; 0x14c4 <main+0x384>
    144e:	81 30       	cpi	r24, 0x01	; 1
    1450:	51 f4       	brne	.+20     	; 0x1466 <main+0x326>
    1452:	80 91 fe 02 	lds	r24, 0x02FE	; 0x8002fe <ds1307+0x5>
				else if (setting_index == 1) ds1307.month = (ds1307.month == 1) ? 12 : ds1307.month - 1;
    1456:	81 30       	cpi	r24, 0x01	; 1
    1458:	11 f0       	breq	.+4      	; 0x145e <main+0x31e>
    145a:	81 50       	subi	r24, 0x01	; 1
    145c:	01 c0       	rjmp	.+2      	; 0x1460 <main+0x320>
    145e:	8c e0       	ldi	r24, 0x0C	; 12
    1460:	80 93 fe 02 	sts	0x02FE, r24	; 0x8002fe <ds1307+0x5>
    1464:	2f c0       	rjmp	.+94     	; 0x14c4 <main+0x384>
    1466:	82 30       	cpi	r24, 0x02	; 2
    1468:	51 f4       	brne	.+20     	; 0x147e <main+0x33e>
    146a:	80 91 fd 02 	lds	r24, 0x02FD	; 0x8002fd <ds1307+0x4>
				else if (setting_index == 2) ds1307.date = (ds1307.date == 1) ? 31 : ds1307.date - 1;
    146e:	81 30       	cpi	r24, 0x01	; 1
    1470:	11 f0       	breq	.+4      	; 0x1476 <main+0x336>
    1472:	81 50       	subi	r24, 0x01	; 1
    1474:	01 c0       	rjmp	.+2      	; 0x1478 <main+0x338>
    1476:	8f e1       	ldi	r24, 0x1F	; 31
    1478:	80 93 fd 02 	sts	0x02FD, r24	; 0x8002fd <ds1307+0x4>
    147c:	23 c0       	rjmp	.+70     	; 0x14c4 <main+0x384>
    147e:	83 30       	cpi	r24, 0x03	; 3
    1480:	51 f4       	brne	.+20     	; 0x1496 <main+0x356>
    1482:	80 91 fb 02 	lds	r24, 0x02FB	; 0x8002fb <ds1307+0x2>
				else if (setting_index == 3) ds1307.hour = (ds1307.hour == 0) ? 23 : ds1307.hour - 1;
    1486:	88 23       	and	r24, r24
    1488:	11 f0       	breq	.+4      	; 0x148e <main+0x34e>
    148a:	81 50       	subi	r24, 0x01	; 1
    148c:	01 c0       	rjmp	.+2      	; 0x1490 <main+0x350>
    148e:	87 e1       	ldi	r24, 0x17	; 23
    1490:	80 93 fb 02 	sts	0x02FB, r24	; 0x8002fb <ds1307+0x2>
    1494:	17 c0       	rjmp	.+46     	; 0x14c4 <main+0x384>
    1496:	84 30       	cpi	r24, 0x04	; 4
    1498:	51 f4       	brne	.+20     	; 0x14ae <main+0x36e>
    149a:	80 91 fa 02 	lds	r24, 0x02FA	; 0x8002fa <ds1307+0x1>
				else if (setting_index == 4) ds1307.minutes = (ds1307.minutes == 0) ? 59 : ds1307.minutes - 1;
    149e:	88 23       	and	r24, r24
    14a0:	11 f0       	breq	.+4      	; 0x14a6 <main+0x366>
    14a2:	81 50       	subi	r24, 0x01	; 1
    14a4:	01 c0       	rjmp	.+2      	; 0x14a8 <main+0x368>
    14a6:	8b e3       	ldi	r24, 0x3B	; 59
    14a8:	80 93 fa 02 	sts	0x02FA, r24	; 0x8002fa <ds1307+0x1>
    14ac:	0b c0       	rjmp	.+22     	; 0x14c4 <main+0x384>
    14ae:	85 30       	cpi	r24, 0x05	; 5
    14b0:	49 f4       	brne	.+18     	; 0x14c4 <main+0x384>
    14b2:	80 91 f9 02 	lds	r24, 0x02F9	; 0x8002f9 <ds1307>
				else if (setting_index == 5) ds1307.seconds = (ds1307.seconds == 0) ? 59 : ds1307.seconds - 1;
    14b6:	88 23       	and	r24, r24
    14b8:	11 f0       	breq	.+4      	; 0x14be <main+0x37e>
    14ba:	81 50       	subi	r24, 0x01	; 1
    14bc:	01 c0       	rjmp	.+2      	; 0x14c0 <main+0x380>
    14be:	8b e3       	ldi	r24, 0x3B	; 59
    14c0:	80 93 f9 02 	sts	0x02F9, r24	; 0x8002f9 <ds1307>
    14c4:	ff ef       	ldi	r31, 0xFF	; 255
    14c6:	30 e7       	ldi	r19, 0x70	; 112
    14c8:	82 e0       	ldi	r24, 0x02	; 2
    14ca:	f1 50       	subi	r31, 0x01	; 1
    14cc:	30 40       	sbci	r19, 0x00	; 0
    14ce:	80 40       	sbci	r24, 0x00	; 0
    14d0:	e1 f7       	brne	.-8      	; 0x14ca <main+0x38a>
    14d2:	00 c0       	rjmp	.+0      	; 0x14d4 <main+0x394>
    14d4:	00 00       	nop
    14d6:	00 93 e4 02 	sts	0x02E4, r16	; 0x8002e4 <l_b0.2153>
				_delay_ms(50);
			}
			l_b0 = btn0; l_b1 = btn1; l_b2 = btn2;
    14da:	10 93 e5 02 	sts	0x02E5, r17	; 0x8002e5 <l_b1.2154>
    14de:	20 93 e6 02 	sts	0x02E6, r18	; 0x8002e6 <l_b2.2155>
    14e2:	60 e0       	ldi	r22, 0x00	; 0

			char set_buff[20];
			LCD_goto_XY(0, 0); sprintf(set_buff, "SET: %02d-%02d-%02d", ds1307.year, ds1307.month, ds1307.date); LCD_write_string(set_buff);
    14e4:	80 e0       	ldi	r24, 0x00	; 0
    14e6:	b5 dd       	rcall	.-1174   	; 0x1052 <LCD_goto_XY>
    14e8:	09 ef       	ldi	r16, 0xF9	; 249
    14ea:	12 e0       	ldi	r17, 0x02	; 2
    14ec:	f8 01       	movw	r30, r16
    14ee:	24 81       	ldd	r18, Z+4	; 0x04
    14f0:	95 81       	ldd	r25, Z+5	; 0x05
    14f2:	86 81       	ldd	r24, Z+6	; 0x06
    14f4:	1f 92       	push	r1
    14f6:	2f 93       	push	r18
    14f8:	1f 92       	push	r1
    14fa:	9f 93       	push	r25
    14fc:	1f 92       	push	r1
    14fe:	8f 93       	push	r24
    1500:	85 e5       	ldi	r24, 0x55	; 85
    1502:	92 e0       	ldi	r25, 0x02	; 2
    1504:	9f 93       	push	r25
    1506:	8f 93       	push	r24
    1508:	21 e0       	ldi	r18, 0x01	; 1
    150a:	30 e0       	ldi	r19, 0x00	; 0
    150c:	2c 0f       	add	r18, r28
    150e:	3d 1f       	adc	r19, r29
    1510:	3f 93       	push	r19
    1512:	2f 93       	push	r18
    1514:	34 d2       	rcall	.+1128   	; 0x197e <sprintf>
    1516:	ce 01       	movw	r24, r28
    1518:	01 96       	adiw	r24, 0x01	; 1
    151a:	89 dd       	rcall	.-1262   	; 0x102e <LCD_write_string>
			LCD_goto_XY(1, 0); sprintf(set_buff, "TIME: %02d:%02d:%02d ", ds1307.hour, ds1307.minutes, ds1307.seconds); LCD_write_string(set_buff);
    151c:	60 e0       	ldi	r22, 0x00	; 0
    151e:	81 e0       	ldi	r24, 0x01	; 1
    1520:	98 dd       	rcall	.-1232   	; 0x1052 <LCD_goto_XY>
    1522:	f8 01       	movw	r30, r16
    1524:	20 81       	ld	r18, Z
    1526:	91 81       	ldd	r25, Z+1	; 0x01
    1528:	82 81       	ldd	r24, Z+2	; 0x02
    152a:	1f 92       	push	r1
    152c:	2f 93       	push	r18
    152e:	1f 92       	push	r1
    1530:	9f 93       	push	r25
    1532:	1f 92       	push	r1
    1534:	8f 93       	push	r24
    1536:	89 e6       	ldi	r24, 0x69	; 105
    1538:	92 e0       	ldi	r25, 0x02	; 2
    153a:	9f 93       	push	r25
    153c:	8f 93       	push	r24
    153e:	21 e0       	ldi	r18, 0x01	; 1
    1540:	30 e0       	ldi	r19, 0x00	; 0
    1542:	2c 0f       	add	r18, r28
    1544:	3d 1f       	adc	r19, r29
    1546:	3f 93       	push	r19
    1548:	2f 93       	push	r18
    154a:	19 d2       	rcall	.+1074   	; 0x197e <sprintf>
    154c:	ce 01       	movw	r24, r28
    154e:	01 96       	adiw	r24, 0x01	; 1
    1550:	6e dd       	rcall	.-1316   	; 0x102e <LCD_write_string>
    1552:	6e e0       	ldi	r22, 0x0E	; 14
    1554:	81 e0       	ldi	r24, 0x01	; 1
			LCD_goto_XY(1, 14); const char* mode_str[] = {"YY", "MM", "DD", "HH", "MM", "SS"}; LCD_write_string((char*)mode_str[setting_index]);
    1556:	7d dd       	rcall	.-1286   	; 0x1052 <LCD_goto_XY>
    1558:	8c e0       	ldi	r24, 0x0C	; 12
    155a:	e2 e2       	ldi	r30, 0x22	; 34
    155c:	f1 e0       	ldi	r31, 0x01	; 1
    155e:	de 01       	movw	r26, r28
    1560:	55 96       	adiw	r26, 0x15	; 21
    1562:	01 90       	ld	r0, Z+
    1564:	0d 92       	st	X+, r0
    1566:	8a 95       	dec	r24
    1568:	e1 f7       	brne	.-8      	; 0x1562 <main+0x422>
    156a:	e0 91 ef 02 	lds	r30, 0x02EF	; 0x8002ef <setting_index>
    156e:	f0 e0       	ldi	r31, 0x00	; 0
    1570:	ee 0f       	add	r30, r30
    1572:	ff 1f       	adc	r31, r31
    1574:	81 e0       	ldi	r24, 0x01	; 1
    1576:	90 e0       	ldi	r25, 0x00	; 0
    1578:	8c 0f       	add	r24, r28
    157a:	9d 1f       	adc	r25, r29
    157c:	e8 0f       	add	r30, r24
    157e:	f9 1f       	adc	r31, r25
    1580:	84 89       	ldd	r24, Z+20	; 0x14
    1582:	95 89       	ldd	r25, Z+21	; 0x15
    1584:	54 dd       	rcall	.-1368   	; 0x102e <LCD_write_string>
    1586:	9f ef       	ldi	r25, 0xFF	; 255
    1588:	e1 ee       	ldi	r30, 0xE1	; 225
    158a:	f4 e0       	ldi	r31, 0x04	; 4
    158c:	91 50       	subi	r25, 0x01	; 1
    158e:	e0 40       	sbci	r30, 0x00	; 0
    1590:	f0 40       	sbci	r31, 0x00	; 0
    1592:	e1 f7       	brne	.-8      	; 0x158c <main+0x44c>
    1594:	00 c0       	rjmp	.+0      	; 0x1596 <main+0x456>
    1596:	00 00       	nop
    1598:	0f b6       	in	r0, 0x3f	; 63
    159a:	f8 94       	cli
    159c:	de bf       	out	0x3e, r29	; 62
    159e:	0f be       	out	0x3f, r0	; 63
    15a0:	cd bf       	out	0x3d, r28	; 61
    15a2:	f7 cd       	rjmp	.-1042   	; 0x1192 <main+0x52>

000015a4 <queue_full>:
int rear = -1;
uint8_t queue[QUEUE_MAX];

int queue_full(void)
{
	int tmp = (rear + 1) % QUEUE_MAX;
    15a4:	80 91 1e 01 	lds	r24, 0x011E	; 0x80011e <rear>
    15a8:	90 91 1f 01 	lds	r25, 0x011F	; 0x80011f <rear+0x1>
    15ac:	01 96       	adiw	r24, 0x01	; 1
    15ae:	64 e6       	ldi	r22, 0x64	; 100
    15b0:	70 e0       	ldi	r23, 0x00	; 0
    15b2:	1f d1       	rcall	.+574    	; 0x17f2 <__divmodhi4>
	if (tmp == front) return TRUE;
    15b4:	20 91 20 01 	lds	r18, 0x0120	; 0x800120 <front>
    15b8:	30 91 21 01 	lds	r19, 0x0121	; 0x800121 <front+0x1>
    15bc:	82 17       	cp	r24, r18
    15be:	93 07       	cpc	r25, r19
    15c0:	19 f4       	brne	.+6      	; 0x15c8 <queue_full+0x24>
    15c2:	81 e0       	ldi	r24, 0x01	; 1
    15c4:	90 e0       	ldi	r25, 0x00	; 0
    15c6:	08 95       	ret
	else return FALSE;
    15c8:	80 e0       	ldi	r24, 0x00	; 0
    15ca:	90 e0       	ldi	r25, 0x00	; 0
}
    15cc:	08 95       	ret

000015ce <queue_empty>:

int queue_empty(void) // 헤더와 맞춤
{
	if (rear == front) return TRUE;
    15ce:	20 91 1e 01 	lds	r18, 0x011E	; 0x80011e <rear>
    15d2:	30 91 1f 01 	lds	r19, 0x011F	; 0x80011f <rear+0x1>
    15d6:	80 91 20 01 	lds	r24, 0x0120	; 0x800120 <front>
    15da:	90 91 21 01 	lds	r25, 0x0121	; 0x800121 <front+0x1>
    15de:	28 17       	cp	r18, r24
    15e0:	39 07       	cpc	r19, r25
    15e2:	19 f4       	brne	.+6      	; 0x15ea <queue_empty+0x1c>
    15e4:	81 e0       	ldi	r24, 0x01	; 1
    15e6:	90 e0       	ldi	r25, 0x00	; 0
    15e8:	08 95       	ret
	else return FALSE;
    15ea:	80 e0       	ldi	r24, 0x00	; 0
    15ec:	90 e0       	ldi	r25, 0x00	; 0
}
    15ee:	08 95       	ret

000015f0 <delete_queue>:

// 💡 링커 에러 해결: 헤더에 선언된 이름으로 변경
uint8_t delete_queue(void)
{
	if (queue_empty())
    15f0:	ee df       	rcall	.-36     	; 0x15ce <queue_empty>
    15f2:	89 2b       	or	r24, r25
    15f4:	29 f0       	breq	.+10     	; 0x1600 <delete_queue+0x10>
	{
		printf("Queue is empty !!!\n");
    15f6:	8e e8       	ldi	r24, 0x8E	; 142
    15f8:	92 e0       	ldi	r25, 0x02	; 2
    15fa:	91 d1       	rcall	.+802    	; 0x191e <puts>
		return 0;
    15fc:	80 e0       	ldi	r24, 0x00	; 0
    15fe:	08 95       	ret
	}
	else
	{
		front = (front + 1) % QUEUE_MAX;
    1600:	80 91 20 01 	lds	r24, 0x0120	; 0x800120 <front>
    1604:	90 91 21 01 	lds	r25, 0x0121	; 0x800121 <front+0x1>
    1608:	01 96       	adiw	r24, 0x01	; 1
    160a:	64 e6       	ldi	r22, 0x64	; 100
    160c:	70 e0       	ldi	r23, 0x00	; 0
    160e:	f1 d0       	rcall	.+482    	; 0x17f2 <__divmodhi4>
    1610:	90 93 21 01 	sts	0x0121, r25	; 0x800121 <front+0x1>
    1614:	80 93 20 01 	sts	0x0120, r24	; 0x800120 <front>
		return (queue[front]);
    1618:	fc 01       	movw	r30, r24
    161a:	ee 5f       	subi	r30, 0xFE	; 254
    161c:	fc 4f       	sbci	r31, 0xFC	; 252
    161e:	80 81       	ld	r24, Z
	}
}
    1620:	08 95       	ret

00001622 <is_queue_empty>:

// 💡 링커 에러 해결: 헤더에 선언된 이름으로 변경
uint8_t is_queue_empty(void)
{
	return (queue_empty() == TRUE);
    1622:	d5 df       	rcall	.-86     	; 0x15ce <queue_empty>
    1624:	21 e0       	ldi	r18, 0x01	; 1
    1626:	01 97       	sbiw	r24, 0x01	; 1
    1628:	09 f0       	breq	.+2      	; 0x162c <is_queue_empty+0xa>
    162a:	20 e0       	ldi	r18, 0x00	; 0
}
    162c:	82 2f       	mov	r24, r18
    162e:	08 95       	ret

00001630 <queue_init>:

void queue_init(void)
{
	front = -1;
    1630:	8f ef       	ldi	r24, 0xFF	; 255
    1632:	9f ef       	ldi	r25, 0xFF	; 255
    1634:	90 93 21 01 	sts	0x0121, r25	; 0x800121 <front+0x1>
    1638:	80 93 20 01 	sts	0x0120, r24	; 0x800120 <front>
	rear = -1;
    163c:	90 93 1f 01 	sts	0x011F, r25	; 0x80011f <rear+0x1>
    1640:	80 93 1e 01 	sts	0x011E, r24	; 0x80011e <rear>
    1644:	08 95       	ret

00001646 <insert_queue>:
}

void insert_queue(uint8_t value)
{
    1646:	cf 93       	push	r28
    1648:	c8 2f       	mov	r28, r24
	if (queue_full())
    164a:	ac df       	rcall	.-168    	; 0x15a4 <queue_full>
    164c:	89 2b       	or	r24, r25
    164e:	21 f0       	breq	.+8      	; 0x1658 <insert_queue+0x12>
	{
		printf("queue full!!!!\n");
    1650:	81 ea       	ldi	r24, 0xA1	; 161
    1652:	92 e0       	ldi	r25, 0x02	; 2
    1654:	64 d1       	rcall	.+712    	; 0x191e <puts>
		return;
    1656:	10 c0       	rjmp	.+32     	; 0x1678 <insert_queue+0x32>
	}
	else
	{
		rear = (rear + 1) % QUEUE_MAX;
    1658:	80 91 1e 01 	lds	r24, 0x011E	; 0x80011e <rear>
    165c:	90 91 1f 01 	lds	r25, 0x011F	; 0x80011f <rear+0x1>
    1660:	01 96       	adiw	r24, 0x01	; 1
    1662:	64 e6       	ldi	r22, 0x64	; 100
    1664:	70 e0       	ldi	r23, 0x00	; 0
    1666:	c5 d0       	rcall	.+394    	; 0x17f2 <__divmodhi4>
    1668:	90 93 1f 01 	sts	0x011F, r25	; 0x80011f <rear+0x1>
    166c:	80 93 1e 01 	sts	0x011E, r24	; 0x80011e <rear>
		queue[rear] = value;
    1670:	fc 01       	movw	r30, r24
    1672:	ee 5f       	subi	r30, 0xFE	; 254
    1674:	fc 4f       	sbci	r31, 0xFC	; 252
    1676:	c0 83       	st	Z, r28
	}
    1678:	cf 91       	pop	r28
    167a:	08 95       	ret

0000167c <__vector_18>:
void init_uart0(void);
void UART0_transmit(uint8_t data);
void pc_command_processing(void);

ISR(USART0_RX_vect)
{
    167c:	1f 92       	push	r1
    167e:	0f 92       	push	r0
    1680:	0f b6       	in	r0, 0x3f	; 63
    1682:	0f 92       	push	r0
    1684:	11 24       	eor	r1, r1
    1686:	0b b6       	in	r0, 0x3b	; 59
    1688:	0f 92       	push	r0
    168a:	2f 93       	push	r18
    168c:	3f 93       	push	r19
    168e:	4f 93       	push	r20
    1690:	5f 93       	push	r21
    1692:	6f 93       	push	r22
    1694:	7f 93       	push	r23
    1696:	8f 93       	push	r24
    1698:	9f 93       	push	r25
    169a:	af 93       	push	r26
    169c:	bf 93       	push	r27
    169e:	ef 93       	push	r30
    16a0:	ff 93       	push	r31
    16a2:	cf 93       	push	r28
    16a4:	df 93       	push	r29
    16a6:	1f 92       	push	r1
    16a8:	cd b7       	in	r28, 0x3d	; 61
    16aa:	de b7       	in	r29, 0x3e	; 62
	volatile uint8_t data; 
	volatile static int i = 0;
	
	data = UDR0; //hw적으로 data에 복사되는 순간 UDR0는 null
    16ac:	8c b1       	in	r24, 0x0c	; 12
    16ae:	89 83       	std	Y+1, r24	; 0x01
	
	if(data == '\n' || data == '\r')
    16b0:	89 81       	ldd	r24, Y+1	; 0x01
    16b2:	8a 30       	cpi	r24, 0x0A	; 10
    16b4:	19 f0       	breq	.+6      	; 0x16bc <__vector_18+0x40>
    16b6:	89 81       	ldd	r24, Y+1	; 0x01
    16b8:	8d 30       	cpi	r24, 0x0D	; 13
    16ba:	c1 f5       	brne	.+112    	; 0x172c <__vector_18+0xb0>
	{
		if((u_rear+1)% QUEUE_SIZE == u_front % QUEUE_SIZE){ //queue full 상태 
    16bc:	80 91 f7 02 	lds	r24, 0x02F7	; 0x8002f7 <u_rear>
    16c0:	90 91 f8 02 	lds	r25, 0x02F8	; 0x8002f8 <u_rear+0x1>
    16c4:	01 96       	adiw	r24, 0x01	; 1
    16c6:	2a e0       	ldi	r18, 0x0A	; 10
    16c8:	30 e0       	ldi	r19, 0x00	; 0
    16ca:	b9 01       	movw	r22, r18
    16cc:	92 d0       	rcall	.+292    	; 0x17f2 <__divmodhi4>
    16ce:	fc 01       	movw	r30, r24
    16d0:	80 91 f5 02 	lds	r24, 0x02F5	; 0x8002f5 <u_front>
    16d4:	90 91 f6 02 	lds	r25, 0x02F6	; 0x8002f6 <u_front+0x1>
    16d8:	b9 01       	movw	r22, r18
    16da:	8b d0       	rcall	.+278    	; 0x17f2 <__divmodhi4>
    16dc:	e8 17       	cp	r30, r24
    16de:	f9 07       	cpc	r31, r25
    16e0:	09 f4       	brne	.+2      	; 0x16e4 <__vector_18+0x68>
    16e2:	53 c0       	rjmp	.+166    	; 0x178a <__vector_18+0x10e>
		return; 
		}//queue full 상태
		
		rx_buff[u_rear][i] = '\0';
    16e4:	20 91 f7 02 	lds	r18, 0x02F7	; 0x8002f7 <u_rear>
    16e8:	30 91 f8 02 	lds	r19, 0x02F8	; 0x8002f8 <u_rear+0x1>
    16ec:	80 91 f3 02 	lds	r24, 0x02F3	; 0x8002f3 <i.2078>
    16f0:	90 91 f4 02 	lds	r25, 0x02F4	; 0x8002f4 <i.2078+0x1>
    16f4:	40 e5       	ldi	r20, 0x50	; 80
    16f6:	42 9f       	mul	r20, r18
    16f8:	f0 01       	movw	r30, r0
    16fa:	43 9f       	mul	r20, r19
    16fc:	f0 0d       	add	r31, r0
    16fe:	11 24       	eor	r1, r1
    1700:	ea 59       	subi	r30, 0x9A	; 154
    1702:	fc 4f       	sbci	r31, 0xFC	; 252
    1704:	e8 0f       	add	r30, r24
    1706:	f9 1f       	adc	r31, r25
    1708:	10 82       	st	Z, r1
		i = 0; //다음 string을 저장하기 위해서i를 0으로 만든다
    170a:	10 92 f4 02 	sts	0x02F4, r1	; 0x8002f4 <i.2078+0x1>
    170e:	10 92 f3 02 	sts	0x02F3, r1	; 0x8002f3 <i.2078>
		u_rear = (u_rear + 1) % QUEUE_SIZE; //0~9
    1712:	80 91 f7 02 	lds	r24, 0x02F7	; 0x8002f7 <u_rear>
    1716:	90 91 f8 02 	lds	r25, 0x02F8	; 0x8002f8 <u_rear+0x1>
    171a:	01 96       	adiw	r24, 0x01	; 1
    171c:	6a e0       	ldi	r22, 0x0A	; 10
    171e:	70 e0       	ldi	r23, 0x00	; 0
    1720:	68 d0       	rcall	.+208    	; 0x17f2 <__divmodhi4>
    1722:	90 93 f8 02 	sts	0x02F8, r25	; 0x8002f8 <u_rear+0x1>
    1726:	80 93 f7 02 	sts	0x02F7, r24	; 0x8002f7 <u_rear>
    172a:	2f c0       	rjmp	.+94     	; 0x178a <__vector_18+0x10e>
	}
	else
	{
		if((u_rear+1)% QUEUE_SIZE == u_front % QUEUE_SIZE){ //queue full 상태
    172c:	80 91 f7 02 	lds	r24, 0x02F7	; 0x8002f7 <u_rear>
    1730:	90 91 f8 02 	lds	r25, 0x02F8	; 0x8002f8 <u_rear+0x1>
    1734:	01 96       	adiw	r24, 0x01	; 1
    1736:	2a e0       	ldi	r18, 0x0A	; 10
    1738:	30 e0       	ldi	r19, 0x00	; 0
    173a:	b9 01       	movw	r22, r18
    173c:	5a d0       	rcall	.+180    	; 0x17f2 <__divmodhi4>
    173e:	fc 01       	movw	r30, r24
    1740:	80 91 f5 02 	lds	r24, 0x02F5	; 0x8002f5 <u_front>
    1744:	90 91 f6 02 	lds	r25, 0x02F6	; 0x8002f6 <u_front+0x1>
    1748:	b9 01       	movw	r22, r18
    174a:	53 d0       	rcall	.+166    	; 0x17f2 <__divmodhi4>
    174c:	e8 17       	cp	r30, r24
    174e:	f9 07       	cpc	r31, r25
    1750:	e1 f0       	breq	.+56     	; 0x178a <__vector_18+0x10e>
		return;
		}
		rx_buff[u_rear][i++] = data;
    1752:	60 91 f7 02 	lds	r22, 0x02F7	; 0x8002f7 <u_rear>
    1756:	70 91 f8 02 	lds	r23, 0x02F8	; 0x8002f8 <u_rear+0x1>
    175a:	80 91 f3 02 	lds	r24, 0x02F3	; 0x8002f3 <i.2078>
    175e:	90 91 f4 02 	lds	r25, 0x02F4	; 0x8002f4 <i.2078+0x1>
    1762:	9c 01       	movw	r18, r24
    1764:	2f 5f       	subi	r18, 0xFF	; 255
    1766:	3f 4f       	sbci	r19, 0xFF	; 255
    1768:	30 93 f4 02 	sts	0x02F4, r19	; 0x8002f4 <i.2078+0x1>
    176c:	20 93 f3 02 	sts	0x02F3, r18	; 0x8002f3 <i.2078>
    1770:	49 81       	ldd	r20, Y+1	; 0x01
    1772:	50 e5       	ldi	r21, 0x50	; 80
    1774:	56 9f       	mul	r21, r22
    1776:	90 01       	movw	r18, r0
    1778:	57 9f       	mul	r21, r23
    177a:	30 0d       	add	r19, r0
    177c:	11 24       	eor	r1, r1
    177e:	2a 59       	subi	r18, 0x9A	; 154
    1780:	3c 4f       	sbci	r19, 0xFC	; 252
    1782:	f9 01       	movw	r30, r18
    1784:	e8 0f       	add	r30, r24
    1786:	f9 1f       	adc	r31, r25
    1788:	40 83       	st	Z, r20
	}
}
    178a:	0f 90       	pop	r0
    178c:	df 91       	pop	r29
    178e:	cf 91       	pop	r28
    1790:	ff 91       	pop	r31
    1792:	ef 91       	pop	r30
    1794:	bf 91       	pop	r27
    1796:	af 91       	pop	r26
    1798:	9f 91       	pop	r25
    179a:	8f 91       	pop	r24
    179c:	7f 91       	pop	r23
    179e:	6f 91       	pop	r22
    17a0:	5f 91       	pop	r21
    17a2:	4f 91       	pop	r20
    17a4:	3f 91       	pop	r19
    17a6:	2f 91       	pop	r18
    17a8:	0f 90       	pop	r0
    17aa:	0b be       	out	0x3b, r0	; 59
    17ac:	0f 90       	pop	r0
    17ae:	0f be       	out	0x3f, r0	; 63
    17b0:	0f 90       	pop	r0
    17b2:	1f 90       	pop	r1
    17b4:	18 95       	reti

000017b6 <init_uart0>:

void init_uart0(void){
	
	//1.전송속도 : 9600bps
	UBRR0H = 0x00;
    17b6:	10 92 90 00 	sts	0x0090, r1	; 0x800090 <__TEXT_REGION_LENGTH__+0x7e0090>
	UBRR0L = 207; //9600BPS 표 8-9
    17ba:	8f ec       	ldi	r24, 0xCF	; 207
    17bc:	89 b9       	out	0x09, r24	; 9
	UCSR0A |= 1 << U2X0; //2배속 설정(sampling 8)
    17be:	8b b1       	in	r24, 0x0b	; 11
    17c0:	82 60       	ori	r24, 0x02	; 2
    17c2:	8b b9       	out	0x0b, r24	; 11
	//UART0를 송수신 다 가능하고 RX INT가 가능하도록 설정
	UCSR0B |= 1 << RXEN0 | 1 << TXEN0 | 1 << RXCIE0;
    17c4:	8a b1       	in	r24, 0x0a	; 10
    17c6:	88 69       	ori	r24, 0x98	; 152
    17c8:	8a b9       	out	0x0a, r24	; 10
    17ca:	08 95       	ret

000017cc <UART0_transmit>:
}

//UART0로 1byte를 전송하는 함수
void UART0_transmit(uint8_t data)
{
	while(!(UCSR0A & 1 << UDRE0)) // data가 송신중이면 송신이 끝날때 까지 기다림(비어있는지 확인하는 작업)
    17cc:	5d 9b       	sbis	0x0b, 5	; 11
    17ce:	fe cf       	rjmp	.-4      	; 0x17cc <UART0_transmit>
	; //No operation
	UDR0 = data; //HW전송 register에 data를 송신한다.
    17d0:	8c b9       	out	0x0c, r24	; 12
    17d2:	08 95       	ret

000017d4 <__mulsi3>:
    17d4:	db 01       	movw	r26, r22
    17d6:	8f 93       	push	r24
    17d8:	9f 93       	push	r25
    17da:	3a d0       	rcall	.+116    	; 0x1850 <__muluhisi3>
    17dc:	bf 91       	pop	r27
    17de:	af 91       	pop	r26
    17e0:	a2 9f       	mul	r26, r18
    17e2:	80 0d       	add	r24, r0
    17e4:	91 1d       	adc	r25, r1
    17e6:	a3 9f       	mul	r26, r19
    17e8:	90 0d       	add	r25, r0
    17ea:	b2 9f       	mul	r27, r18
    17ec:	90 0d       	add	r25, r0
    17ee:	11 24       	eor	r1, r1
    17f0:	08 95       	ret

000017f2 <__divmodhi4>:
    17f2:	97 fb       	bst	r25, 7
    17f4:	07 2e       	mov	r0, r23
    17f6:	16 f4       	brtc	.+4      	; 0x17fc <__divmodhi4+0xa>
    17f8:	00 94       	com	r0
    17fa:	06 d0       	rcall	.+12     	; 0x1808 <__divmodhi4_neg1>
    17fc:	77 fd       	sbrc	r23, 7
    17fe:	08 d0       	rcall	.+16     	; 0x1810 <__divmodhi4_neg2>
    1800:	31 d0       	rcall	.+98     	; 0x1864 <__udivmodhi4>
    1802:	07 fc       	sbrc	r0, 7
    1804:	05 d0       	rcall	.+10     	; 0x1810 <__divmodhi4_neg2>
    1806:	3e f4       	brtc	.+14     	; 0x1816 <__divmodhi4_exit>

00001808 <__divmodhi4_neg1>:
    1808:	90 95       	com	r25
    180a:	81 95       	neg	r24
    180c:	9f 4f       	sbci	r25, 0xFF	; 255
    180e:	08 95       	ret

00001810 <__divmodhi4_neg2>:
    1810:	70 95       	com	r23
    1812:	61 95       	neg	r22
    1814:	7f 4f       	sbci	r23, 0xFF	; 255

00001816 <__divmodhi4_exit>:
    1816:	08 95       	ret

00001818 <__divmodsi4>:
    1818:	05 2e       	mov	r0, r21
    181a:	97 fb       	bst	r25, 7
    181c:	16 f4       	brtc	.+4      	; 0x1822 <__divmodsi4+0xa>
    181e:	00 94       	com	r0
    1820:	0f d0       	rcall	.+30     	; 0x1840 <__negsi2>
    1822:	57 fd       	sbrc	r21, 7
    1824:	05 d0       	rcall	.+10     	; 0x1830 <__divmodsi4_neg2>
    1826:	32 d0       	rcall	.+100    	; 0x188c <__udivmodsi4>
    1828:	07 fc       	sbrc	r0, 7
    182a:	02 d0       	rcall	.+4      	; 0x1830 <__divmodsi4_neg2>
    182c:	46 f4       	brtc	.+16     	; 0x183e <__divmodsi4_exit>
    182e:	08 c0       	rjmp	.+16     	; 0x1840 <__negsi2>

00001830 <__divmodsi4_neg2>:
    1830:	50 95       	com	r21
    1832:	40 95       	com	r20
    1834:	30 95       	com	r19
    1836:	21 95       	neg	r18
    1838:	3f 4f       	sbci	r19, 0xFF	; 255
    183a:	4f 4f       	sbci	r20, 0xFF	; 255
    183c:	5f 4f       	sbci	r21, 0xFF	; 255

0000183e <__divmodsi4_exit>:
    183e:	08 95       	ret

00001840 <__negsi2>:
    1840:	90 95       	com	r25
    1842:	80 95       	com	r24
    1844:	70 95       	com	r23
    1846:	61 95       	neg	r22
    1848:	7f 4f       	sbci	r23, 0xFF	; 255
    184a:	8f 4f       	sbci	r24, 0xFF	; 255
    184c:	9f 4f       	sbci	r25, 0xFF	; 255
    184e:	08 95       	ret

00001850 <__muluhisi3>:
    1850:	3f d0       	rcall	.+126    	; 0x18d0 <__umulhisi3>
    1852:	a5 9f       	mul	r26, r21
    1854:	90 0d       	add	r25, r0
    1856:	b4 9f       	mul	r27, r20
    1858:	90 0d       	add	r25, r0
    185a:	a4 9f       	mul	r26, r20
    185c:	80 0d       	add	r24, r0
    185e:	91 1d       	adc	r25, r1
    1860:	11 24       	eor	r1, r1
    1862:	08 95       	ret

00001864 <__udivmodhi4>:
    1864:	aa 1b       	sub	r26, r26
    1866:	bb 1b       	sub	r27, r27
    1868:	51 e1       	ldi	r21, 0x11	; 17
    186a:	07 c0       	rjmp	.+14     	; 0x187a <__udivmodhi4_ep>

0000186c <__udivmodhi4_loop>:
    186c:	aa 1f       	adc	r26, r26
    186e:	bb 1f       	adc	r27, r27
    1870:	a6 17       	cp	r26, r22
    1872:	b7 07       	cpc	r27, r23
    1874:	10 f0       	brcs	.+4      	; 0x187a <__udivmodhi4_ep>
    1876:	a6 1b       	sub	r26, r22
    1878:	b7 0b       	sbc	r27, r23

0000187a <__udivmodhi4_ep>:
    187a:	88 1f       	adc	r24, r24
    187c:	99 1f       	adc	r25, r25
    187e:	5a 95       	dec	r21
    1880:	a9 f7       	brne	.-22     	; 0x186c <__udivmodhi4_loop>
    1882:	80 95       	com	r24
    1884:	90 95       	com	r25
    1886:	bc 01       	movw	r22, r24
    1888:	cd 01       	movw	r24, r26
    188a:	08 95       	ret

0000188c <__udivmodsi4>:
    188c:	a1 e2       	ldi	r26, 0x21	; 33
    188e:	1a 2e       	mov	r1, r26
    1890:	aa 1b       	sub	r26, r26
    1892:	bb 1b       	sub	r27, r27
    1894:	fd 01       	movw	r30, r26
    1896:	0d c0       	rjmp	.+26     	; 0x18b2 <__udivmodsi4_ep>

00001898 <__udivmodsi4_loop>:
    1898:	aa 1f       	adc	r26, r26
    189a:	bb 1f       	adc	r27, r27
    189c:	ee 1f       	adc	r30, r30
    189e:	ff 1f       	adc	r31, r31
    18a0:	a2 17       	cp	r26, r18
    18a2:	b3 07       	cpc	r27, r19
    18a4:	e4 07       	cpc	r30, r20
    18a6:	f5 07       	cpc	r31, r21
    18a8:	20 f0       	brcs	.+8      	; 0x18b2 <__udivmodsi4_ep>
    18aa:	a2 1b       	sub	r26, r18
    18ac:	b3 0b       	sbc	r27, r19
    18ae:	e4 0b       	sbc	r30, r20
    18b0:	f5 0b       	sbc	r31, r21

000018b2 <__udivmodsi4_ep>:
    18b2:	66 1f       	adc	r22, r22
    18b4:	77 1f       	adc	r23, r23
    18b6:	88 1f       	adc	r24, r24
    18b8:	99 1f       	adc	r25, r25
    18ba:	1a 94       	dec	r1
    18bc:	69 f7       	brne	.-38     	; 0x1898 <__udivmodsi4_loop>
    18be:	60 95       	com	r22
    18c0:	70 95       	com	r23
    18c2:	80 95       	com	r24
    18c4:	90 95       	com	r25
    18c6:	9b 01       	movw	r18, r22
    18c8:	ac 01       	movw	r20, r24
    18ca:	bd 01       	movw	r22, r26
    18cc:	cf 01       	movw	r24, r30
    18ce:	08 95       	ret

000018d0 <__umulhisi3>:
    18d0:	a2 9f       	mul	r26, r18
    18d2:	b0 01       	movw	r22, r0
    18d4:	b3 9f       	mul	r27, r19
    18d6:	c0 01       	movw	r24, r0
    18d8:	a3 9f       	mul	r26, r19
    18da:	70 0d       	add	r23, r0
    18dc:	81 1d       	adc	r24, r1
    18de:	11 24       	eor	r1, r1
    18e0:	91 1d       	adc	r25, r1
    18e2:	b2 9f       	mul	r27, r18
    18e4:	70 0d       	add	r23, r0
    18e6:	81 1d       	adc	r24, r1
    18e8:	11 24       	eor	r1, r1
    18ea:	91 1d       	adc	r25, r1
    18ec:	08 95       	ret

000018ee <printf>:
    18ee:	cf 93       	push	r28
    18f0:	df 93       	push	r29
    18f2:	cd b7       	in	r28, 0x3d	; 61
    18f4:	de b7       	in	r29, 0x3e	; 62
    18f6:	ae 01       	movw	r20, r28
    18f8:	4b 5f       	subi	r20, 0xFB	; 251
    18fa:	5f 4f       	sbci	r21, 0xFF	; 255
    18fc:	fa 01       	movw	r30, r20
    18fe:	61 91       	ld	r22, Z+
    1900:	71 91       	ld	r23, Z+
    1902:	af 01       	movw	r20, r30
    1904:	80 91 88 06 	lds	r24, 0x0688	; 0x800688 <__iob+0x2>
    1908:	90 91 89 06 	lds	r25, 0x0689	; 0x800689 <__iob+0x3>
    190c:	66 d0       	rcall	.+204    	; 0x19da <vfprintf>
    190e:	df 91       	pop	r29
    1910:	cf 91       	pop	r28
    1912:	08 95       	ret

00001914 <putchar>:
    1914:	60 91 88 06 	lds	r22, 0x0688	; 0x800688 <__iob+0x2>
    1918:	70 91 89 06 	lds	r23, 0x0689	; 0x800689 <__iob+0x3>
    191c:	71 c2       	rjmp	.+1250   	; 0x1e00 <fputc>

0000191e <puts>:
    191e:	0f 93       	push	r16
    1920:	1f 93       	push	r17
    1922:	cf 93       	push	r28
    1924:	df 93       	push	r29
    1926:	e0 91 88 06 	lds	r30, 0x0688	; 0x800688 <__iob+0x2>
    192a:	f0 91 89 06 	lds	r31, 0x0689	; 0x800689 <__iob+0x3>
    192e:	23 81       	ldd	r18, Z+3	; 0x03
    1930:	21 ff       	sbrs	r18, 1
    1932:	1b c0       	rjmp	.+54     	; 0x196a <puts+0x4c>
    1934:	8c 01       	movw	r16, r24
    1936:	d0 e0       	ldi	r29, 0x00	; 0
    1938:	c0 e0       	ldi	r28, 0x00	; 0
    193a:	f8 01       	movw	r30, r16
    193c:	81 91       	ld	r24, Z+
    193e:	8f 01       	movw	r16, r30
    1940:	60 91 88 06 	lds	r22, 0x0688	; 0x800688 <__iob+0x2>
    1944:	70 91 89 06 	lds	r23, 0x0689	; 0x800689 <__iob+0x3>
    1948:	db 01       	movw	r26, r22
    194a:	18 96       	adiw	r26, 0x08	; 8
    194c:	ed 91       	ld	r30, X+
    194e:	fc 91       	ld	r31, X
    1950:	19 97       	sbiw	r26, 0x09	; 9
    1952:	88 23       	and	r24, r24
    1954:	31 f0       	breq	.+12     	; 0x1962 <puts+0x44>
    1956:	09 95       	icall
    1958:	89 2b       	or	r24, r25
    195a:	79 f3       	breq	.-34     	; 0x193a <puts+0x1c>
    195c:	df ef       	ldi	r29, 0xFF	; 255
    195e:	cf ef       	ldi	r28, 0xFF	; 255
    1960:	ec cf       	rjmp	.-40     	; 0x193a <puts+0x1c>
    1962:	8a e0       	ldi	r24, 0x0A	; 10
    1964:	09 95       	icall
    1966:	89 2b       	or	r24, r25
    1968:	19 f0       	breq	.+6      	; 0x1970 <puts+0x52>
    196a:	8f ef       	ldi	r24, 0xFF	; 255
    196c:	9f ef       	ldi	r25, 0xFF	; 255
    196e:	02 c0       	rjmp	.+4      	; 0x1974 <puts+0x56>
    1970:	8d 2f       	mov	r24, r29
    1972:	9c 2f       	mov	r25, r28
    1974:	df 91       	pop	r29
    1976:	cf 91       	pop	r28
    1978:	1f 91       	pop	r17
    197a:	0f 91       	pop	r16
    197c:	08 95       	ret

0000197e <sprintf>:
    197e:	0f 93       	push	r16
    1980:	1f 93       	push	r17
    1982:	cf 93       	push	r28
    1984:	df 93       	push	r29
    1986:	cd b7       	in	r28, 0x3d	; 61
    1988:	de b7       	in	r29, 0x3e	; 62
    198a:	2e 97       	sbiw	r28, 0x0e	; 14
    198c:	0f b6       	in	r0, 0x3f	; 63
    198e:	f8 94       	cli
    1990:	de bf       	out	0x3e, r29	; 62
    1992:	0f be       	out	0x3f, r0	; 63
    1994:	cd bf       	out	0x3d, r28	; 61
    1996:	0d 89       	ldd	r16, Y+21	; 0x15
    1998:	1e 89       	ldd	r17, Y+22	; 0x16
    199a:	86 e0       	ldi	r24, 0x06	; 6
    199c:	8c 83       	std	Y+4, r24	; 0x04
    199e:	1a 83       	std	Y+2, r17	; 0x02
    19a0:	09 83       	std	Y+1, r16	; 0x01
    19a2:	8f ef       	ldi	r24, 0xFF	; 255
    19a4:	9f e7       	ldi	r25, 0x7F	; 127
    19a6:	9e 83       	std	Y+6, r25	; 0x06
    19a8:	8d 83       	std	Y+5, r24	; 0x05
    19aa:	ae 01       	movw	r20, r28
    19ac:	47 5e       	subi	r20, 0xE7	; 231
    19ae:	5f 4f       	sbci	r21, 0xFF	; 255
    19b0:	6f 89       	ldd	r22, Y+23	; 0x17
    19b2:	78 8d       	ldd	r23, Y+24	; 0x18
    19b4:	ce 01       	movw	r24, r28
    19b6:	01 96       	adiw	r24, 0x01	; 1
    19b8:	10 d0       	rcall	.+32     	; 0x19da <vfprintf>
    19ba:	ef 81       	ldd	r30, Y+7	; 0x07
    19bc:	f8 85       	ldd	r31, Y+8	; 0x08
    19be:	e0 0f       	add	r30, r16
    19c0:	f1 1f       	adc	r31, r17
    19c2:	10 82       	st	Z, r1
    19c4:	2e 96       	adiw	r28, 0x0e	; 14
    19c6:	0f b6       	in	r0, 0x3f	; 63
    19c8:	f8 94       	cli
    19ca:	de bf       	out	0x3e, r29	; 62
    19cc:	0f be       	out	0x3f, r0	; 63
    19ce:	cd bf       	out	0x3d, r28	; 61
    19d0:	df 91       	pop	r29
    19d2:	cf 91       	pop	r28
    19d4:	1f 91       	pop	r17
    19d6:	0f 91       	pop	r16
    19d8:	08 95       	ret

000019da <vfprintf>:
    19da:	2f 92       	push	r2
    19dc:	3f 92       	push	r3
    19de:	4f 92       	push	r4
    19e0:	5f 92       	push	r5
    19e2:	6f 92       	push	r6
    19e4:	7f 92       	push	r7
    19e6:	8f 92       	push	r8
    19e8:	9f 92       	push	r9
    19ea:	af 92       	push	r10
    19ec:	bf 92       	push	r11
    19ee:	cf 92       	push	r12
    19f0:	df 92       	push	r13
    19f2:	ef 92       	push	r14
    19f4:	ff 92       	push	r15
    19f6:	0f 93       	push	r16
    19f8:	1f 93       	push	r17
    19fa:	cf 93       	push	r28
    19fc:	df 93       	push	r29
    19fe:	cd b7       	in	r28, 0x3d	; 61
    1a00:	de b7       	in	r29, 0x3e	; 62
    1a02:	2b 97       	sbiw	r28, 0x0b	; 11
    1a04:	0f b6       	in	r0, 0x3f	; 63
    1a06:	f8 94       	cli
    1a08:	de bf       	out	0x3e, r29	; 62
    1a0a:	0f be       	out	0x3f, r0	; 63
    1a0c:	cd bf       	out	0x3d, r28	; 61
    1a0e:	6c 01       	movw	r12, r24
    1a10:	7b 01       	movw	r14, r22
    1a12:	8a 01       	movw	r16, r20
    1a14:	fc 01       	movw	r30, r24
    1a16:	17 82       	std	Z+7, r1	; 0x07
    1a18:	16 82       	std	Z+6, r1	; 0x06
    1a1a:	83 81       	ldd	r24, Z+3	; 0x03
    1a1c:	81 ff       	sbrs	r24, 1
    1a1e:	bf c1       	rjmp	.+894    	; 0x1d9e <vfprintf+0x3c4>
    1a20:	ce 01       	movw	r24, r28
    1a22:	01 96       	adiw	r24, 0x01	; 1
    1a24:	3c 01       	movw	r6, r24
    1a26:	f6 01       	movw	r30, r12
    1a28:	93 81       	ldd	r25, Z+3	; 0x03
    1a2a:	f7 01       	movw	r30, r14
    1a2c:	93 fd       	sbrc	r25, 3
    1a2e:	85 91       	lpm	r24, Z+
    1a30:	93 ff       	sbrs	r25, 3
    1a32:	81 91       	ld	r24, Z+
    1a34:	7f 01       	movw	r14, r30
    1a36:	88 23       	and	r24, r24
    1a38:	09 f4       	brne	.+2      	; 0x1a3c <vfprintf+0x62>
    1a3a:	ad c1       	rjmp	.+858    	; 0x1d96 <vfprintf+0x3bc>
    1a3c:	85 32       	cpi	r24, 0x25	; 37
    1a3e:	39 f4       	brne	.+14     	; 0x1a4e <vfprintf+0x74>
    1a40:	93 fd       	sbrc	r25, 3
    1a42:	85 91       	lpm	r24, Z+
    1a44:	93 ff       	sbrs	r25, 3
    1a46:	81 91       	ld	r24, Z+
    1a48:	7f 01       	movw	r14, r30
    1a4a:	85 32       	cpi	r24, 0x25	; 37
    1a4c:	21 f4       	brne	.+8      	; 0x1a56 <vfprintf+0x7c>
    1a4e:	b6 01       	movw	r22, r12
    1a50:	90 e0       	ldi	r25, 0x00	; 0
    1a52:	d6 d1       	rcall	.+940    	; 0x1e00 <fputc>
    1a54:	e8 cf       	rjmp	.-48     	; 0x1a26 <vfprintf+0x4c>
    1a56:	91 2c       	mov	r9, r1
    1a58:	21 2c       	mov	r2, r1
    1a5a:	31 2c       	mov	r3, r1
    1a5c:	ff e1       	ldi	r31, 0x1F	; 31
    1a5e:	f3 15       	cp	r31, r3
    1a60:	d8 f0       	brcs	.+54     	; 0x1a98 <vfprintf+0xbe>
    1a62:	8b 32       	cpi	r24, 0x2B	; 43
    1a64:	79 f0       	breq	.+30     	; 0x1a84 <vfprintf+0xaa>
    1a66:	38 f4       	brcc	.+14     	; 0x1a76 <vfprintf+0x9c>
    1a68:	80 32       	cpi	r24, 0x20	; 32
    1a6a:	79 f0       	breq	.+30     	; 0x1a8a <vfprintf+0xb0>
    1a6c:	83 32       	cpi	r24, 0x23	; 35
    1a6e:	a1 f4       	brne	.+40     	; 0x1a98 <vfprintf+0xbe>
    1a70:	23 2d       	mov	r18, r3
    1a72:	20 61       	ori	r18, 0x10	; 16
    1a74:	1d c0       	rjmp	.+58     	; 0x1ab0 <vfprintf+0xd6>
    1a76:	8d 32       	cpi	r24, 0x2D	; 45
    1a78:	61 f0       	breq	.+24     	; 0x1a92 <vfprintf+0xb8>
    1a7a:	80 33       	cpi	r24, 0x30	; 48
    1a7c:	69 f4       	brne	.+26     	; 0x1a98 <vfprintf+0xbe>
    1a7e:	23 2d       	mov	r18, r3
    1a80:	21 60       	ori	r18, 0x01	; 1
    1a82:	16 c0       	rjmp	.+44     	; 0x1ab0 <vfprintf+0xd6>
    1a84:	83 2d       	mov	r24, r3
    1a86:	82 60       	ori	r24, 0x02	; 2
    1a88:	38 2e       	mov	r3, r24
    1a8a:	e3 2d       	mov	r30, r3
    1a8c:	e4 60       	ori	r30, 0x04	; 4
    1a8e:	3e 2e       	mov	r3, r30
    1a90:	2a c0       	rjmp	.+84     	; 0x1ae6 <vfprintf+0x10c>
    1a92:	f3 2d       	mov	r31, r3
    1a94:	f8 60       	ori	r31, 0x08	; 8
    1a96:	1d c0       	rjmp	.+58     	; 0x1ad2 <vfprintf+0xf8>
    1a98:	37 fc       	sbrc	r3, 7
    1a9a:	2d c0       	rjmp	.+90     	; 0x1af6 <vfprintf+0x11c>
    1a9c:	20 ed       	ldi	r18, 0xD0	; 208
    1a9e:	28 0f       	add	r18, r24
    1aa0:	2a 30       	cpi	r18, 0x0A	; 10
    1aa2:	40 f0       	brcs	.+16     	; 0x1ab4 <vfprintf+0xda>
    1aa4:	8e 32       	cpi	r24, 0x2E	; 46
    1aa6:	b9 f4       	brne	.+46     	; 0x1ad6 <vfprintf+0xfc>
    1aa8:	36 fc       	sbrc	r3, 6
    1aaa:	75 c1       	rjmp	.+746    	; 0x1d96 <vfprintf+0x3bc>
    1aac:	23 2d       	mov	r18, r3
    1aae:	20 64       	ori	r18, 0x40	; 64
    1ab0:	32 2e       	mov	r3, r18
    1ab2:	19 c0       	rjmp	.+50     	; 0x1ae6 <vfprintf+0x10c>
    1ab4:	36 fe       	sbrs	r3, 6
    1ab6:	06 c0       	rjmp	.+12     	; 0x1ac4 <vfprintf+0xea>
    1ab8:	8a e0       	ldi	r24, 0x0A	; 10
    1aba:	98 9e       	mul	r9, r24
    1abc:	20 0d       	add	r18, r0
    1abe:	11 24       	eor	r1, r1
    1ac0:	92 2e       	mov	r9, r18
    1ac2:	11 c0       	rjmp	.+34     	; 0x1ae6 <vfprintf+0x10c>
    1ac4:	ea e0       	ldi	r30, 0x0A	; 10
    1ac6:	2e 9e       	mul	r2, r30
    1ac8:	20 0d       	add	r18, r0
    1aca:	11 24       	eor	r1, r1
    1acc:	22 2e       	mov	r2, r18
    1ace:	f3 2d       	mov	r31, r3
    1ad0:	f0 62       	ori	r31, 0x20	; 32
    1ad2:	3f 2e       	mov	r3, r31
    1ad4:	08 c0       	rjmp	.+16     	; 0x1ae6 <vfprintf+0x10c>
    1ad6:	8c 36       	cpi	r24, 0x6C	; 108
    1ad8:	21 f4       	brne	.+8      	; 0x1ae2 <vfprintf+0x108>
    1ada:	83 2d       	mov	r24, r3
    1adc:	80 68       	ori	r24, 0x80	; 128
    1ade:	38 2e       	mov	r3, r24
    1ae0:	02 c0       	rjmp	.+4      	; 0x1ae6 <vfprintf+0x10c>
    1ae2:	88 36       	cpi	r24, 0x68	; 104
    1ae4:	41 f4       	brne	.+16     	; 0x1af6 <vfprintf+0x11c>
    1ae6:	f7 01       	movw	r30, r14
    1ae8:	93 fd       	sbrc	r25, 3
    1aea:	85 91       	lpm	r24, Z+
    1aec:	93 ff       	sbrs	r25, 3
    1aee:	81 91       	ld	r24, Z+
    1af0:	7f 01       	movw	r14, r30
    1af2:	81 11       	cpse	r24, r1
    1af4:	b3 cf       	rjmp	.-154    	; 0x1a5c <vfprintf+0x82>
    1af6:	98 2f       	mov	r25, r24
    1af8:	9f 7d       	andi	r25, 0xDF	; 223
    1afa:	95 54       	subi	r25, 0x45	; 69
    1afc:	93 30       	cpi	r25, 0x03	; 3
    1afe:	28 f4       	brcc	.+10     	; 0x1b0a <vfprintf+0x130>
    1b00:	0c 5f       	subi	r16, 0xFC	; 252
    1b02:	1f 4f       	sbci	r17, 0xFF	; 255
    1b04:	9f e3       	ldi	r25, 0x3F	; 63
    1b06:	99 83       	std	Y+1, r25	; 0x01
    1b08:	0d c0       	rjmp	.+26     	; 0x1b24 <vfprintf+0x14a>
    1b0a:	83 36       	cpi	r24, 0x63	; 99
    1b0c:	31 f0       	breq	.+12     	; 0x1b1a <vfprintf+0x140>
    1b0e:	83 37       	cpi	r24, 0x73	; 115
    1b10:	71 f0       	breq	.+28     	; 0x1b2e <vfprintf+0x154>
    1b12:	83 35       	cpi	r24, 0x53	; 83
    1b14:	09 f0       	breq	.+2      	; 0x1b18 <vfprintf+0x13e>
    1b16:	55 c0       	rjmp	.+170    	; 0x1bc2 <vfprintf+0x1e8>
    1b18:	20 c0       	rjmp	.+64     	; 0x1b5a <vfprintf+0x180>
    1b1a:	f8 01       	movw	r30, r16
    1b1c:	80 81       	ld	r24, Z
    1b1e:	89 83       	std	Y+1, r24	; 0x01
    1b20:	0e 5f       	subi	r16, 0xFE	; 254
    1b22:	1f 4f       	sbci	r17, 0xFF	; 255
    1b24:	88 24       	eor	r8, r8
    1b26:	83 94       	inc	r8
    1b28:	91 2c       	mov	r9, r1
    1b2a:	53 01       	movw	r10, r6
    1b2c:	12 c0       	rjmp	.+36     	; 0x1b52 <vfprintf+0x178>
    1b2e:	28 01       	movw	r4, r16
    1b30:	f2 e0       	ldi	r31, 0x02	; 2
    1b32:	4f 0e       	add	r4, r31
    1b34:	51 1c       	adc	r5, r1
    1b36:	f8 01       	movw	r30, r16
    1b38:	a0 80       	ld	r10, Z
    1b3a:	b1 80       	ldd	r11, Z+1	; 0x01
    1b3c:	36 fe       	sbrs	r3, 6
    1b3e:	03 c0       	rjmp	.+6      	; 0x1b46 <vfprintf+0x16c>
    1b40:	69 2d       	mov	r22, r9
    1b42:	70 e0       	ldi	r23, 0x00	; 0
    1b44:	02 c0       	rjmp	.+4      	; 0x1b4a <vfprintf+0x170>
    1b46:	6f ef       	ldi	r22, 0xFF	; 255
    1b48:	7f ef       	ldi	r23, 0xFF	; 255
    1b4a:	c5 01       	movw	r24, r10
    1b4c:	4e d1       	rcall	.+668    	; 0x1dea <strnlen>
    1b4e:	4c 01       	movw	r8, r24
    1b50:	82 01       	movw	r16, r4
    1b52:	f3 2d       	mov	r31, r3
    1b54:	ff 77       	andi	r31, 0x7F	; 127
    1b56:	3f 2e       	mov	r3, r31
    1b58:	15 c0       	rjmp	.+42     	; 0x1b84 <vfprintf+0x1aa>
    1b5a:	28 01       	movw	r4, r16
    1b5c:	22 e0       	ldi	r18, 0x02	; 2
    1b5e:	42 0e       	add	r4, r18
    1b60:	51 1c       	adc	r5, r1
    1b62:	f8 01       	movw	r30, r16
    1b64:	a0 80       	ld	r10, Z
    1b66:	b1 80       	ldd	r11, Z+1	; 0x01
    1b68:	36 fe       	sbrs	r3, 6
    1b6a:	03 c0       	rjmp	.+6      	; 0x1b72 <vfprintf+0x198>
    1b6c:	69 2d       	mov	r22, r9
    1b6e:	70 e0       	ldi	r23, 0x00	; 0
    1b70:	02 c0       	rjmp	.+4      	; 0x1b76 <vfprintf+0x19c>
    1b72:	6f ef       	ldi	r22, 0xFF	; 255
    1b74:	7f ef       	ldi	r23, 0xFF	; 255
    1b76:	c5 01       	movw	r24, r10
    1b78:	2d d1       	rcall	.+602    	; 0x1dd4 <strnlen_P>
    1b7a:	4c 01       	movw	r8, r24
    1b7c:	f3 2d       	mov	r31, r3
    1b7e:	f0 68       	ori	r31, 0x80	; 128
    1b80:	3f 2e       	mov	r3, r31
    1b82:	82 01       	movw	r16, r4
    1b84:	33 fc       	sbrc	r3, 3
    1b86:	19 c0       	rjmp	.+50     	; 0x1bba <vfprintf+0x1e0>
    1b88:	82 2d       	mov	r24, r2
    1b8a:	90 e0       	ldi	r25, 0x00	; 0
    1b8c:	88 16       	cp	r8, r24
    1b8e:	99 06       	cpc	r9, r25
    1b90:	a0 f4       	brcc	.+40     	; 0x1bba <vfprintf+0x1e0>
    1b92:	b6 01       	movw	r22, r12
    1b94:	80 e2       	ldi	r24, 0x20	; 32
    1b96:	90 e0       	ldi	r25, 0x00	; 0
    1b98:	33 d1       	rcall	.+614    	; 0x1e00 <fputc>
    1b9a:	2a 94       	dec	r2
    1b9c:	f5 cf       	rjmp	.-22     	; 0x1b88 <vfprintf+0x1ae>
    1b9e:	f5 01       	movw	r30, r10
    1ba0:	37 fc       	sbrc	r3, 7
    1ba2:	85 91       	lpm	r24, Z+
    1ba4:	37 fe       	sbrs	r3, 7
    1ba6:	81 91       	ld	r24, Z+
    1ba8:	5f 01       	movw	r10, r30
    1baa:	b6 01       	movw	r22, r12
    1bac:	90 e0       	ldi	r25, 0x00	; 0
    1bae:	28 d1       	rcall	.+592    	; 0x1e00 <fputc>
    1bb0:	21 10       	cpse	r2, r1
    1bb2:	2a 94       	dec	r2
    1bb4:	21 e0       	ldi	r18, 0x01	; 1
    1bb6:	82 1a       	sub	r8, r18
    1bb8:	91 08       	sbc	r9, r1
    1bba:	81 14       	cp	r8, r1
    1bbc:	91 04       	cpc	r9, r1
    1bbe:	79 f7       	brne	.-34     	; 0x1b9e <vfprintf+0x1c4>
    1bc0:	e1 c0       	rjmp	.+450    	; 0x1d84 <vfprintf+0x3aa>
    1bc2:	84 36       	cpi	r24, 0x64	; 100
    1bc4:	11 f0       	breq	.+4      	; 0x1bca <vfprintf+0x1f0>
    1bc6:	89 36       	cpi	r24, 0x69	; 105
    1bc8:	39 f5       	brne	.+78     	; 0x1c18 <vfprintf+0x23e>
    1bca:	f8 01       	movw	r30, r16
    1bcc:	37 fe       	sbrs	r3, 7
    1bce:	07 c0       	rjmp	.+14     	; 0x1bde <vfprintf+0x204>
    1bd0:	60 81       	ld	r22, Z
    1bd2:	71 81       	ldd	r23, Z+1	; 0x01
    1bd4:	82 81       	ldd	r24, Z+2	; 0x02
    1bd6:	93 81       	ldd	r25, Z+3	; 0x03
    1bd8:	0c 5f       	subi	r16, 0xFC	; 252
    1bda:	1f 4f       	sbci	r17, 0xFF	; 255
    1bdc:	08 c0       	rjmp	.+16     	; 0x1bee <vfprintf+0x214>
    1bde:	60 81       	ld	r22, Z
    1be0:	71 81       	ldd	r23, Z+1	; 0x01
    1be2:	07 2e       	mov	r0, r23
    1be4:	00 0c       	add	r0, r0
    1be6:	88 0b       	sbc	r24, r24
    1be8:	99 0b       	sbc	r25, r25
    1bea:	0e 5f       	subi	r16, 0xFE	; 254
    1bec:	1f 4f       	sbci	r17, 0xFF	; 255
    1bee:	f3 2d       	mov	r31, r3
    1bf0:	ff 76       	andi	r31, 0x6F	; 111
    1bf2:	3f 2e       	mov	r3, r31
    1bf4:	97 ff       	sbrs	r25, 7
    1bf6:	09 c0       	rjmp	.+18     	; 0x1c0a <vfprintf+0x230>
    1bf8:	90 95       	com	r25
    1bfa:	80 95       	com	r24
    1bfc:	70 95       	com	r23
    1bfe:	61 95       	neg	r22
    1c00:	7f 4f       	sbci	r23, 0xFF	; 255
    1c02:	8f 4f       	sbci	r24, 0xFF	; 255
    1c04:	9f 4f       	sbci	r25, 0xFF	; 255
    1c06:	f0 68       	ori	r31, 0x80	; 128
    1c08:	3f 2e       	mov	r3, r31
    1c0a:	2a e0       	ldi	r18, 0x0A	; 10
    1c0c:	30 e0       	ldi	r19, 0x00	; 0
    1c0e:	a3 01       	movw	r20, r6
    1c10:	33 d1       	rcall	.+614    	; 0x1e78 <__ultoa_invert>
    1c12:	88 2e       	mov	r8, r24
    1c14:	86 18       	sub	r8, r6
    1c16:	44 c0       	rjmp	.+136    	; 0x1ca0 <vfprintf+0x2c6>
    1c18:	85 37       	cpi	r24, 0x75	; 117
    1c1a:	31 f4       	brne	.+12     	; 0x1c28 <vfprintf+0x24e>
    1c1c:	23 2d       	mov	r18, r3
    1c1e:	2f 7e       	andi	r18, 0xEF	; 239
    1c20:	b2 2e       	mov	r11, r18
    1c22:	2a e0       	ldi	r18, 0x0A	; 10
    1c24:	30 e0       	ldi	r19, 0x00	; 0
    1c26:	25 c0       	rjmp	.+74     	; 0x1c72 <vfprintf+0x298>
    1c28:	93 2d       	mov	r25, r3
    1c2a:	99 7f       	andi	r25, 0xF9	; 249
    1c2c:	b9 2e       	mov	r11, r25
    1c2e:	8f 36       	cpi	r24, 0x6F	; 111
    1c30:	c1 f0       	breq	.+48     	; 0x1c62 <vfprintf+0x288>
    1c32:	18 f4       	brcc	.+6      	; 0x1c3a <vfprintf+0x260>
    1c34:	88 35       	cpi	r24, 0x58	; 88
    1c36:	79 f0       	breq	.+30     	; 0x1c56 <vfprintf+0x27c>
    1c38:	ae c0       	rjmp	.+348    	; 0x1d96 <vfprintf+0x3bc>
    1c3a:	80 37       	cpi	r24, 0x70	; 112
    1c3c:	19 f0       	breq	.+6      	; 0x1c44 <vfprintf+0x26a>
    1c3e:	88 37       	cpi	r24, 0x78	; 120
    1c40:	21 f0       	breq	.+8      	; 0x1c4a <vfprintf+0x270>
    1c42:	a9 c0       	rjmp	.+338    	; 0x1d96 <vfprintf+0x3bc>
    1c44:	e9 2f       	mov	r30, r25
    1c46:	e0 61       	ori	r30, 0x10	; 16
    1c48:	be 2e       	mov	r11, r30
    1c4a:	b4 fe       	sbrs	r11, 4
    1c4c:	0d c0       	rjmp	.+26     	; 0x1c68 <vfprintf+0x28e>
    1c4e:	fb 2d       	mov	r31, r11
    1c50:	f4 60       	ori	r31, 0x04	; 4
    1c52:	bf 2e       	mov	r11, r31
    1c54:	09 c0       	rjmp	.+18     	; 0x1c68 <vfprintf+0x28e>
    1c56:	34 fe       	sbrs	r3, 4
    1c58:	0a c0       	rjmp	.+20     	; 0x1c6e <vfprintf+0x294>
    1c5a:	29 2f       	mov	r18, r25
    1c5c:	26 60       	ori	r18, 0x06	; 6
    1c5e:	b2 2e       	mov	r11, r18
    1c60:	06 c0       	rjmp	.+12     	; 0x1c6e <vfprintf+0x294>
    1c62:	28 e0       	ldi	r18, 0x08	; 8
    1c64:	30 e0       	ldi	r19, 0x00	; 0
    1c66:	05 c0       	rjmp	.+10     	; 0x1c72 <vfprintf+0x298>
    1c68:	20 e1       	ldi	r18, 0x10	; 16
    1c6a:	30 e0       	ldi	r19, 0x00	; 0
    1c6c:	02 c0       	rjmp	.+4      	; 0x1c72 <vfprintf+0x298>
    1c6e:	20 e1       	ldi	r18, 0x10	; 16
    1c70:	32 e0       	ldi	r19, 0x02	; 2
    1c72:	f8 01       	movw	r30, r16
    1c74:	b7 fe       	sbrs	r11, 7
    1c76:	07 c0       	rjmp	.+14     	; 0x1c86 <vfprintf+0x2ac>
    1c78:	60 81       	ld	r22, Z
    1c7a:	71 81       	ldd	r23, Z+1	; 0x01
    1c7c:	82 81       	ldd	r24, Z+2	; 0x02
    1c7e:	93 81       	ldd	r25, Z+3	; 0x03
    1c80:	0c 5f       	subi	r16, 0xFC	; 252
    1c82:	1f 4f       	sbci	r17, 0xFF	; 255
    1c84:	06 c0       	rjmp	.+12     	; 0x1c92 <vfprintf+0x2b8>
    1c86:	60 81       	ld	r22, Z
    1c88:	71 81       	ldd	r23, Z+1	; 0x01
    1c8a:	80 e0       	ldi	r24, 0x00	; 0
    1c8c:	90 e0       	ldi	r25, 0x00	; 0
    1c8e:	0e 5f       	subi	r16, 0xFE	; 254
    1c90:	1f 4f       	sbci	r17, 0xFF	; 255
    1c92:	a3 01       	movw	r20, r6
    1c94:	f1 d0       	rcall	.+482    	; 0x1e78 <__ultoa_invert>
    1c96:	88 2e       	mov	r8, r24
    1c98:	86 18       	sub	r8, r6
    1c9a:	fb 2d       	mov	r31, r11
    1c9c:	ff 77       	andi	r31, 0x7F	; 127
    1c9e:	3f 2e       	mov	r3, r31
    1ca0:	36 fe       	sbrs	r3, 6
    1ca2:	0d c0       	rjmp	.+26     	; 0x1cbe <vfprintf+0x2e4>
    1ca4:	23 2d       	mov	r18, r3
    1ca6:	2e 7f       	andi	r18, 0xFE	; 254
    1ca8:	a2 2e       	mov	r10, r18
    1caa:	89 14       	cp	r8, r9
    1cac:	58 f4       	brcc	.+22     	; 0x1cc4 <vfprintf+0x2ea>
    1cae:	34 fe       	sbrs	r3, 4
    1cb0:	0b c0       	rjmp	.+22     	; 0x1cc8 <vfprintf+0x2ee>
    1cb2:	32 fc       	sbrc	r3, 2
    1cb4:	09 c0       	rjmp	.+18     	; 0x1cc8 <vfprintf+0x2ee>
    1cb6:	83 2d       	mov	r24, r3
    1cb8:	8e 7e       	andi	r24, 0xEE	; 238
    1cba:	a8 2e       	mov	r10, r24
    1cbc:	05 c0       	rjmp	.+10     	; 0x1cc8 <vfprintf+0x2ee>
    1cbe:	b8 2c       	mov	r11, r8
    1cc0:	a3 2c       	mov	r10, r3
    1cc2:	03 c0       	rjmp	.+6      	; 0x1cca <vfprintf+0x2f0>
    1cc4:	b8 2c       	mov	r11, r8
    1cc6:	01 c0       	rjmp	.+2      	; 0x1cca <vfprintf+0x2f0>
    1cc8:	b9 2c       	mov	r11, r9
    1cca:	a4 fe       	sbrs	r10, 4
    1ccc:	0f c0       	rjmp	.+30     	; 0x1cec <vfprintf+0x312>
    1cce:	fe 01       	movw	r30, r28
    1cd0:	e8 0d       	add	r30, r8
    1cd2:	f1 1d       	adc	r31, r1
    1cd4:	80 81       	ld	r24, Z
    1cd6:	80 33       	cpi	r24, 0x30	; 48
    1cd8:	21 f4       	brne	.+8      	; 0x1ce2 <vfprintf+0x308>
    1cda:	9a 2d       	mov	r25, r10
    1cdc:	99 7e       	andi	r25, 0xE9	; 233
    1cde:	a9 2e       	mov	r10, r25
    1ce0:	09 c0       	rjmp	.+18     	; 0x1cf4 <vfprintf+0x31a>
    1ce2:	a2 fe       	sbrs	r10, 2
    1ce4:	06 c0       	rjmp	.+12     	; 0x1cf2 <vfprintf+0x318>
    1ce6:	b3 94       	inc	r11
    1ce8:	b3 94       	inc	r11
    1cea:	04 c0       	rjmp	.+8      	; 0x1cf4 <vfprintf+0x31a>
    1cec:	8a 2d       	mov	r24, r10
    1cee:	86 78       	andi	r24, 0x86	; 134
    1cf0:	09 f0       	breq	.+2      	; 0x1cf4 <vfprintf+0x31a>
    1cf2:	b3 94       	inc	r11
    1cf4:	a3 fc       	sbrc	r10, 3
    1cf6:	10 c0       	rjmp	.+32     	; 0x1d18 <vfprintf+0x33e>
    1cf8:	a0 fe       	sbrs	r10, 0
    1cfa:	06 c0       	rjmp	.+12     	; 0x1d08 <vfprintf+0x32e>
    1cfc:	b2 14       	cp	r11, r2
    1cfe:	80 f4       	brcc	.+32     	; 0x1d20 <vfprintf+0x346>
    1d00:	28 0c       	add	r2, r8
    1d02:	92 2c       	mov	r9, r2
    1d04:	9b 18       	sub	r9, r11
    1d06:	0d c0       	rjmp	.+26     	; 0x1d22 <vfprintf+0x348>
    1d08:	b2 14       	cp	r11, r2
    1d0a:	58 f4       	brcc	.+22     	; 0x1d22 <vfprintf+0x348>
    1d0c:	b6 01       	movw	r22, r12
    1d0e:	80 e2       	ldi	r24, 0x20	; 32
    1d10:	90 e0       	ldi	r25, 0x00	; 0
    1d12:	76 d0       	rcall	.+236    	; 0x1e00 <fputc>
    1d14:	b3 94       	inc	r11
    1d16:	f8 cf       	rjmp	.-16     	; 0x1d08 <vfprintf+0x32e>
    1d18:	b2 14       	cp	r11, r2
    1d1a:	18 f4       	brcc	.+6      	; 0x1d22 <vfprintf+0x348>
    1d1c:	2b 18       	sub	r2, r11
    1d1e:	02 c0       	rjmp	.+4      	; 0x1d24 <vfprintf+0x34a>
    1d20:	98 2c       	mov	r9, r8
    1d22:	21 2c       	mov	r2, r1
    1d24:	a4 fe       	sbrs	r10, 4
    1d26:	0f c0       	rjmp	.+30     	; 0x1d46 <vfprintf+0x36c>
    1d28:	b6 01       	movw	r22, r12
    1d2a:	80 e3       	ldi	r24, 0x30	; 48
    1d2c:	90 e0       	ldi	r25, 0x00	; 0
    1d2e:	68 d0       	rcall	.+208    	; 0x1e00 <fputc>
    1d30:	a2 fe       	sbrs	r10, 2
    1d32:	16 c0       	rjmp	.+44     	; 0x1d60 <vfprintf+0x386>
    1d34:	a1 fc       	sbrc	r10, 1
    1d36:	03 c0       	rjmp	.+6      	; 0x1d3e <vfprintf+0x364>
    1d38:	88 e7       	ldi	r24, 0x78	; 120
    1d3a:	90 e0       	ldi	r25, 0x00	; 0
    1d3c:	02 c0       	rjmp	.+4      	; 0x1d42 <vfprintf+0x368>
    1d3e:	88 e5       	ldi	r24, 0x58	; 88
    1d40:	90 e0       	ldi	r25, 0x00	; 0
    1d42:	b6 01       	movw	r22, r12
    1d44:	0c c0       	rjmp	.+24     	; 0x1d5e <vfprintf+0x384>
    1d46:	8a 2d       	mov	r24, r10
    1d48:	86 78       	andi	r24, 0x86	; 134
    1d4a:	51 f0       	breq	.+20     	; 0x1d60 <vfprintf+0x386>
    1d4c:	a1 fe       	sbrs	r10, 1
    1d4e:	02 c0       	rjmp	.+4      	; 0x1d54 <vfprintf+0x37a>
    1d50:	8b e2       	ldi	r24, 0x2B	; 43
    1d52:	01 c0       	rjmp	.+2      	; 0x1d56 <vfprintf+0x37c>
    1d54:	80 e2       	ldi	r24, 0x20	; 32
    1d56:	a7 fc       	sbrc	r10, 7
    1d58:	8d e2       	ldi	r24, 0x2D	; 45
    1d5a:	b6 01       	movw	r22, r12
    1d5c:	90 e0       	ldi	r25, 0x00	; 0
    1d5e:	50 d0       	rcall	.+160    	; 0x1e00 <fputc>
    1d60:	89 14       	cp	r8, r9
    1d62:	30 f4       	brcc	.+12     	; 0x1d70 <vfprintf+0x396>
    1d64:	b6 01       	movw	r22, r12
    1d66:	80 e3       	ldi	r24, 0x30	; 48
    1d68:	90 e0       	ldi	r25, 0x00	; 0
    1d6a:	4a d0       	rcall	.+148    	; 0x1e00 <fputc>
    1d6c:	9a 94       	dec	r9
    1d6e:	f8 cf       	rjmp	.-16     	; 0x1d60 <vfprintf+0x386>
    1d70:	8a 94       	dec	r8
    1d72:	f3 01       	movw	r30, r6
    1d74:	e8 0d       	add	r30, r8
    1d76:	f1 1d       	adc	r31, r1
    1d78:	80 81       	ld	r24, Z
    1d7a:	b6 01       	movw	r22, r12
    1d7c:	90 e0       	ldi	r25, 0x00	; 0
    1d7e:	40 d0       	rcall	.+128    	; 0x1e00 <fputc>
    1d80:	81 10       	cpse	r8, r1
    1d82:	f6 cf       	rjmp	.-20     	; 0x1d70 <vfprintf+0x396>
    1d84:	22 20       	and	r2, r2
    1d86:	09 f4       	brne	.+2      	; 0x1d8a <vfprintf+0x3b0>
    1d88:	4e ce       	rjmp	.-868    	; 0x1a26 <vfprintf+0x4c>
    1d8a:	b6 01       	movw	r22, r12
    1d8c:	80 e2       	ldi	r24, 0x20	; 32
    1d8e:	90 e0       	ldi	r25, 0x00	; 0
    1d90:	37 d0       	rcall	.+110    	; 0x1e00 <fputc>
    1d92:	2a 94       	dec	r2
    1d94:	f7 cf       	rjmp	.-18     	; 0x1d84 <vfprintf+0x3aa>
    1d96:	f6 01       	movw	r30, r12
    1d98:	86 81       	ldd	r24, Z+6	; 0x06
    1d9a:	97 81       	ldd	r25, Z+7	; 0x07
    1d9c:	02 c0       	rjmp	.+4      	; 0x1da2 <vfprintf+0x3c8>
    1d9e:	8f ef       	ldi	r24, 0xFF	; 255
    1da0:	9f ef       	ldi	r25, 0xFF	; 255
    1da2:	2b 96       	adiw	r28, 0x0b	; 11
    1da4:	0f b6       	in	r0, 0x3f	; 63
    1da6:	f8 94       	cli
    1da8:	de bf       	out	0x3e, r29	; 62
    1daa:	0f be       	out	0x3f, r0	; 63
    1dac:	cd bf       	out	0x3d, r28	; 61
    1dae:	df 91       	pop	r29
    1db0:	cf 91       	pop	r28
    1db2:	1f 91       	pop	r17
    1db4:	0f 91       	pop	r16
    1db6:	ff 90       	pop	r15
    1db8:	ef 90       	pop	r14
    1dba:	df 90       	pop	r13
    1dbc:	cf 90       	pop	r12
    1dbe:	bf 90       	pop	r11
    1dc0:	af 90       	pop	r10
    1dc2:	9f 90       	pop	r9
    1dc4:	8f 90       	pop	r8
    1dc6:	7f 90       	pop	r7
    1dc8:	6f 90       	pop	r6
    1dca:	5f 90       	pop	r5
    1dcc:	4f 90       	pop	r4
    1dce:	3f 90       	pop	r3
    1dd0:	2f 90       	pop	r2
    1dd2:	08 95       	ret

00001dd4 <strnlen_P>:
    1dd4:	fc 01       	movw	r30, r24
    1dd6:	05 90       	lpm	r0, Z+
    1dd8:	61 50       	subi	r22, 0x01	; 1
    1dda:	70 40       	sbci	r23, 0x00	; 0
    1ddc:	01 10       	cpse	r0, r1
    1dde:	d8 f7       	brcc	.-10     	; 0x1dd6 <strnlen_P+0x2>
    1de0:	80 95       	com	r24
    1de2:	90 95       	com	r25
    1de4:	8e 0f       	add	r24, r30
    1de6:	9f 1f       	adc	r25, r31
    1de8:	08 95       	ret

00001dea <strnlen>:
    1dea:	fc 01       	movw	r30, r24
    1dec:	61 50       	subi	r22, 0x01	; 1
    1dee:	70 40       	sbci	r23, 0x00	; 0
    1df0:	01 90       	ld	r0, Z+
    1df2:	01 10       	cpse	r0, r1
    1df4:	d8 f7       	brcc	.-10     	; 0x1dec <strnlen+0x2>
    1df6:	80 95       	com	r24
    1df8:	90 95       	com	r25
    1dfa:	8e 0f       	add	r24, r30
    1dfc:	9f 1f       	adc	r25, r31
    1dfe:	08 95       	ret

00001e00 <fputc>:
    1e00:	0f 93       	push	r16
    1e02:	1f 93       	push	r17
    1e04:	cf 93       	push	r28
    1e06:	df 93       	push	r29
    1e08:	fb 01       	movw	r30, r22
    1e0a:	23 81       	ldd	r18, Z+3	; 0x03
    1e0c:	21 fd       	sbrc	r18, 1
    1e0e:	03 c0       	rjmp	.+6      	; 0x1e16 <fputc+0x16>
    1e10:	8f ef       	ldi	r24, 0xFF	; 255
    1e12:	9f ef       	ldi	r25, 0xFF	; 255
    1e14:	2c c0       	rjmp	.+88     	; 0x1e6e <fputc+0x6e>
    1e16:	22 ff       	sbrs	r18, 2
    1e18:	16 c0       	rjmp	.+44     	; 0x1e46 <fputc+0x46>
    1e1a:	46 81       	ldd	r20, Z+6	; 0x06
    1e1c:	57 81       	ldd	r21, Z+7	; 0x07
    1e1e:	24 81       	ldd	r18, Z+4	; 0x04
    1e20:	35 81       	ldd	r19, Z+5	; 0x05
    1e22:	42 17       	cp	r20, r18
    1e24:	53 07       	cpc	r21, r19
    1e26:	44 f4       	brge	.+16     	; 0x1e38 <fputc+0x38>
    1e28:	a0 81       	ld	r26, Z
    1e2a:	b1 81       	ldd	r27, Z+1	; 0x01
    1e2c:	9d 01       	movw	r18, r26
    1e2e:	2f 5f       	subi	r18, 0xFF	; 255
    1e30:	3f 4f       	sbci	r19, 0xFF	; 255
    1e32:	31 83       	std	Z+1, r19	; 0x01
    1e34:	20 83       	st	Z, r18
    1e36:	8c 93       	st	X, r24
    1e38:	26 81       	ldd	r18, Z+6	; 0x06
    1e3a:	37 81       	ldd	r19, Z+7	; 0x07
    1e3c:	2f 5f       	subi	r18, 0xFF	; 255
    1e3e:	3f 4f       	sbci	r19, 0xFF	; 255
    1e40:	37 83       	std	Z+7, r19	; 0x07
    1e42:	26 83       	std	Z+6, r18	; 0x06
    1e44:	14 c0       	rjmp	.+40     	; 0x1e6e <fputc+0x6e>
    1e46:	8b 01       	movw	r16, r22
    1e48:	ec 01       	movw	r28, r24
    1e4a:	fb 01       	movw	r30, r22
    1e4c:	00 84       	ldd	r0, Z+8	; 0x08
    1e4e:	f1 85       	ldd	r31, Z+9	; 0x09
    1e50:	e0 2d       	mov	r30, r0
    1e52:	09 95       	icall
    1e54:	89 2b       	or	r24, r25
    1e56:	e1 f6       	brne	.-72     	; 0x1e10 <fputc+0x10>
    1e58:	d8 01       	movw	r26, r16
    1e5a:	16 96       	adiw	r26, 0x06	; 6
    1e5c:	8d 91       	ld	r24, X+
    1e5e:	9c 91       	ld	r25, X
    1e60:	17 97       	sbiw	r26, 0x07	; 7
    1e62:	01 96       	adiw	r24, 0x01	; 1
    1e64:	17 96       	adiw	r26, 0x07	; 7
    1e66:	9c 93       	st	X, r25
    1e68:	8e 93       	st	-X, r24
    1e6a:	16 97       	sbiw	r26, 0x06	; 6
    1e6c:	ce 01       	movw	r24, r28
    1e6e:	df 91       	pop	r29
    1e70:	cf 91       	pop	r28
    1e72:	1f 91       	pop	r17
    1e74:	0f 91       	pop	r16
    1e76:	08 95       	ret

00001e78 <__ultoa_invert>:
    1e78:	fa 01       	movw	r30, r20
    1e7a:	aa 27       	eor	r26, r26
    1e7c:	28 30       	cpi	r18, 0x08	; 8
    1e7e:	51 f1       	breq	.+84     	; 0x1ed4 <__ultoa_invert+0x5c>
    1e80:	20 31       	cpi	r18, 0x10	; 16
    1e82:	81 f1       	breq	.+96     	; 0x1ee4 <__ultoa_invert+0x6c>
    1e84:	e8 94       	clt
    1e86:	6f 93       	push	r22
    1e88:	6e 7f       	andi	r22, 0xFE	; 254
    1e8a:	6e 5f       	subi	r22, 0xFE	; 254
    1e8c:	7f 4f       	sbci	r23, 0xFF	; 255
    1e8e:	8f 4f       	sbci	r24, 0xFF	; 255
    1e90:	9f 4f       	sbci	r25, 0xFF	; 255
    1e92:	af 4f       	sbci	r26, 0xFF	; 255
    1e94:	b1 e0       	ldi	r27, 0x01	; 1
    1e96:	3e d0       	rcall	.+124    	; 0x1f14 <__ultoa_invert+0x9c>
    1e98:	b4 e0       	ldi	r27, 0x04	; 4
    1e9a:	3c d0       	rcall	.+120    	; 0x1f14 <__ultoa_invert+0x9c>
    1e9c:	67 0f       	add	r22, r23
    1e9e:	78 1f       	adc	r23, r24
    1ea0:	89 1f       	adc	r24, r25
    1ea2:	9a 1f       	adc	r25, r26
    1ea4:	a1 1d       	adc	r26, r1
    1ea6:	68 0f       	add	r22, r24
    1ea8:	79 1f       	adc	r23, r25
    1eaa:	8a 1f       	adc	r24, r26
    1eac:	91 1d       	adc	r25, r1
    1eae:	a1 1d       	adc	r26, r1
    1eb0:	6a 0f       	add	r22, r26
    1eb2:	71 1d       	adc	r23, r1
    1eb4:	81 1d       	adc	r24, r1
    1eb6:	91 1d       	adc	r25, r1
    1eb8:	a1 1d       	adc	r26, r1
    1eba:	20 d0       	rcall	.+64     	; 0x1efc <__ultoa_invert+0x84>
    1ebc:	09 f4       	brne	.+2      	; 0x1ec0 <__ultoa_invert+0x48>
    1ebe:	68 94       	set
    1ec0:	3f 91       	pop	r19
    1ec2:	2a e0       	ldi	r18, 0x0A	; 10
    1ec4:	26 9f       	mul	r18, r22
    1ec6:	11 24       	eor	r1, r1
    1ec8:	30 19       	sub	r19, r0
    1eca:	30 5d       	subi	r19, 0xD0	; 208
    1ecc:	31 93       	st	Z+, r19
    1ece:	de f6       	brtc	.-74     	; 0x1e86 <__ultoa_invert+0xe>
    1ed0:	cf 01       	movw	r24, r30
    1ed2:	08 95       	ret
    1ed4:	46 2f       	mov	r20, r22
    1ed6:	47 70       	andi	r20, 0x07	; 7
    1ed8:	40 5d       	subi	r20, 0xD0	; 208
    1eda:	41 93       	st	Z+, r20
    1edc:	b3 e0       	ldi	r27, 0x03	; 3
    1ede:	0f d0       	rcall	.+30     	; 0x1efe <__ultoa_invert+0x86>
    1ee0:	c9 f7       	brne	.-14     	; 0x1ed4 <__ultoa_invert+0x5c>
    1ee2:	f6 cf       	rjmp	.-20     	; 0x1ed0 <__ultoa_invert+0x58>
    1ee4:	46 2f       	mov	r20, r22
    1ee6:	4f 70       	andi	r20, 0x0F	; 15
    1ee8:	40 5d       	subi	r20, 0xD0	; 208
    1eea:	4a 33       	cpi	r20, 0x3A	; 58
    1eec:	18 f0       	brcs	.+6      	; 0x1ef4 <__ultoa_invert+0x7c>
    1eee:	49 5d       	subi	r20, 0xD9	; 217
    1ef0:	31 fd       	sbrc	r19, 1
    1ef2:	40 52       	subi	r20, 0x20	; 32
    1ef4:	41 93       	st	Z+, r20
    1ef6:	02 d0       	rcall	.+4      	; 0x1efc <__ultoa_invert+0x84>
    1ef8:	a9 f7       	brne	.-22     	; 0x1ee4 <__ultoa_invert+0x6c>
    1efa:	ea cf       	rjmp	.-44     	; 0x1ed0 <__ultoa_invert+0x58>
    1efc:	b4 e0       	ldi	r27, 0x04	; 4
    1efe:	a6 95       	lsr	r26
    1f00:	97 95       	ror	r25
    1f02:	87 95       	ror	r24
    1f04:	77 95       	ror	r23
    1f06:	67 95       	ror	r22
    1f08:	ba 95       	dec	r27
    1f0a:	c9 f7       	brne	.-14     	; 0x1efe <__ultoa_invert+0x86>
    1f0c:	00 97       	sbiw	r24, 0x00	; 0
    1f0e:	61 05       	cpc	r22, r1
    1f10:	71 05       	cpc	r23, r1
    1f12:	08 95       	ret
    1f14:	9b 01       	movw	r18, r22
    1f16:	ac 01       	movw	r20, r24
    1f18:	0a 2e       	mov	r0, r26
    1f1a:	06 94       	lsr	r0
    1f1c:	57 95       	ror	r21
    1f1e:	47 95       	ror	r20
    1f20:	37 95       	ror	r19
    1f22:	27 95       	ror	r18
    1f24:	ba 95       	dec	r27
    1f26:	c9 f7       	brne	.-14     	; 0x1f1a <__ultoa_invert+0xa2>
    1f28:	62 0f       	add	r22, r18
    1f2a:	73 1f       	adc	r23, r19
    1f2c:	84 1f       	adc	r24, r20
    1f2e:	95 1f       	adc	r25, r21
    1f30:	a0 1d       	adc	r26, r0
    1f32:	08 95       	ret

00001f34 <_exit>:
    1f34:	f8 94       	cli

00001f36 <__stop_program>:
    1f36:	ff cf       	rjmp	.-2      	; 0x1f36 <__stop_program>
