
11.MY_DS1302.elf:     file format elf32-avr

Sections:
Idx Name          Size      VMA       LMA       File off  Algn
  0 .data         000000c8  00800100  000013a8  0000143c  2**0
                  CONTENTS, ALLOC, LOAD, DATA
  1 .text         000013a8  00000000  00000000  00000094  2**1
                  CONTENTS, ALLOC, LOAD, READONLY, CODE
  2 .bss          0000032c  008001c8  008001c8  00001504  2**0
                  ALLOC
  3 .comment      0000005c  00000000  00000000  00001504  2**0
                  CONTENTS, READONLY
  4 .note.gnu.avr.deviceinfo 00000040  00000000  00000000  00001560  2**2
                  CONTENTS, READONLY
  5 .debug_aranges 000000e0  00000000  00000000  000015a0  2**0
                  CONTENTS, READONLY, DEBUGGING
  6 .debug_info   00001536  00000000  00000000  00001680  2**0
                  CONTENTS, READONLY, DEBUGGING
  7 .debug_abbrev 00000c4c  00000000  00000000  00002bb6  2**0
                  CONTENTS, READONLY, DEBUGGING
  8 .debug_line   000008ae  00000000  00000000  00003802  2**0
                  CONTENTS, READONLY, DEBUGGING
  9 .debug_frame  00000268  00000000  00000000  000040b0  2**2
                  CONTENTS, READONLY, DEBUGGING
 10 .debug_str    000005f5  00000000  00000000  00004318  2**0
                  CONTENTS, READONLY, DEBUGGING
 11 .debug_loc    00000889  00000000  00000000  0000490d  2**0
                  CONTENTS, READONLY, DEBUGGING
 12 .debug_ranges 000000c8  00000000  00000000  00005196  2**0
                  CONTENTS, READONLY, DEBUGGING

Disassembly of section .text:

00000000 <__vectors>:
       0:	4b c0       	rjmp	.+150    	; 0x98 <__ctors_end>
       2:	00 00       	nop
       4:	67 c0       	rjmp	.+206    	; 0xd4 <__bad_interrupt>
       6:	00 00       	nop
       8:	65 c0       	rjmp	.+202    	; 0xd4 <__bad_interrupt>
       a:	00 00       	nop
       c:	63 c0       	rjmp	.+198    	; 0xd4 <__bad_interrupt>
       e:	00 00       	nop
      10:	61 c0       	rjmp	.+194    	; 0xd4 <__bad_interrupt>
      12:	00 00       	nop
      14:	5f c0       	rjmp	.+190    	; 0xd4 <__bad_interrupt>
      16:	00 00       	nop
      18:	5d c0       	rjmp	.+186    	; 0xd4 <__bad_interrupt>
      1a:	00 00       	nop
      1c:	5b c0       	rjmp	.+182    	; 0xd4 <__bad_interrupt>
      1e:	00 00       	nop
      20:	59 c0       	rjmp	.+178    	; 0xd4 <__bad_interrupt>
      22:	00 00       	nop
      24:	57 c0       	rjmp	.+174    	; 0xd4 <__bad_interrupt>
      26:	00 00       	nop
      28:	55 c0       	rjmp	.+170    	; 0xd4 <__bad_interrupt>
      2a:	00 00       	nop
      2c:	53 c0       	rjmp	.+166    	; 0xd4 <__bad_interrupt>
      2e:	00 00       	nop
      30:	51 c0       	rjmp	.+162    	; 0xd4 <__bad_interrupt>
      32:	00 00       	nop
      34:	4f c0       	rjmp	.+158    	; 0xd4 <__bad_interrupt>
      36:	00 00       	nop
      38:	4d c0       	rjmp	.+154    	; 0xd4 <__bad_interrupt>
      3a:	00 00       	nop
      3c:	4b c0       	rjmp	.+150    	; 0xd4 <__bad_interrupt>
      3e:	00 00       	nop
      40:	49 c0       	rjmp	.+146    	; 0xd4 <__bad_interrupt>
      42:	00 00       	nop
      44:	47 c0       	rjmp	.+142    	; 0xd4 <__bad_interrupt>
      46:	00 00       	nop
      48:	c2 c1       	rjmp	.+900    	; 0x3ce <__vector_18>
      4a:	00 00       	nop
      4c:	43 c0       	rjmp	.+134    	; 0xd4 <__bad_interrupt>
      4e:	00 00       	nop
      50:	41 c0       	rjmp	.+130    	; 0xd4 <__bad_interrupt>
      52:	00 00       	nop
      54:	3f c0       	rjmp	.+126    	; 0xd4 <__bad_interrupt>
      56:	00 00       	nop
      58:	3d c0       	rjmp	.+122    	; 0xd4 <__bad_interrupt>
      5a:	00 00       	nop
      5c:	3b c0       	rjmp	.+118    	; 0xd4 <__bad_interrupt>
      5e:	00 00       	nop
      60:	39 c0       	rjmp	.+114    	; 0xd4 <__bad_interrupt>
      62:	00 00       	nop
      64:	37 c0       	rjmp	.+110    	; 0xd4 <__bad_interrupt>
      66:	00 00       	nop
      68:	35 c0       	rjmp	.+106    	; 0xd4 <__bad_interrupt>
      6a:	00 00       	nop
      6c:	33 c0       	rjmp	.+102    	; 0xd4 <__bad_interrupt>
      6e:	00 00       	nop
      70:	31 c0       	rjmp	.+98     	; 0xd4 <__bad_interrupt>
      72:	00 00       	nop
      74:	2f c0       	rjmp	.+94     	; 0xd4 <__bad_interrupt>
      76:	00 00       	nop
      78:	2d c0       	rjmp	.+90     	; 0xd4 <__bad_interrupt>
      7a:	00 00       	nop
      7c:	2b c0       	rjmp	.+86     	; 0xd4 <__bad_interrupt>
      7e:	00 00       	nop
      80:	29 c0       	rjmp	.+82     	; 0xd4 <__bad_interrupt>
      82:	00 00       	nop
      84:	27 c0       	rjmp	.+78     	; 0xd4 <__bad_interrupt>
      86:	00 00       	nop
      88:	25 c0       	rjmp	.+74     	; 0xd4 <__bad_interrupt>
	...

0000008c <__trampolines_end>:
      8c:	63 64       	ori	r22, 0x43	; 67
      8e:	69 6e       	ori	r22, 0xE9	; 233
      90:	6f 70       	andi	r22, 0x0F	; 15
      92:	73 75       	andi	r23, 0x53	; 83
      94:	78 58       	subi	r23, 0x88	; 136
      96:	5b 00       	.word	0x005b	; ????

00000098 <__ctors_end>:
      98:	11 24       	eor	r1, r1
      9a:	1f be       	out	0x3f, r1	; 63
      9c:	cf ef       	ldi	r28, 0xFF	; 255
      9e:	d0 e1       	ldi	r29, 0x10	; 16
      a0:	de bf       	out	0x3e, r29	; 62
      a2:	cd bf       	out	0x3d, r28	; 61

000000a4 <__do_copy_data>:
      a4:	11 e0       	ldi	r17, 0x01	; 1
      a6:	a0 e0       	ldi	r26, 0x00	; 0
      a8:	b1 e0       	ldi	r27, 0x01	; 1
      aa:	e8 ea       	ldi	r30, 0xA8	; 168
      ac:	f3 e1       	ldi	r31, 0x13	; 19
      ae:	00 e0       	ldi	r16, 0x00	; 0
      b0:	0b bf       	out	0x3b, r16	; 59
      b2:	02 c0       	rjmp	.+4      	; 0xb8 <__do_copy_data+0x14>
      b4:	07 90       	elpm	r0, Z+
      b6:	0d 92       	st	X+, r0
      b8:	a8 3c       	cpi	r26, 0xC8	; 200
      ba:	b1 07       	cpc	r27, r17
      bc:	d9 f7       	brne	.-10     	; 0xb4 <__do_copy_data+0x10>

000000be <__do_clear_bss>:
      be:	24 e0       	ldi	r18, 0x04	; 4
      c0:	a8 ec       	ldi	r26, 0xC8	; 200
      c2:	b1 e0       	ldi	r27, 0x01	; 1
      c4:	01 c0       	rjmp	.+2      	; 0xc8 <.do_clear_bss_start>

000000c6 <.do_clear_bss_loop>:
      c6:	1d 92       	st	X+, r1

000000c8 <.do_clear_bss_start>:
      c8:	a4 3f       	cpi	r26, 0xF4	; 244
      ca:	b2 07       	cpc	r27, r18
      cc:	e1 f7       	brne	.-8      	; 0xc6 <.do_clear_bss_loop>
      ce:	75 d1       	rcall	.+746    	; 0x3ba <main>
      d0:	0c 94 d2 09 	jmp	0x13a4	; 0x13a4 <_exit>

000000d4 <__bad_interrupt>:
      d4:	95 cf       	rjmp	.-214    	; 0x0 <__vectors>

000000d6 <dec2bcd>:
}

uint8_t dec2bcd(uint8_t data)
{
	uint8_t high, low;
	high = (data/10) << 4; 
      d6:	9d ec       	ldi	r25, 0xCD	; 205
      d8:	89 9f       	mul	r24, r25
      da:	91 2d       	mov	r25, r1
      dc:	11 24       	eor	r1, r1
      de:	96 95       	lsr	r25
      e0:	96 95       	lsr	r25
      e2:	96 95       	lsr	r25
	low = data % 10;
      e4:	39 2f       	mov	r19, r25
      e6:	33 0f       	add	r19, r19
      e8:	23 2f       	mov	r18, r19
      ea:	22 0f       	add	r18, r18
      ec:	22 0f       	add	r18, r18
      ee:	23 0f       	add	r18, r19
      f0:	82 1b       	sub	r24, r18
	return(high+low);
}
      f2:	30 e1       	ldi	r19, 0x10	; 16
      f4:	93 9f       	mul	r25, r19
      f6:	80 0d       	add	r24, r0
      f8:	11 24       	eor	r1, r1
      fa:	08 95       	ret

000000fc <bcd2dec>:

uint8_t bcd2dec(uint8_t data)
{
	uint8_t high, low;
	low = data & 0x0F;
      fc:	38 2f       	mov	r19, r24
      fe:	3f 70       	andi	r19, 0x0F	; 15
	high = (data >> 4) * 10;
     100:	98 2f       	mov	r25, r24
     102:	92 95       	swap	r25
     104:	9f 70       	andi	r25, 0x0F	; 15
     106:	99 0f       	add	r25, r25
     108:	29 2f       	mov	r18, r25
     10a:	22 0f       	add	r18, r18
     10c:	22 0f       	add	r18, r18
     10e:	89 2f       	mov	r24, r25
     110:	82 0f       	add	r24, r18
	return(high+low);
}
     112:	83 0f       	add	r24, r19
     114:	08 95       	ret

00000116 <clock_ds1302>:
}

void clock_ds1302(void)
{
	// LOW ----> HIGH ----> LOW
	DS1302_CLK_PORT &= ~(1<<DS1302_CLK);
     116:	e2 e6       	ldi	r30, 0x62	; 98
     118:	f0 e0       	ldi	r31, 0x00	; 0
     11a:	80 81       	ld	r24, Z
     11c:	8e 7f       	andi	r24, 0xFE	; 254
     11e:	80 83       	st	Z, r24
	#else
		//round up by default
		__ticks_dc = (uint32_t)(ceil(fabs(__tmp)));
	#endif

	__builtin_avr_delay_cycles(__ticks_dc);
     120:	85 e0       	ldi	r24, 0x05	; 5
     122:	8a 95       	dec	r24
     124:	f1 f7       	brne	.-4      	; 0x122 <clock_ds1302+0xc>
     126:	00 00       	nop
	_delay_us(1);
	DS1302_CLK_PORT |= 1<<DS1302_CLK;
     128:	80 81       	ld	r24, Z
     12a:	81 60       	ori	r24, 0x01	; 1
     12c:	80 83       	st	Z, r24
     12e:	85 e0       	ldi	r24, 0x05	; 5
     130:	8a 95       	dec	r24
     132:	f1 f7       	brne	.-4      	; 0x130 <clock_ds1302+0x1a>
     134:	00 00       	nop
	_delay_us(1);
	DS1302_CLK_PORT &= ~(1<<DS1302_CLK);
     136:	80 81       	ld	r24, Z
     138:	8e 7f       	andi	r24, 0xFE	; 254
     13a:	80 83       	st	Z, r24
     13c:	85 e0       	ldi	r24, 0x05	; 5
     13e:	8a 95       	dec	r24
     140:	f1 f7       	brne	.-4      	; 0x13e <clock_ds1302+0x28>
     142:	00 00       	nop
     144:	08 95       	ret

00000146 <rx_ds1302>:

	return (bcd2dec(data8bits));
}

void rx_ds1302(uint8_t *pdata8bits)
{
     146:	ef 92       	push	r14
     148:	ff 92       	push	r15
     14a:	1f 93       	push	r17
     14c:	cf 93       	push	r28
     14e:	df 93       	push	r29
     150:	7c 01       	movw	r14, r24
	uint8_t temp = 0;
	DS1302_DAT_DDR &= ~(1 << DS1302_DAT); // read mode 
     152:	e1 e6       	ldi	r30, 0x61	; 97
     154:	f0 e0       	ldi	r31, 0x00	; 0
     156:	80 81       	ld	r24, Z
     158:	8d 7f       	andi	r24, 0xFD	; 253
     15a:	80 83       	st	Z, r24
	
	for (int i=0; i < 8; i++)
     15c:	c0 e0       	ldi	r28, 0x00	; 0
     15e:	d0 e0       	ldi	r29, 0x00	; 0
	return (bcd2dec(data8bits));
}

void rx_ds1302(uint8_t *pdata8bits)
{
	uint8_t temp = 0;
     160:	10 e0       	ldi	r17, 0x00	; 0
	DS1302_DAT_DDR &= ~(1 << DS1302_DAT); // read mode 
	
	for (int i=0; i < 8; i++)
     162:	10 c0       	rjmp	.+32     	; 0x184 <rx_ds1302+0x3e>
	{
		if(DS1302_DAT_PIN & (1 << DS1302_DAT))
     164:	01 9b       	sbis	0x00, 1	; 0
     166:	09 c0       	rjmp	.+18     	; 0x17a <rx_ds1302+0x34>
		{
			temp |= 1 << i; 		
     168:	81 e0       	ldi	r24, 0x01	; 1
     16a:	90 e0       	ldi	r25, 0x00	; 0
     16c:	0c 2e       	mov	r0, r28
     16e:	02 c0       	rjmp	.+4      	; 0x174 <rx_ds1302+0x2e>
     170:	88 0f       	add	r24, r24
     172:	99 1f       	adc	r25, r25
     174:	0a 94       	dec	r0
     176:	e2 f7       	brpl	.-8      	; 0x170 <rx_ds1302+0x2a>
     178:	18 2b       	or	r17, r24
		}
		if(i != 7) 
     17a:	c7 30       	cpi	r28, 0x07	; 7
     17c:	d1 05       	cpc	r29, r1
     17e:	09 f0       	breq	.+2      	; 0x182 <rx_ds1302+0x3c>
			clock_ds1302();
     180:	ca df       	rcall	.-108    	; 0x116 <clock_ds1302>
void rx_ds1302(uint8_t *pdata8bits)
{
	uint8_t temp = 0;
	DS1302_DAT_DDR &= ~(1 << DS1302_DAT); // read mode 
	
	for (int i=0; i < 8; i++)
     182:	21 96       	adiw	r28, 0x01	; 1
     184:	c8 30       	cpi	r28, 0x08	; 8
     186:	d1 05       	cpc	r29, r1
     188:	6c f3       	brlt	.-38     	; 0x164 <rx_ds1302+0x1e>
			temp |= 1 << i; 		
		}
		if(i != 7) 
			clock_ds1302();
	}
	*pdata8bits = temp;
     18a:	f7 01       	movw	r30, r14
     18c:	10 83       	st	Z, r17
}
     18e:	df 91       	pop	r29
     190:	cf 91       	pop	r28
     192:	1f 91       	pop	r17
     194:	ff 90       	pop	r15
     196:	ef 90       	pop	r14
     198:	08 95       	ret

0000019a <tx_ds1302>:
	DS1302_RST_PORT &= ~(1 << DS1302_RST);
}


void tx_ds1302(uint8_t data)
{
     19a:	1f 93       	push	r17
     19c:	cf 93       	push	r28
     19e:	df 93       	push	r29
     1a0:	18 2f       	mov	r17, r24
	DS1302_DAT_DDR |= 1 << DS1302_DAT;
     1a2:	e1 e6       	ldi	r30, 0x61	; 97
     1a4:	f0 e0       	ldi	r31, 0x00	; 0
     1a6:	80 81       	ld	r24, Z
     1a8:	82 60       	ori	r24, 0x02	; 2
     1aa:	80 83       	st	Z, r24
	for (int i=0; i < 8; i++)
     1ac:	c0 e0       	ldi	r28, 0x00	; 0
     1ae:	d0 e0       	ldi	r29, 0x00	; 0
     1b0:	17 c0       	rjmp	.+46     	; 0x1e0 <tx_ds1302+0x46>
	{
		if (data & (1 << i))
     1b2:	81 2f       	mov	r24, r17
     1b4:	90 e0       	ldi	r25, 0x00	; 0
     1b6:	0c 2e       	mov	r0, r28
     1b8:	02 c0       	rjmp	.+4      	; 0x1be <tx_ds1302+0x24>
     1ba:	95 95       	asr	r25
     1bc:	87 95       	ror	r24
     1be:	0a 94       	dec	r0
     1c0:	e2 f7       	brpl	.-8      	; 0x1ba <tx_ds1302+0x20>
     1c2:	80 ff       	sbrs	r24, 0
     1c4:	06 c0       	rjmp	.+12     	; 0x1d2 <tx_ds1302+0x38>
			DS1302_DAT_PORT |= 1 << DS1302_DAT; 
     1c6:	e2 e6       	ldi	r30, 0x62	; 98
     1c8:	f0 e0       	ldi	r31, 0x00	; 0
     1ca:	80 81       	ld	r24, Z
     1cc:	82 60       	ori	r24, 0x02	; 2
     1ce:	80 83       	st	Z, r24
     1d0:	05 c0       	rjmp	.+10     	; 0x1dc <tx_ds1302+0x42>
		else
			DS1302_DAT_PORT &= ~(1 << DS1302_DAT); 
     1d2:	e2 e6       	ldi	r30, 0x62	; 98
     1d4:	f0 e0       	ldi	r31, 0x00	; 0
     1d6:	80 81       	ld	r24, Z
     1d8:	8d 7f       	andi	r24, 0xFD	; 253
     1da:	80 83       	st	Z, r24
		clock_ds1302();
     1dc:	9c df       	rcall	.-200    	; 0x116 <clock_ds1302>


void tx_ds1302(uint8_t data)
{
	DS1302_DAT_DDR |= 1 << DS1302_DAT;
	for (int i=0; i < 8; i++)
     1de:	21 96       	adiw	r28, 0x01	; 1
     1e0:	c8 30       	cpi	r28, 0x08	; 8
     1e2:	d1 05       	cpc	r29, r1
     1e4:	34 f3       	brlt	.-52     	; 0x1b2 <tx_ds1302+0x18>
			DS1302_DAT_PORT |= 1 << DS1302_DAT; 
		else
			DS1302_DAT_PORT &= ~(1 << DS1302_DAT); 
		clock_ds1302();
	}	
}
     1e6:	df 91       	pop	r29
     1e8:	cf 91       	pop	r28
     1ea:	1f 91       	pop	r17
     1ec:	08 95       	ret

000001ee <read_ds1302>:
	p_ds1302->month = read_ds1302(ADDR_MONTH);
	p_ds1302->date  = read_ds1302(ADDR_DATE);
}

uint8_t read_ds1302(uint8_t addr)
{
     1ee:	0f 93       	push	r16
     1f0:	1f 93       	push	r17
     1f2:	cf 93       	push	r28
     1f4:	df 93       	push	r29
     1f6:	1f 92       	push	r1
     1f8:	cd b7       	in	r28, 0x3d	; 61
     1fa:	de b7       	in	r29, 0x3e	; 62
	uint8_t data8bits = 0;
     1fc:	19 82       	std	Y+1, r1	; 0x01
	
	DS1302_RST_PORT |= 1 << DS1302_RST;
     1fe:	02 e6       	ldi	r16, 0x62	; 98
     200:	10 e0       	ldi	r17, 0x00	; 0
     202:	f8 01       	movw	r30, r16
     204:	90 81       	ld	r25, Z
     206:	94 60       	ori	r25, 0x04	; 4
     208:	90 83       	st	Z, r25
     20a:	fa e0       	ldi	r31, 0x0A	; 10
     20c:	fa 95       	dec	r31
     20e:	f1 f7       	brne	.-4      	; 0x20c <read_ds1302+0x1e>
     210:	00 c0       	rjmp	.+0      	; 0x212 <read_ds1302+0x24>
	_delay_us(2); 

	tx_ds1302(addr | 0x01);
     212:	81 60       	ori	r24, 0x01	; 1
     214:	c2 df       	rcall	.-124    	; 0x19a <tx_ds1302>
	
	rx_ds1302(&data8bits);
     216:	ce 01       	movw	r24, r28
     218:	01 96       	adiw	r24, 0x01	; 1
     21a:	95 df       	rcall	.-214    	; 0x146 <rx_ds1302>

	DS1302_RST_PORT &= ~(1 << DS1302_RST);
     21c:	f8 01       	movw	r30, r16
     21e:	80 81       	ld	r24, Z
     220:	8b 7f       	andi	r24, 0xFB	; 251
     222:	80 83       	st	Z, r24
     224:	fa e0       	ldi	r31, 0x0A	; 10
     226:	fa 95       	dec	r31
     228:	f1 f7       	brne	.-4      	; 0x226 <read_ds1302+0x38>
	_delay_us(2);

	return (bcd2dec(data8bits));
     22a:	00 c0       	rjmp	.+0      	; 0x22c <read_ds1302+0x3e>
     22c:	89 81       	ldd	r24, Y+1	; 0x01
     22e:	66 df       	rcall	.-308    	; 0xfc <bcd2dec>
}
     230:	0f 90       	pop	r0
     232:	df 91       	pop	r29
     234:	cf 91       	pop	r28
     236:	1f 91       	pop	r17
     238:	0f 91       	pop	r16
     23a:	08 95       	ret

0000023c <read_time_ds1302>:
			delay_count = 0; // 카운터 초기화
		}
	}
}
void read_time_ds1302(t_ds1302 *p_ds1302)
{
     23c:	cf 93       	push	r28
     23e:	df 93       	push	r29
     240:	ec 01       	movw	r28, r24
	p_ds1302->seconds = read_ds1302(ADDR_SECONDS);
     242:	80 e8       	ldi	r24, 0x80	; 128
     244:	d4 df       	rcall	.-88     	; 0x1ee <read_ds1302>
     246:	88 83       	st	Y, r24
	p_ds1302->minutes = read_ds1302(ADDR_MINUTES);
     248:	82 e8       	ldi	r24, 0x82	; 130
     24a:	d1 df       	rcall	.-94     	; 0x1ee <read_ds1302>
     24c:	89 83       	std	Y+1, r24	; 0x01
	p_ds1302->hour    = read_ds1302(ADDR_HOUR);
     24e:	84 e8       	ldi	r24, 0x84	; 132
     250:	ce df       	rcall	.-100    	; 0x1ee <read_ds1302>
     252:	8a 83       	std	Y+2, r24	; 0x02
     254:	df 91       	pop	r29
}
     256:	cf 91       	pop	r28
     258:	08 95       	ret

0000025a <read_date_ds1302>:
     25a:	cf 93       	push	r28

void read_date_ds1302(t_ds1302 *p_ds1302)
{
     25c:	df 93       	push	r29
     25e:	ec 01       	movw	r28, r24
	p_ds1302->year  = read_ds1302(ADDR_YEAR);
     260:	8c e8       	ldi	r24, 0x8C	; 140
     262:	c5 df       	rcall	.-118    	; 0x1ee <read_ds1302>
     264:	8e 83       	std	Y+6, r24	; 0x06
	p_ds1302->month = read_ds1302(ADDR_MONTH);
     266:	88 e8       	ldi	r24, 0x88	; 136
     268:	c2 df       	rcall	.-124    	; 0x1ee <read_ds1302>
     26a:	8c 83       	std	Y+4, r24	; 0x04
	p_ds1302->date  = read_ds1302(ADDR_DATE);
     26c:	86 e8       	ldi	r24, 0x86	; 134
     26e:	bf df       	rcall	.-130    	; 0x1ee <read_ds1302>
     270:	8b 83       	std	Y+3, r24	; 0x03
     272:	df 91       	pop	r29
}
     274:	cf 91       	pop	r28
     276:	08 95       	ret

00000278 <write_ds1302>:
     278:	1f 93       	push	r17
	high = (data >> 4) * 10;
	return(high+low);
}

void write_ds1302(uint8_t addr, uint8_t data)
{
     27a:	cf 93       	push	r28
     27c:	df 93       	push	r29
     27e:	16 2f       	mov	r17, r22
	// 1. CE low --> High
	DS1302_RST_PORT |= 1 << DS1302_RST;
     280:	c2 e6       	ldi	r28, 0x62	; 98
     282:	d0 e0       	ldi	r29, 0x00	; 0
     284:	98 81       	ld	r25, Y
     286:	94 60       	ori	r25, 0x04	; 4
     288:	98 83       	st	Y, r25
     28a:	9a e1       	ldi	r25, 0x1A	; 26
     28c:	9a 95       	dec	r25
     28e:	f1 f7       	brne	.-4      	; 0x28c <write_ds1302+0x14>
     290:	00 c0       	rjmp	.+0      	; 0x292 <write_ds1302+0x1a>
	_delay_us(5);

	// 2. ADDR 전송
	tx_ds1302(addr);
     292:	83 df       	rcall	.-250    	; 0x19a <tx_ds1302>

	// 3. DATA 전송
	tx_ds1302(dec2bcd(data));
     294:	81 2f       	mov	r24, r17
     296:	1f df       	rcall	.-450    	; 0xd6 <dec2bcd>
     298:	80 df       	rcall	.-256    	; 0x19a <tx_ds1302>

	// 4. CE HIGH ---> LOW
	DS1302_RST_PORT &= ~(1 << DS1302_RST);
     29a:	88 81       	ld	r24, Y
     29c:	8b 7f       	andi	r24, 0xFB	; 251
     29e:	88 83       	st	Y, r24
}
     2a0:	df 91       	pop	r29
     2a2:	cf 91       	pop	r28
     2a4:	1f 91       	pop	r17
     2a6:	08 95       	ret

000002a8 <init_ds1302>:
	}
	*pdata8bits = temp;
}

void init_ds1302(t_ds1302 *p_ds1302)
{
     2a8:	cf 93       	push	r28
     2aa:	df 93       	push	r29
     2ac:	ec 01       	movw	r28, r24
	write_ds1302(ADDR_WRITEPROTECTED, 0x00); 
     2ae:	60 e0       	ldi	r22, 0x00	; 0
     2b0:	8e e8       	ldi	r24, 0x8E	; 142
     2b2:	e2 df       	rcall	.-60     	; 0x278 <write_ds1302>

	write_ds1302(ADDR_SECONDS, p_ds1302->seconds);
     2b4:	68 81       	ld	r22, Y
     2b6:	80 e8       	ldi	r24, 0x80	; 128
     2b8:	df df       	rcall	.-66     	; 0x278 <write_ds1302>
	write_ds1302(ADDR_MINUTES, p_ds1302->minutes);
     2ba:	69 81       	ldd	r22, Y+1	; 0x01
     2bc:	82 e8       	ldi	r24, 0x82	; 130
     2be:	dc df       	rcall	.-72     	; 0x278 <write_ds1302>
	write_ds1302(ADDR_HOUR, p_ds1302->hour);
     2c0:	6a 81       	ldd	r22, Y+2	; 0x02
     2c2:	84 e8       	ldi	r24, 0x84	; 132
     2c4:	d9 df       	rcall	.-78     	; 0x278 <write_ds1302>
	write_ds1302(ADDR_DATE, p_ds1302->date);
     2c6:	6b 81       	ldd	r22, Y+3	; 0x03
     2c8:	86 e8       	ldi	r24, 0x86	; 134
     2ca:	d6 df       	rcall	.-84     	; 0x278 <write_ds1302>
	write_ds1302(ADDR_MONTH, p_ds1302->month);
     2cc:	6c 81       	ldd	r22, Y+4	; 0x04
     2ce:	88 e8       	ldi	r24, 0x88	; 136
     2d0:	d3 df       	rcall	.-90     	; 0x278 <write_ds1302>
	write_ds1302(ADDR_DAYOFWEEK, p_ds1302->dayofweek);
     2d2:	6d 81       	ldd	r22, Y+5	; 0x05
     2d4:	8a e8       	ldi	r24, 0x8A	; 138
     2d6:	d0 df       	rcall	.-96     	; 0x278 <write_ds1302>
     2d8:	6e 81       	ldd	r22, Y+6	; 0x06
	write_ds1302(ADDR_YEAR, p_ds1302->year);
     2da:	8c e8       	ldi	r24, 0x8C	; 140
     2dc:	cd df       	rcall	.-102    	; 0x278 <write_ds1302>
     2de:	df 91       	pop	r29
     2e0:	cf 91       	pop	r28
}
     2e2:	08 95       	ret

000002e4 <init_ddr_ds1302>:
     2e4:	e1 e6       	ldi	r30, 0x61	; 97
     2e6:	f0 e0       	ldi	r31, 0x00	; 0
	_delay_us(1);
}

void init_ddr_ds1302(void)
{
	DDRF &= ~(1 << DS1302_CLK | 1 << DS1302_DAT | 1 << DS1302_RST);
     2e8:	80 81       	ld	r24, Z
     2ea:	88 7f       	andi	r24, 0xF8	; 248
     2ec:	80 83       	st	Z, r24
	DDRF |= (1 << DS1302_CLK | 1 << DS1302_DAT | 1 << DS1302_RST); 
     2ee:	80 81       	ld	r24, Z
     2f0:	87 60       	ori	r24, 0x07	; 7
     2f2:	80 83       	st	Z, r24
     2f4:	08 95       	ret

000002f6 <init_gpio_ds1302>:
}

void init_gpio_ds1302(void)
{
	DS1302_CLK_PORT &= ~(1 << DS1302_CLK | 1 << DS1302_DAT | 1 << DS1302_RST);
     2f6:	e2 e6       	ldi	r30, 0x62	; 98
     2f8:	f0 e0       	ldi	r31, 0x00	; 0
     2fa:	80 81       	ld	r24, Z
     2fc:	88 7f       	andi	r24, 0xF8	; 248
     2fe:	80 83       	st	Z, r24
	#else
		//round up by default
		__ticks_dc = (uint32_t)(ceil(fabs(__tmp)));
	#endif

	__builtin_avr_delay_cycles(__ticks_dc);
     300:	8f e3       	ldi	r24, 0x3F	; 63
     302:	9f e1       	ldi	r25, 0x1F	; 31
     304:	01 97       	sbiw	r24, 0x01	; 1
     306:	f1 f7       	brne	.-4      	; 0x304 <init_gpio_ds1302+0xe>
     308:	00 c0       	rjmp	.+0      	; 0x30a <init_gpio_ds1302+0x14>
     30a:	00 00       	nop
     30c:	08 95       	ret

0000030e <init_data_time>:
	_delay_ms(2);
}

void init_data_time(t_ds1302 *p_ds1302)
{
     30e:	fc 01       	movw	r30, r24
	p_ds1302->year = 26;
     310:	9a e1       	ldi	r25, 0x1A	; 26
     312:	96 83       	std	Z+6, r25	; 0x06
	p_ds1302->month = 06;
     314:	86 e0       	ldi	r24, 0x06	; 6
     316:	84 83       	std	Z+4, r24	; 0x04
	p_ds1302->date = 26;
     318:	93 83       	std	Z+3, r25	; 0x03
	p_ds1302->dayofweek = 6;  
     31a:	85 83       	std	Z+5, r24	; 0x05
	p_ds1302->hour = 15;
     31c:	8f e0       	ldi	r24, 0x0F	; 15
     31e:	82 83       	std	Z+2, r24	; 0x02
	p_ds1302->minutes = 20;
     320:	84 e1       	ldi	r24, 0x14	; 20
     322:	81 83       	std	Z+1, r24	; 0x01
	p_ds1302->seconds = 00;
     324:	10 82       	st	Z, r1
     326:	08 95       	ret

00000328 <ds1302_main>:
void read_time_ds1302(t_ds1302 *p_ds1302);
void read_date_ds1302(t_ds1302 *p_ds1302);

// ds1302.c 내부의 ds1302_main 함수를 이 구조로 교체하세요!
void ds1302_main(void)
{
     328:	cf 93       	push	r28
     32a:	df 93       	push	r29
     32c:	cd b7       	in	r28, 0x3d	; 61
     32e:	de b7       	in	r29, 0x3e	; 62
     330:	29 97       	sbiw	r28, 0x09	; 9
     332:	0f b6       	in	r0, 0x3f	; 63
     334:	f8 94       	cli
     336:	de bf       	out	0x3e, r29	; 62
     338:	0f be       	out	0x3f, r0	; 63
     33a:	cd bf       	out	0x3d, r28	; 61
	t_ds1302 my_ds1302;
	int delay_count = 0; // 시계 출력 주기를 만들 카운터 변수
	
	init_data_time(&my_ds1302);
     33c:	ce 01       	movw	r24, r28
     33e:	01 96       	adiw	r24, 0x01	; 1
     340:	e6 df       	rcall	.-52     	; 0x30e <init_data_time>
	init_ddr_ds1302();
     342:	d0 df       	rcall	.-96     	; 0x2e4 <init_ddr_ds1302>
	init_gpio_ds1302();
     344:	d8 df       	rcall	.-80     	; 0x2f6 <init_gpio_ds1302>
	init_ds1302(&my_ds1302);
     346:	ce 01       	movw	r24, r28
     348:	01 96       	adiw	r24, 0x01	; 1
     34a:	ae df       	rcall	.-164    	; 0x2a8 <init_ds1302>
void read_time_ds1302(t_ds1302 *p_ds1302);
void read_date_ds1302(t_ds1302 *p_ds1302);

// ds1302.c 내부의 ds1302_main 함수를 이 구조로 교체하세요!
void ds1302_main(void)
{
     34c:	00 e0       	ldi	r16, 0x00	; 0
     34e:	10 e0       	ldi	r17, 0x00	; 0
	init_ds1302(&my_ds1302);
	
	while(1)
	{
		// 1. 아주 짧은 주기(1ms)로 PC 명령어가 들어왔는지 무조건 최우선 체크!
		pc_command_processing();
     350:	e4 d0       	rcall	.+456    	; 0x51a <pc_command_processing>
     352:	8f e9       	ldi	r24, 0x9F	; 159
     354:	9f e0       	ldi	r25, 0x0F	; 15
     356:	01 97       	sbiw	r24, 0x01	; 1
     358:	f1 f7       	brne	.-4      	; 0x356 <ds1302_main+0x2e>
     35a:	00 c0       	rjmp	.+0      	; 0x35c <ds1302_main+0x34>
     35c:	00 00       	nop
     35e:	0f 5f       	subi	r16, 0xFF	; 255
		_delay_ms(1);
		delay_count++;
     360:	1f 4f       	sbci	r17, 0xFF	; 255
     362:	08 3e       	cpi	r16, 0xE8	; 232

		// 2. 1ms가 500번 쌓여서 0.5초가 되었을 때만 시계를 화면에 출력!
		if (delay_count >= 1000)
     364:	93 e0       	ldi	r25, 0x03	; 3
     366:	19 07       	cpc	r17, r25
     368:	9c f3       	brlt	.-26     	; 0x350 <ds1302_main+0x28>
		{
			read_time_ds1302(&my_ds1302);
     36a:	ce 01       	movw	r24, r28
     36c:	01 96       	adiw	r24, 0x01	; 1
     36e:	66 df       	rcall	.-308    	; 0x23c <read_time_ds1302>
			read_date_ds1302(&my_ds1302);
     370:	ce 01       	movw	r24, r28
     372:	01 96       	adiw	r24, 0x01	; 1
     374:	72 df       	rcall	.-284    	; 0x25a <read_date_ds1302>
     376:	2c 81       	ldd	r18, Y+4	; 0x04
			
			printf("DATE %d-%d-%d\n", my_ds1302.year, my_ds1302.month, my_ds1302.date);
     378:	9d 81       	ldd	r25, Y+5	; 0x05
     37a:	8f 81       	ldd	r24, Y+7	; 0x07
     37c:	1f 92       	push	r1
     37e:	2f 93       	push	r18
     380:	1f 92       	push	r1
     382:	9f 93       	push	r25
     384:	1f 92       	push	r1
     386:	8f 93       	push	r24
     388:	8e e0       	ldi	r24, 0x0E	; 14
     38a:	91 e0       	ldi	r25, 0x01	; 1
     38c:	9f 93       	push	r25
     38e:	8f 93       	push	r24
     390:	c2 d1       	rcall	.+900    	; 0x716 <printf>
     392:	29 81       	ldd	r18, Y+1	; 0x01
			printf("TIME %d-%d-%d\n", my_ds1302.hour, my_ds1302.minutes, my_ds1302.seconds);
     394:	9a 81       	ldd	r25, Y+2	; 0x02
     396:	8b 81       	ldd	r24, Y+3	; 0x03
     398:	1f 92       	push	r1
     39a:	2f 93       	push	r18
     39c:	1f 92       	push	r1
     39e:	9f 93       	push	r25
     3a0:	1f 92       	push	r1
     3a2:	8f 93       	push	r24
     3a4:	8d e1       	ldi	r24, 0x1D	; 29
     3a6:	91 e0       	ldi	r25, 0x01	; 1
     3a8:	9f 93       	push	r25
     3aa:	8f 93       	push	r24
     3ac:	b4 d1       	rcall	.+872    	; 0x716 <printf>
     3ae:	0f b6       	in	r0, 0x3f	; 63
     3b0:	f8 94       	cli
     3b2:	de bf       	out	0x3e, r29	; 62
     3b4:	0f be       	out	0x3f, r0	; 63
     3b6:	cd bf       	out	0x3d, r28	; 61
     3b8:	c9 cf       	rjmp	.-110    	; 0x34c <ds1302_main+0x24>

000003ba <main>:
extern void ds1302_main(void);
extern void UART0_transmit(uint8_t data);
FILE OUTPUT = FDEV_SETUP_STREAM(UART0_transmit, NULL, _FDEV_SETUP_WRITE);
int main(void)
{
	init_uart0();
     3ba:	a0 d0       	rcall	.+320    	; 0x4fc <init_uart0>
	stdout = &OUTPUT;
     3bc:	80 e0       	ldi	r24, 0x00	; 0
     3be:	91 e0       	ldi	r25, 0x01	; 1
     3c0:	90 93 f1 04 	sts	0x04F1, r25	; 0x8004f1 <__iob+0x3>
     3c4:	80 93 f0 04 	sts	0x04F0, r24	; 0x8004f0 <__iob+0x2>
//	led_main();
		sei();
	ds1302_main();
     3c8:	78 94       	sei
     3ca:	ae df       	rcall	.-164    	; 0x328 <ds1302_main>
     3cc:	ff cf       	rjmp	.-2      	; 0x3cc <main+0x12>

000003ce <__vector_18>:
*/

// PC로부터 1byte가 들어오면 자동적으로 이곳으로 진입
// uart0.c 의 ISR 함수 부분을 이 내용으로 덮어쓰기 하세요!
ISR(USART0_RX_vect)
{
     3ce:	1f 92       	push	r1
     3d0:	0f 92       	push	r0
     3d2:	0f b6       	in	r0, 0x3f	; 63
     3d4:	0f 92       	push	r0
     3d6:	11 24       	eor	r1, r1
     3d8:	0b b6       	in	r0, 0x3b	; 59
     3da:	0f 92       	push	r0
     3dc:	2f 93       	push	r18
     3de:	3f 93       	push	r19
     3e0:	4f 93       	push	r20
     3e2:	5f 93       	push	r21
     3e4:	6f 93       	push	r22
     3e6:	7f 93       	push	r23
     3e8:	8f 93       	push	r24
     3ea:	9f 93       	push	r25
     3ec:	af 93       	push	r26
     3ee:	bf 93       	push	r27
     3f0:	ef 93       	push	r30
     3f2:	ff 93       	push	r31
     3f4:	cf 93       	push	r28
     3f6:	df 93       	push	r29
     3f8:	1f 92       	push	r1
     3fa:	cd b7       	in	r28, 0x3d	; 61
     3fc:	de b7       	in	r29, 0x3e	; 62
	volatile uint8_t data;
	volatile static int i = 0;
	
	data = UDR0; // 하드웨어에서 데이터 읽기
     3fe:	8c b1       	in	r24, 0x0c	; 12
     400:	89 83       	std	Y+1, r24	; 0x01
	
	// 엔터 키(\n 또는 \r)가 들어오면 문자열의 끝으로 처리
	if(data == '\n' || data == '\r')
     402:	89 81       	ldd	r24, Y+1	; 0x01
     404:	8a 30       	cpi	r24, 0x0A	; 10
     406:	19 f0       	breq	.+6      	; 0x40e <__LOCK_REGION_LENGTH__+0xe>
     408:	89 81       	ldd	r24, Y+1	; 0x01
     40a:	8d 30       	cpi	r24, 0x0D	; 13
     40c:	61 f5       	brne	.+88     	; 0x466 <__LOCK_REGION_LENGTH__+0x66>
	{
		if (i > 0) // 버퍼에 글자가 쌓여있을 때만 마감 처리
     40e:	80 91 c8 01 	lds	r24, 0x01C8	; 0x8001c8 <__data_end>
     412:	90 91 c9 01 	lds	r25, 0x01C9	; 0x8001c9 <__data_end+0x1>
     416:	18 16       	cp	r1, r24
     418:	19 06       	cpc	r1, r25
     41a:	0c f0       	brlt	.+2      	; 0x41e <__LOCK_REGION_LENGTH__+0x1e>
     41c:	59 c0       	rjmp	.+178    	; 0x4d0 <__LOCK_REGION_LENGTH__+0xd0>
		{
			rx_buff[rear][i] = '\0'; // 문자열 끝에 널문자 대입
     41e:	20 91 cc 01 	lds	r18, 0x01CC	; 0x8001cc <rear>
     422:	30 91 cd 01 	lds	r19, 0x01CD	; 0x8001cd <rear+0x1>
     426:	80 91 c8 01 	lds	r24, 0x01C8	; 0x8001c8 <__data_end>
     42a:	90 91 c9 01 	lds	r25, 0x01C9	; 0x8001c9 <__data_end+0x1>
     42e:	40 e5       	ldi	r20, 0x50	; 80
     430:	42 9f       	mul	r20, r18
     432:	f0 01       	movw	r30, r0
     434:	43 9f       	mul	r20, r19
     436:	f0 0d       	add	r31, r0
     438:	11 24       	eor	r1, r1
     43a:	e2 53       	subi	r30, 0x32	; 50
     43c:	fe 4f       	sbci	r31, 0xFE	; 254
     43e:	e8 0f       	add	r30, r24
     440:	f9 1f       	adc	r31, r25
     442:	10 82       	st	Z, r1
			i = 0;                   // 다음 문자열을 위해 인덱스 초기화
     444:	10 92 c9 01 	sts	0x01C9, r1	; 0x8001c9 <__data_end+0x1>
     448:	10 92 c8 01 	sts	0x01C8, r1	; 0x8001c8 <__data_end>
			rear = (rear + 1) % QUEUE_SIZE; // 큐 인덱스 이동
     44c:	80 91 cc 01 	lds	r24, 0x01CC	; 0x8001cc <rear>
     450:	90 91 cd 01 	lds	r25, 0x01CD	; 0x8001cd <rear+0x1>
     454:	01 96       	adiw	r24, 0x01	; 1
     456:	6a e0       	ldi	r22, 0x0A	; 10
     458:	70 e0       	ldi	r23, 0x00	; 0
     45a:	28 d1       	rcall	.+592    	; 0x6ac <__divmodhi4>
     45c:	90 93 cd 01 	sts	0x01CD, r25	; 0x8001cd <rear+0x1>
     460:	80 93 cc 01 	sts	0x01CC, r24	; 0x8001cc <rear>
     464:	35 c0       	rjmp	.+106    	; 0x4d0 <__LOCK_REGION_LENGTH__+0xd0>
		}
	}
	else
	{
		// 큐가 가득 차지 않았다면 버퍼에 문자 저장
		if(((rear + 1) % QUEUE_SIZE) != (front % QUEUE_SIZE))
     466:	80 91 cc 01 	lds	r24, 0x01CC	; 0x8001cc <rear>
     46a:	90 91 cd 01 	lds	r25, 0x01CD	; 0x8001cd <rear+0x1>
     46e:	01 96       	adiw	r24, 0x01	; 1
     470:	2a e0       	ldi	r18, 0x0A	; 10
     472:	30 e0       	ldi	r19, 0x00	; 0
     474:	b9 01       	movw	r22, r18
     476:	1a d1       	rcall	.+564    	; 0x6ac <__divmodhi4>
     478:	fc 01       	movw	r30, r24
     47a:	80 91 ca 01 	lds	r24, 0x01CA	; 0x8001ca <front>
     47e:	90 91 cb 01 	lds	r25, 0x01CB	; 0x8001cb <front+0x1>
     482:	b9 01       	movw	r22, r18
     484:	13 d1       	rcall	.+550    	; 0x6ac <__divmodhi4>
     486:	e8 17       	cp	r30, r24
     488:	f9 07       	cpc	r31, r25
     48a:	11 f1       	breq	.+68     	; 0x4d0 <__LOCK_REGION_LENGTH__+0xd0>
		{
			// 혹시 모를 오버플로우 방지 (버퍼 크기보다 작을 때만 저장)
			if (i < 40)
     48c:	80 91 c8 01 	lds	r24, 0x01C8	; 0x8001c8 <__data_end>
     490:	90 91 c9 01 	lds	r25, 0x01C9	; 0x8001c9 <__data_end+0x1>
     494:	88 97       	sbiw	r24, 0x28	; 40
     496:	e4 f4       	brge	.+56     	; 0x4d0 <__LOCK_REGION_LENGTH__+0xd0>
			{
				rx_buff[rear][i++] = data;
     498:	60 91 cc 01 	lds	r22, 0x01CC	; 0x8001cc <rear>
     49c:	70 91 cd 01 	lds	r23, 0x01CD	; 0x8001cd <rear+0x1>
     4a0:	80 91 c8 01 	lds	r24, 0x01C8	; 0x8001c8 <__data_end>
     4a4:	90 91 c9 01 	lds	r25, 0x01C9	; 0x8001c9 <__data_end+0x1>
     4a8:	9c 01       	movw	r18, r24
     4aa:	2f 5f       	subi	r18, 0xFF	; 255
     4ac:	3f 4f       	sbci	r19, 0xFF	; 255
     4ae:	30 93 c9 01 	sts	0x01C9, r19	; 0x8001c9 <__data_end+0x1>
     4b2:	20 93 c8 01 	sts	0x01C8, r18	; 0x8001c8 <__data_end>
     4b6:	49 81       	ldd	r20, Y+1	; 0x01
     4b8:	50 e5       	ldi	r21, 0x50	; 80
     4ba:	56 9f       	mul	r21, r22
     4bc:	90 01       	movw	r18, r0
     4be:	57 9f       	mul	r21, r23
     4c0:	30 0d       	add	r19, r0
     4c2:	11 24       	eor	r1, r1
     4c4:	22 53       	subi	r18, 0x32	; 50
     4c6:	3e 4f       	sbci	r19, 0xFE	; 254
     4c8:	f9 01       	movw	r30, r18
     4ca:	e8 0f       	add	r30, r24
     4cc:	f9 1f       	adc	r31, r25
     4ce:	40 83       	st	Z, r20
			}
		}
	}
}
     4d0:	0f 90       	pop	r0
     4d2:	df 91       	pop	r29
     4d4:	cf 91       	pop	r28
     4d6:	ff 91       	pop	r31
     4d8:	ef 91       	pop	r30
     4da:	bf 91       	pop	r27
     4dc:	af 91       	pop	r26
     4de:	9f 91       	pop	r25
     4e0:	8f 91       	pop	r24
     4e2:	7f 91       	pop	r23
     4e4:	6f 91       	pop	r22
     4e6:	5f 91       	pop	r21
     4e8:	4f 91       	pop	r20
     4ea:	3f 91       	pop	r19
     4ec:	2f 91       	pop	r18
     4ee:	0f 90       	pop	r0
     4f0:	0b be       	out	0x3b, r0	; 59
     4f2:	0f 90       	pop	r0
     4f4:	0f be       	out	0x3f, r0	; 63
     4f6:	0f 90       	pop	r0
     4f8:	1f 90       	pop	r1
     4fa:	18 95       	reti

000004fc <init_uart0>:

void init_uart0(void){
	
	// 1.전송속도 : 9600bps
	UBRR0H = 0x00;
     4fc:	10 92 90 00 	sts	0x0090, r1	; 0x800090 <__TEXT_REGION_LENGTH__+0x7e0090>
	UBRR0L = 207; // 9600BPS 표 8-9
     500:	8f ec       	ldi	r24, 0xCF	; 207
     502:	89 b9       	out	0x09, r24	; 9
	UCSR0A |= 1 << U2X0; // 2배속 설정(sampling 8)
     504:	8b b1       	in	r24, 0x0b	; 11
     506:	82 60       	ori	r24, 0x02	; 2
     508:	8b b9       	out	0x0b, r24	; 11
	// UART0를 송수신 다 가능하고 RX INT가 가능하도록 설정
	UCSR0B |= 1 << RXEN0 | 1 << TXEN0 | 1 << RXCIE0;
     50a:	8a b1       	in	r24, 0x0a	; 10
     50c:	88 69       	ori	r24, 0x98	; 152
     50e:	8a b9       	out	0x0a, r24	; 10
     510:	08 95       	ret

00000512 <UART0_transmit>:
}

// UART0로 1byte를 전송하는 함수
void UART0_transmit(uint8_t data)
{
	while(!(UCSR0A & 1 << UDRE0)) // data가 송신중이면 송신이 끝날때 까지 기다림
     512:	5d 9b       	sbis	0x0b, 5	; 11
     514:	fe cf       	rjmp	.-4      	; 0x512 <UART0_transmit>
	; // No operation
	UDR0 = data; // HW전송 register에 data를 송신한다.
     516:	8c b9       	out	0x0c, r24	; 12
     518:	08 95       	ret

0000051a <pc_command_processing>:
}

void pc_command_processing(void){
     51a:	1f 93       	push	r17
     51c:	cf 93       	push	r28
     51e:	df 93       	push	r29
     520:	cd b7       	in	r28, 0x3d	; 61
     522:	de b7       	in	r29, 0x3e	; 62
     524:	2c 97       	sbiw	r28, 0x0c	; 12
     526:	0f b6       	in	r0, 0x3f	; 63
     528:	f8 94       	cli
     52a:	de bf       	out	0x3e, r29	; 62
     52c:	0f be       	out	0x3f, r0	; 63
     52e:	cd bf       	out	0x3d, r28	; 61
	
	if (front != rear) // data가 rx_buff에 존재하는지 check
     530:	20 91 ca 01 	lds	r18, 0x01CA	; 0x8001ca <front>
     534:	30 91 cb 01 	lds	r19, 0x01CB	; 0x8001cb <front+0x1>
     538:	80 91 cc 01 	lds	r24, 0x01CC	; 0x8001cc <rear>
     53c:	90 91 cd 01 	lds	r25, 0x01CD	; 0x8001cd <rear+0x1>
     540:	28 17       	cp	r18, r24
     542:	39 07       	cpc	r19, r25
     544:	09 f4       	brne	.+2      	; 0x548 <pc_command_processing+0x2e>
     546:	a8 c0       	rjmp	.+336    	; 0x698 <pc_command_processing+0x17e>
	{
		printf("Input Cmd: %s\n", rx_buff[front]);
     548:	20 91 ca 01 	lds	r18, 0x01CA	; 0x8001ca <front>
     54c:	30 91 cb 01 	lds	r19, 0x01CB	; 0x8001cb <front+0x1>
     550:	10 e5       	ldi	r17, 0x50	; 80
     552:	12 9f       	mul	r17, r18
     554:	c0 01       	movw	r24, r0
     556:	13 9f       	mul	r17, r19
     558:	90 0d       	add	r25, r0
     55a:	11 24       	eor	r1, r1
     55c:	82 53       	subi	r24, 0x32	; 50
     55e:	9e 4f       	sbci	r25, 0xFE	; 254
     560:	9f 93       	push	r25
     562:	8f 93       	push	r24
     564:	8c e2       	ldi	r24, 0x2C	; 44
     566:	91 e0       	ldi	r25, 0x01	; 1
     568:	9f 93       	push	r25
     56a:	8f 93       	push	r24
     56c:	d4 d0       	rcall	.+424    	; 0x716 <printf>

		// ★ [추가 요구사항 ②] 시각 보정 기능 구현 (setrtcYYMMDDhhmmss)
		// 예: setrtc260629095600 -> 26년 06월 29일 09시 56분 00초
		if (strncmp((char *)rx_buff[front], "setrtc", 6) == 0)
     56e:	20 91 ca 01 	lds	r18, 0x01CA	; 0x8001ca <front>
     572:	30 91 cb 01 	lds	r19, 0x01CB	; 0x8001cb <front+0x1>
     576:	12 9f       	mul	r17, r18
     578:	c0 01       	movw	r24, r0
     57a:	13 9f       	mul	r17, r19
     57c:	90 0d       	add	r25, r0
     57e:	11 24       	eor	r1, r1
     580:	46 e0       	ldi	r20, 0x06	; 6
     582:	50 e0       	ldi	r21, 0x00	; 0
     584:	6b e3       	ldi	r22, 0x3B	; 59
     586:	71 e0       	ldi	r23, 0x01	; 1
     588:	82 53       	subi	r24, 0x32	; 50
     58a:	9e 4f       	sbci	r25, 0xFE	; 254
     58c:	b6 d0       	rcall	.+364    	; 0x6fa <strncmp>
     58e:	0f 90       	pop	r0
     590:	0f 90       	pop	r0
     592:	0f 90       	pop	r0
     594:	0f 90       	pop	r0
     596:	89 2b       	or	r24, r25
     598:	09 f0       	breq	.+2      	; 0x59c <pc_command_processing+0x82>
     59a:	72 c0       	rjmp	.+228    	; 0x680 <pc_command_processing+0x166>
		{
			int year, month, date, hour, min, sec;
			
			if (sscanf((char *)&rx_buff[front][6], "%2d%2d%2d%2d%2d%2d", &year, &month, &date, &hour, &min, &sec) == 6)
     59c:	20 91 ca 01 	lds	r18, 0x01CA	; 0x8001ca <front>
     5a0:	30 91 cb 01 	lds	r19, 0x01CB	; 0x8001cb <front+0x1>
     5a4:	40 e5       	ldi	r20, 0x50	; 80
     5a6:	42 9f       	mul	r20, r18
     5a8:	c0 01       	movw	r24, r0
     5aa:	43 9f       	mul	r20, r19
     5ac:	90 0d       	add	r25, r0
     5ae:	11 24       	eor	r1, r1
     5b0:	8c 52       	subi	r24, 0x2C	; 44
     5b2:	9e 4f       	sbci	r25, 0xFE	; 254
     5b4:	9e 01       	movw	r18, r28
     5b6:	2f 5f       	subi	r18, 0xFF	; 255
     5b8:	3f 4f       	sbci	r19, 0xFF	; 255
     5ba:	3f 93       	push	r19
     5bc:	2f 93       	push	r18
     5be:	2e 5f       	subi	r18, 0xFE	; 254
     5c0:	3f 4f       	sbci	r19, 0xFF	; 255
     5c2:	3f 93       	push	r19
     5c4:	2f 93       	push	r18
     5c6:	2e 5f       	subi	r18, 0xFE	; 254
     5c8:	3f 4f       	sbci	r19, 0xFF	; 255
     5ca:	3f 93       	push	r19
     5cc:	2f 93       	push	r18
     5ce:	2e 5f       	subi	r18, 0xFE	; 254
     5d0:	3f 4f       	sbci	r19, 0xFF	; 255
     5d2:	3f 93       	push	r19
     5d4:	2f 93       	push	r18
     5d6:	2e 5f       	subi	r18, 0xFE	; 254
     5d8:	3f 4f       	sbci	r19, 0xFF	; 255
     5da:	3f 93       	push	r19
     5dc:	2f 93       	push	r18
     5de:	2e 5f       	subi	r18, 0xFE	; 254
     5e0:	3f 4f       	sbci	r19, 0xFF	; 255
     5e2:	3f 93       	push	r19
     5e4:	2f 93       	push	r18
     5e6:	22 e4       	ldi	r18, 0x42	; 66
     5e8:	31 e0       	ldi	r19, 0x01	; 1
     5ea:	3f 93       	push	r19
     5ec:	2f 93       	push	r18
     5ee:	9f 93       	push	r25
     5f0:	8f 93       	push	r24
     5f2:	d4 d0       	rcall	.+424    	; 0x79c <sscanf>
     5f4:	0f b6       	in	r0, 0x3f	; 63
     5f6:	f8 94       	cli
     5f8:	de bf       	out	0x3e, r29	; 62
     5fa:	0f be       	out	0x3f, r0	; 63
     5fc:	cd bf       	out	0x3d, r28	; 61
     5fe:	06 97       	sbiw	r24, 0x06	; 6
     600:	09 f0       	breq	.+2      	; 0x604 <pc_command_processing+0xea>
     602:	3b c0       	rjmp	.+118    	; 0x67a <pc_command_processing+0x160>
			{
				// 변수나 매크로 꼬임 방지를 위해 정석 Write 주소 숫자를 직접 대입합니다.
				write_ds1302(0x8E, 0x00); // 1. 쓰기 금지 해제 (WP = 0)
     604:	60 e0       	ldi	r22, 0x00	; 0
     606:	8e e8       	ldi	r24, 0x8E	; 142
     608:	37 de       	rcall	.-914    	; 0x278 <write_ds1302>
     60a:	00 c0       	rjmp	.+0      	; 0x60c <pc_command_processing+0xf2>
	#else
		//round up by default
		__ticks_dc = (uint32_t)(ceil(fabs(__tmp)));
	#endif

	__builtin_avr_delay_cycles(__ticks_dc);
     60c:	00 c0       	rjmp	.+0      	; 0x60e <pc_command_processing+0xf4>
     60e:	00 00       	nop
				_delay_us(5);
				
				write_ds1302(0x8C, (uint8_t)year);    // 2. 년 (0x8C)
     610:	6b 85       	ldd	r22, Y+11	; 0x0b
     612:	8c e8       	ldi	r24, 0x8C	; 140
     614:	31 de       	rcall	.-926    	; 0x278 <write_ds1302>
				write_ds1302(0x88, (uint8_t)month);   // 3. 월 (0x88)
     616:	69 85       	ldd	r22, Y+9	; 0x09
     618:	88 e8       	ldi	r24, 0x88	; 136
     61a:	2e de       	rcall	.-932    	; 0x278 <write_ds1302>
				write_ds1302(0x86, (uint8_t)date);    // 4. 일 (0x86)
     61c:	6f 81       	ldd	r22, Y+7	; 0x07
     61e:	86 e8       	ldi	r24, 0x86	; 134
     620:	2b de       	rcall	.-938    	; 0x278 <write_ds1302>
				write_ds1302(0x84, (uint8_t)hour);    // 5. 시 (0x84)
     622:	6d 81       	ldd	r22, Y+5	; 0x05
     624:	84 e8       	ldi	r24, 0x84	; 132
     626:	28 de       	rcall	.-944    	; 0x278 <write_ds1302>
				write_ds1302(0x82, (uint8_t)min);     // 6. 분 (0x82)
     628:	6b 81       	ldd	r22, Y+3	; 0x03
     62a:	82 e8       	ldi	r24, 0x82	; 130
     62c:	25 de       	rcall	.-950    	; 0x278 <write_ds1302>
     62e:	69 81       	ldd	r22, Y+1	; 0x01
				write_ds1302(0x80, (uint8_t)sec);     // 7. 초 (0x80)
     630:	80 e8       	ldi	r24, 0x80	; 128
     632:	22 de       	rcall	.-956    	; 0x278 <write_ds1302>
     634:	8a 81       	ldd	r24, Y+2	; 0x02
     636:	8f 93       	push	r24
				
				printf("\n[RTC] 시간 동기화 성공! -> 20%02d-%02d-%02d %02d:%02d:%02d\n", year, month, date, hour, min, sec);
     638:	89 81       	ldd	r24, Y+1	; 0x01
     63a:	8f 93       	push	r24
     63c:	8c 81       	ldd	r24, Y+4	; 0x04
     63e:	8f 93       	push	r24
     640:	8b 81       	ldd	r24, Y+3	; 0x03
     642:	8f 93       	push	r24
     644:	8e 81       	ldd	r24, Y+6	; 0x06
     646:	8f 93       	push	r24
     648:	8d 81       	ldd	r24, Y+5	; 0x05
     64a:	8f 93       	push	r24
     64c:	88 85       	ldd	r24, Y+8	; 0x08
     64e:	8f 93       	push	r24
     650:	8f 81       	ldd	r24, Y+7	; 0x07
     652:	8f 93       	push	r24
     654:	8a 85       	ldd	r24, Y+10	; 0x0a
     656:	8f 93       	push	r24
     658:	89 85       	ldd	r24, Y+9	; 0x09
     65a:	8f 93       	push	r24
     65c:	8c 85       	ldd	r24, Y+12	; 0x0c
     65e:	8f 93       	push	r24
     660:	8b 85       	ldd	r24, Y+11	; 0x0b
     662:	8f 93       	push	r24
     664:	85 e5       	ldi	r24, 0x55	; 85
     666:	91 e0       	ldi	r25, 0x01	; 1
     668:	9f 93       	push	r25
     66a:	8f 93       	push	r24
     66c:	54 d0       	rcall	.+168    	; 0x716 <printf>
     66e:	0f b6       	in	r0, 0x3f	; 63
     670:	f8 94       	cli
     672:	de bf       	out	0x3e, r29	; 62
     674:	0f be       	out	0x3f, r0	; 63
     676:	cd bf       	out	0x3d, r28	; 61
     678:	03 c0       	rjmp	.+6      	; 0x680 <pc_command_processing+0x166>
     67a:	89 e9       	ldi	r24, 0x99	; 153
			}
			else
			{
				printf("\n[RTC] 포맷 에러! (ex: setrtc260629112200)\n");
     67c:	91 e0       	ldi	r25, 0x01	; 1
     67e:	5e d0       	rcall	.+188    	; 0x73c <puts>
     680:	80 91 ca 01 	lds	r24, 0x01CA	; 0x8001ca <front>
			}
		}
		
		front = (front + 1) % QUEUE_SIZE; 
     684:	90 91 cb 01 	lds	r25, 0x01CB	; 0x8001cb <front+0x1>
     688:	01 96       	adiw	r24, 0x01	; 1
     68a:	6a e0       	ldi	r22, 0x0A	; 10
     68c:	70 e0       	ldi	r23, 0x00	; 0
     68e:	0e d0       	rcall	.+28     	; 0x6ac <__divmodhi4>
     690:	90 93 cb 01 	sts	0x01CB, r25	; 0x8001cb <front+0x1>
     694:	80 93 ca 01 	sts	0x01CA, r24	; 0x8001ca <front>
     698:	2c 96       	adiw	r28, 0x0c	; 12
     69a:	0f b6       	in	r0, 0x3f	; 63
     69c:	f8 94       	cli
	}
     69e:	de bf       	out	0x3e, r29	; 62
     6a0:	0f be       	out	0x3f, r0	; 63
     6a2:	cd bf       	out	0x3d, r28	; 61
     6a4:	df 91       	pop	r29
     6a6:	cf 91       	pop	r28
     6a8:	1f 91       	pop	r17
     6aa:	08 95       	ret

000006ac <__divmodhi4>:
     6ac:	97 fb       	bst	r25, 7
     6ae:	07 2e       	mov	r0, r23
     6b0:	16 f4       	brtc	.+4      	; 0x6b6 <__divmodhi4+0xa>
     6b2:	00 94       	com	r0
     6b4:	06 d0       	rcall	.+12     	; 0x6c2 <__divmodhi4_neg1>
     6b6:	77 fd       	sbrc	r23, 7
     6b8:	08 d0       	rcall	.+16     	; 0x6ca <__divmodhi4_neg2>
     6ba:	0b d0       	rcall	.+22     	; 0x6d2 <__udivmodhi4>
     6bc:	07 fc       	sbrc	r0, 7
     6be:	05 d0       	rcall	.+10     	; 0x6ca <__divmodhi4_neg2>
     6c0:	3e f4       	brtc	.+14     	; 0x6d0 <__divmodhi4_exit>

000006c2 <__divmodhi4_neg1>:
     6c2:	90 95       	com	r25
     6c4:	81 95       	neg	r24
     6c6:	9f 4f       	sbci	r25, 0xFF	; 255
     6c8:	08 95       	ret

000006ca <__divmodhi4_neg2>:
     6ca:	70 95       	com	r23
     6cc:	61 95       	neg	r22
     6ce:	7f 4f       	sbci	r23, 0xFF	; 255

000006d0 <__divmodhi4_exit>:
     6d0:	08 95       	ret

000006d2 <__udivmodhi4>:
     6d2:	aa 1b       	sub	r26, r26
     6d4:	bb 1b       	sub	r27, r27
     6d6:	51 e1       	ldi	r21, 0x11	; 17
     6d8:	07 c0       	rjmp	.+14     	; 0x6e8 <__udivmodhi4_ep>

000006da <__udivmodhi4_loop>:
     6da:	aa 1f       	adc	r26, r26
     6dc:	bb 1f       	adc	r27, r27
     6de:	a6 17       	cp	r26, r22
     6e0:	b7 07       	cpc	r27, r23
     6e2:	10 f0       	brcs	.+4      	; 0x6e8 <__udivmodhi4_ep>
     6e4:	a6 1b       	sub	r26, r22
     6e6:	b7 0b       	sbc	r27, r23

000006e8 <__udivmodhi4_ep>:
     6e8:	88 1f       	adc	r24, r24
     6ea:	99 1f       	adc	r25, r25
     6ec:	5a 95       	dec	r21
     6ee:	a9 f7       	brne	.-22     	; 0x6da <__udivmodhi4_loop>
     6f0:	80 95       	com	r24
     6f2:	90 95       	com	r25
     6f4:	bc 01       	movw	r22, r24
     6f6:	cd 01       	movw	r24, r26
     6f8:	08 95       	ret

000006fa <strncmp>:
     6fa:	fb 01       	movw	r30, r22
     6fc:	dc 01       	movw	r26, r24
     6fe:	41 50       	subi	r20, 0x01	; 1
     700:	50 40       	sbci	r21, 0x00	; 0
     702:	30 f0       	brcs	.+12     	; 0x710 <strncmp+0x16>
     704:	8d 91       	ld	r24, X+
     706:	01 90       	ld	r0, Z+
     708:	80 19       	sub	r24, r0
     70a:	19 f4       	brne	.+6      	; 0x712 <strncmp+0x18>
     70c:	00 20       	and	r0, r0
     70e:	b9 f7       	brne	.-18     	; 0x6fe <strncmp+0x4>
     710:	88 1b       	sub	r24, r24
     712:	99 0b       	sbc	r25, r25
     714:	08 95       	ret

00000716 <printf>:
     716:	cf 93       	push	r28
     718:	df 93       	push	r29
     71a:	cd b7       	in	r28, 0x3d	; 61
     71c:	de b7       	in	r29, 0x3e	; 62
     71e:	ae 01       	movw	r20, r28
     720:	4b 5f       	subi	r20, 0xFB	; 251
     722:	5f 4f       	sbci	r21, 0xFF	; 255
     724:	fa 01       	movw	r30, r20
     726:	61 91       	ld	r22, Z+
     728:	71 91       	ld	r23, Z+
     72a:	af 01       	movw	r20, r30
     72c:	80 91 f0 04 	lds	r24, 0x04F0	; 0x8004f0 <__iob+0x2>
     730:	90 91 f1 04 	lds	r25, 0x04F1	; 0x8004f1 <__iob+0x3>
     734:	54 d0       	rcall	.+168    	; 0x7de <vfprintf>
     736:	df 91       	pop	r29
     738:	cf 91       	pop	r28
     73a:	08 95       	ret

0000073c <puts>:
     73c:	0f 93       	push	r16
     73e:	1f 93       	push	r17
     740:	cf 93       	push	r28
     742:	df 93       	push	r29
     744:	e0 91 f0 04 	lds	r30, 0x04F0	; 0x8004f0 <__iob+0x2>
     748:	f0 91 f1 04 	lds	r31, 0x04F1	; 0x8004f1 <__iob+0x3>
     74c:	23 81       	ldd	r18, Z+3	; 0x03
     74e:	21 ff       	sbrs	r18, 1
     750:	1b c0       	rjmp	.+54     	; 0x788 <puts+0x4c>
     752:	8c 01       	movw	r16, r24
     754:	d0 e0       	ldi	r29, 0x00	; 0
     756:	c0 e0       	ldi	r28, 0x00	; 0
     758:	f8 01       	movw	r30, r16
     75a:	81 91       	ld	r24, Z+
     75c:	8f 01       	movw	r16, r30
     75e:	60 91 f0 04 	lds	r22, 0x04F0	; 0x8004f0 <__iob+0x2>
     762:	70 91 f1 04 	lds	r23, 0x04F1	; 0x8004f1 <__iob+0x3>
     766:	db 01       	movw	r26, r22
     768:	18 96       	adiw	r26, 0x08	; 8
     76a:	ed 91       	ld	r30, X+
     76c:	fc 91       	ld	r31, X
     76e:	19 97       	sbiw	r26, 0x09	; 9
     770:	88 23       	and	r24, r24
     772:	31 f0       	breq	.+12     	; 0x780 <puts+0x44>
     774:	09 95       	icall
     776:	89 2b       	or	r24, r25
     778:	79 f3       	breq	.-34     	; 0x758 <puts+0x1c>
     77a:	df ef       	ldi	r29, 0xFF	; 255
     77c:	cf ef       	ldi	r28, 0xFF	; 255
     77e:	ec cf       	rjmp	.-40     	; 0x758 <puts+0x1c>
     780:	8a e0       	ldi	r24, 0x0A	; 10
     782:	09 95       	icall
     784:	89 2b       	or	r24, r25
     786:	19 f0       	breq	.+6      	; 0x78e <puts+0x52>
     788:	8f ef       	ldi	r24, 0xFF	; 255
     78a:	9f ef       	ldi	r25, 0xFF	; 255
     78c:	02 c0       	rjmp	.+4      	; 0x792 <puts+0x56>
     78e:	8d 2f       	mov	r24, r29
     790:	9c 2f       	mov	r25, r28
     792:	df 91       	pop	r29
     794:	cf 91       	pop	r28
     796:	1f 91       	pop	r17
     798:	0f 91       	pop	r16
     79a:	08 95       	ret

0000079c <sscanf>:
     79c:	cf 93       	push	r28
     79e:	df 93       	push	r29
     7a0:	cd b7       	in	r28, 0x3d	; 61
     7a2:	de b7       	in	r29, 0x3e	; 62
     7a4:	2e 97       	sbiw	r28, 0x0e	; 14
     7a6:	0f b6       	in	r0, 0x3f	; 63
     7a8:	f8 94       	cli
     7aa:	de bf       	out	0x3e, r29	; 62
     7ac:	0f be       	out	0x3f, r0	; 63
     7ae:	cd bf       	out	0x3d, r28	; 61
     7b0:	85 e0       	ldi	r24, 0x05	; 5
     7b2:	8c 83       	std	Y+4, r24	; 0x04
     7b4:	8b 89       	ldd	r24, Y+19	; 0x13
     7b6:	9c 89       	ldd	r25, Y+20	; 0x14
     7b8:	9a 83       	std	Y+2, r25	; 0x02
     7ba:	89 83       	std	Y+1, r24	; 0x01
     7bc:	ae 01       	movw	r20, r28
     7be:	49 5e       	subi	r20, 0xE9	; 233
     7c0:	5f 4f       	sbci	r21, 0xFF	; 255
     7c2:	6d 89       	ldd	r22, Y+21	; 0x15
     7c4:	7e 89       	ldd	r23, Y+22	; 0x16
     7c6:	ce 01       	movw	r24, r28
     7c8:	01 96       	adiw	r24, 0x01	; 1
     7ca:	b8 d3       	rcall	.+1904   	; 0xf3c <vfscanf>
     7cc:	2e 96       	adiw	r28, 0x0e	; 14
     7ce:	0f b6       	in	r0, 0x3f	; 63
     7d0:	f8 94       	cli
     7d2:	de bf       	out	0x3e, r29	; 62
     7d4:	0f be       	out	0x3f, r0	; 63
     7d6:	cd bf       	out	0x3d, r28	; 61
     7d8:	df 91       	pop	r29
     7da:	cf 91       	pop	r28
     7dc:	08 95       	ret

000007de <vfprintf>:
     7de:	2f 92       	push	r2
     7e0:	3f 92       	push	r3
     7e2:	4f 92       	push	r4
     7e4:	5f 92       	push	r5
     7e6:	6f 92       	push	r6
     7e8:	7f 92       	push	r7
     7ea:	8f 92       	push	r8
     7ec:	9f 92       	push	r9
     7ee:	af 92       	push	r10
     7f0:	bf 92       	push	r11
     7f2:	cf 92       	push	r12
     7f4:	df 92       	push	r13
     7f6:	ef 92       	push	r14
     7f8:	ff 92       	push	r15
     7fa:	0f 93       	push	r16
     7fc:	1f 93       	push	r17
     7fe:	cf 93       	push	r28
     800:	df 93       	push	r29
     802:	cd b7       	in	r28, 0x3d	; 61
     804:	de b7       	in	r29, 0x3e	; 62
     806:	2b 97       	sbiw	r28, 0x0b	; 11
     808:	0f b6       	in	r0, 0x3f	; 63
     80a:	f8 94       	cli
     80c:	de bf       	out	0x3e, r29	; 62
     80e:	0f be       	out	0x3f, r0	; 63
     810:	cd bf       	out	0x3d, r28	; 61
     812:	6c 01       	movw	r12, r24
     814:	7b 01       	movw	r14, r22
     816:	8a 01       	movw	r16, r20
     818:	fc 01       	movw	r30, r24
     81a:	17 82       	std	Z+7, r1	; 0x07
     81c:	16 82       	std	Z+6, r1	; 0x06
     81e:	83 81       	ldd	r24, Z+3	; 0x03
     820:	81 ff       	sbrs	r24, 1
     822:	bf c1       	rjmp	.+894    	; 0xba2 <vfprintf+0x3c4>
     824:	ce 01       	movw	r24, r28
     826:	01 96       	adiw	r24, 0x01	; 1
     828:	3c 01       	movw	r6, r24
     82a:	f6 01       	movw	r30, r12
     82c:	93 81       	ldd	r25, Z+3	; 0x03
     82e:	f7 01       	movw	r30, r14
     830:	93 fd       	sbrc	r25, 3
     832:	85 91       	lpm	r24, Z+
     834:	93 ff       	sbrs	r25, 3
     836:	81 91       	ld	r24, Z+
     838:	7f 01       	movw	r14, r30
     83a:	88 23       	and	r24, r24
     83c:	09 f4       	brne	.+2      	; 0x840 <vfprintf+0x62>
     83e:	ad c1       	rjmp	.+858    	; 0xb9a <vfprintf+0x3bc>
     840:	85 32       	cpi	r24, 0x25	; 37
     842:	39 f4       	brne	.+14     	; 0x852 <vfprintf+0x74>
     844:	93 fd       	sbrc	r25, 3
     846:	85 91       	lpm	r24, Z+
     848:	93 ff       	sbrs	r25, 3
     84a:	81 91       	ld	r24, Z+
     84c:	7f 01       	movw	r14, r30
     84e:	85 32       	cpi	r24, 0x25	; 37
     850:	21 f4       	brne	.+8      	; 0x85a <vfprintf+0x7c>
     852:	b6 01       	movw	r22, r12
     854:	90 e0       	ldi	r25, 0x00	; 0
     856:	f0 d4       	rcall	.+2528   	; 0x1238 <fputc>
     858:	e8 cf       	rjmp	.-48     	; 0x82a <vfprintf+0x4c>
     85a:	91 2c       	mov	r9, r1
     85c:	21 2c       	mov	r2, r1
     85e:	31 2c       	mov	r3, r1
     860:	ff e1       	ldi	r31, 0x1F	; 31
     862:	f3 15       	cp	r31, r3
     864:	d8 f0       	brcs	.+54     	; 0x89c <vfprintf+0xbe>
     866:	8b 32       	cpi	r24, 0x2B	; 43
     868:	79 f0       	breq	.+30     	; 0x888 <vfprintf+0xaa>
     86a:	38 f4       	brcc	.+14     	; 0x87a <vfprintf+0x9c>
     86c:	80 32       	cpi	r24, 0x20	; 32
     86e:	79 f0       	breq	.+30     	; 0x88e <vfprintf+0xb0>
     870:	83 32       	cpi	r24, 0x23	; 35
     872:	a1 f4       	brne	.+40     	; 0x89c <vfprintf+0xbe>
     874:	23 2d       	mov	r18, r3
     876:	20 61       	ori	r18, 0x10	; 16
     878:	1d c0       	rjmp	.+58     	; 0x8b4 <vfprintf+0xd6>
     87a:	8d 32       	cpi	r24, 0x2D	; 45
     87c:	61 f0       	breq	.+24     	; 0x896 <vfprintf+0xb8>
     87e:	80 33       	cpi	r24, 0x30	; 48
     880:	69 f4       	brne	.+26     	; 0x89c <vfprintf+0xbe>
     882:	23 2d       	mov	r18, r3
     884:	21 60       	ori	r18, 0x01	; 1
     886:	16 c0       	rjmp	.+44     	; 0x8b4 <vfprintf+0xd6>
     888:	83 2d       	mov	r24, r3
     88a:	82 60       	ori	r24, 0x02	; 2
     88c:	38 2e       	mov	r3, r24
     88e:	e3 2d       	mov	r30, r3
     890:	e4 60       	ori	r30, 0x04	; 4
     892:	3e 2e       	mov	r3, r30
     894:	2a c0       	rjmp	.+84     	; 0x8ea <vfprintf+0x10c>
     896:	f3 2d       	mov	r31, r3
     898:	f8 60       	ori	r31, 0x08	; 8
     89a:	1d c0       	rjmp	.+58     	; 0x8d6 <vfprintf+0xf8>
     89c:	37 fc       	sbrc	r3, 7
     89e:	2d c0       	rjmp	.+90     	; 0x8fa <vfprintf+0x11c>
     8a0:	20 ed       	ldi	r18, 0xD0	; 208
     8a2:	28 0f       	add	r18, r24
     8a4:	2a 30       	cpi	r18, 0x0A	; 10
     8a6:	40 f0       	brcs	.+16     	; 0x8b8 <vfprintf+0xda>
     8a8:	8e 32       	cpi	r24, 0x2E	; 46
     8aa:	b9 f4       	brne	.+46     	; 0x8da <vfprintf+0xfc>
     8ac:	36 fc       	sbrc	r3, 6
     8ae:	75 c1       	rjmp	.+746    	; 0xb9a <vfprintf+0x3bc>
     8b0:	23 2d       	mov	r18, r3
     8b2:	20 64       	ori	r18, 0x40	; 64
     8b4:	32 2e       	mov	r3, r18
     8b6:	19 c0       	rjmp	.+50     	; 0x8ea <vfprintf+0x10c>
     8b8:	36 fe       	sbrs	r3, 6
     8ba:	06 c0       	rjmp	.+12     	; 0x8c8 <vfprintf+0xea>
     8bc:	8a e0       	ldi	r24, 0x0A	; 10
     8be:	98 9e       	mul	r9, r24
     8c0:	20 0d       	add	r18, r0
     8c2:	11 24       	eor	r1, r1
     8c4:	92 2e       	mov	r9, r18
     8c6:	11 c0       	rjmp	.+34     	; 0x8ea <vfprintf+0x10c>
     8c8:	ea e0       	ldi	r30, 0x0A	; 10
     8ca:	2e 9e       	mul	r2, r30
     8cc:	20 0d       	add	r18, r0
     8ce:	11 24       	eor	r1, r1
     8d0:	22 2e       	mov	r2, r18
     8d2:	f3 2d       	mov	r31, r3
     8d4:	f0 62       	ori	r31, 0x20	; 32
     8d6:	3f 2e       	mov	r3, r31
     8d8:	08 c0       	rjmp	.+16     	; 0x8ea <vfprintf+0x10c>
     8da:	8c 36       	cpi	r24, 0x6C	; 108
     8dc:	21 f4       	brne	.+8      	; 0x8e6 <vfprintf+0x108>
     8de:	83 2d       	mov	r24, r3
     8e0:	80 68       	ori	r24, 0x80	; 128
     8e2:	38 2e       	mov	r3, r24
     8e4:	02 c0       	rjmp	.+4      	; 0x8ea <vfprintf+0x10c>
     8e6:	88 36       	cpi	r24, 0x68	; 104
     8e8:	41 f4       	brne	.+16     	; 0x8fa <vfprintf+0x11c>
     8ea:	f7 01       	movw	r30, r14
     8ec:	93 fd       	sbrc	r25, 3
     8ee:	85 91       	lpm	r24, Z+
     8f0:	93 ff       	sbrs	r25, 3
     8f2:	81 91       	ld	r24, Z+
     8f4:	7f 01       	movw	r14, r30
     8f6:	81 11       	cpse	r24, r1
     8f8:	b3 cf       	rjmp	.-154    	; 0x860 <vfprintf+0x82>
     8fa:	98 2f       	mov	r25, r24
     8fc:	9f 7d       	andi	r25, 0xDF	; 223
     8fe:	95 54       	subi	r25, 0x45	; 69
     900:	93 30       	cpi	r25, 0x03	; 3
     902:	28 f4       	brcc	.+10     	; 0x90e <vfprintf+0x130>
     904:	0c 5f       	subi	r16, 0xFC	; 252
     906:	1f 4f       	sbci	r17, 0xFF	; 255
     908:	9f e3       	ldi	r25, 0x3F	; 63
     90a:	99 83       	std	Y+1, r25	; 0x01
     90c:	0d c0       	rjmp	.+26     	; 0x928 <vfprintf+0x14a>
     90e:	83 36       	cpi	r24, 0x63	; 99
     910:	31 f0       	breq	.+12     	; 0x91e <vfprintf+0x140>
     912:	83 37       	cpi	r24, 0x73	; 115
     914:	71 f0       	breq	.+28     	; 0x932 <vfprintf+0x154>
     916:	83 35       	cpi	r24, 0x53	; 83
     918:	09 f0       	breq	.+2      	; 0x91c <vfprintf+0x13e>
     91a:	55 c0       	rjmp	.+170    	; 0x9c6 <vfprintf+0x1e8>
     91c:	20 c0       	rjmp	.+64     	; 0x95e <vfprintf+0x180>
     91e:	f8 01       	movw	r30, r16
     920:	80 81       	ld	r24, Z
     922:	89 83       	std	Y+1, r24	; 0x01
     924:	0e 5f       	subi	r16, 0xFE	; 254
     926:	1f 4f       	sbci	r17, 0xFF	; 255
     928:	88 24       	eor	r8, r8
     92a:	83 94       	inc	r8
     92c:	91 2c       	mov	r9, r1
     92e:	53 01       	movw	r10, r6
     930:	12 c0       	rjmp	.+36     	; 0x956 <vfprintf+0x178>
     932:	28 01       	movw	r4, r16
     934:	f2 e0       	ldi	r31, 0x02	; 2
     936:	4f 0e       	add	r4, r31
     938:	51 1c       	adc	r5, r1
     93a:	f8 01       	movw	r30, r16
     93c:	a0 80       	ld	r10, Z
     93e:	b1 80       	ldd	r11, Z+1	; 0x01
     940:	36 fe       	sbrs	r3, 6
     942:	03 c0       	rjmp	.+6      	; 0x94a <vfprintf+0x16c>
     944:	69 2d       	mov	r22, r9
     946:	70 e0       	ldi	r23, 0x00	; 0
     948:	02 c0       	rjmp	.+4      	; 0x94e <vfprintf+0x170>
     94a:	6f ef       	ldi	r22, 0xFF	; 255
     94c:	7f ef       	ldi	r23, 0xFF	; 255
     94e:	c5 01       	movw	r24, r10
     950:	2a d4       	rcall	.+2132   	; 0x11a6 <strnlen>
     952:	4c 01       	movw	r8, r24
     954:	82 01       	movw	r16, r4
     956:	f3 2d       	mov	r31, r3
     958:	ff 77       	andi	r31, 0x7F	; 127
     95a:	3f 2e       	mov	r3, r31
     95c:	15 c0       	rjmp	.+42     	; 0x988 <vfprintf+0x1aa>
     95e:	28 01       	movw	r4, r16
     960:	22 e0       	ldi	r18, 0x02	; 2
     962:	42 0e       	add	r4, r18
     964:	51 1c       	adc	r5, r1
     966:	f8 01       	movw	r30, r16
     968:	a0 80       	ld	r10, Z
     96a:	b1 80       	ldd	r11, Z+1	; 0x01
     96c:	36 fe       	sbrs	r3, 6
     96e:	03 c0       	rjmp	.+6      	; 0x976 <vfprintf+0x198>
     970:	69 2d       	mov	r22, r9
     972:	70 e0       	ldi	r23, 0x00	; 0
     974:	02 c0       	rjmp	.+4      	; 0x97a <vfprintf+0x19c>
     976:	6f ef       	ldi	r22, 0xFF	; 255
     978:	7f ef       	ldi	r23, 0xFF	; 255
     97a:	c5 01       	movw	r24, r10
     97c:	09 d4       	rcall	.+2066   	; 0x1190 <strnlen_P>
     97e:	4c 01       	movw	r8, r24
     980:	f3 2d       	mov	r31, r3
     982:	f0 68       	ori	r31, 0x80	; 128
     984:	3f 2e       	mov	r3, r31
     986:	82 01       	movw	r16, r4
     988:	33 fc       	sbrc	r3, 3
     98a:	19 c0       	rjmp	.+50     	; 0x9be <vfprintf+0x1e0>
     98c:	82 2d       	mov	r24, r2
     98e:	90 e0       	ldi	r25, 0x00	; 0
     990:	88 16       	cp	r8, r24
     992:	99 06       	cpc	r9, r25
     994:	a0 f4       	brcc	.+40     	; 0x9be <vfprintf+0x1e0>
     996:	b6 01       	movw	r22, r12
     998:	80 e2       	ldi	r24, 0x20	; 32
     99a:	90 e0       	ldi	r25, 0x00	; 0
     99c:	4d d4       	rcall	.+2202   	; 0x1238 <fputc>
     99e:	2a 94       	dec	r2
     9a0:	f5 cf       	rjmp	.-22     	; 0x98c <vfprintf+0x1ae>
     9a2:	f5 01       	movw	r30, r10
     9a4:	37 fc       	sbrc	r3, 7
     9a6:	85 91       	lpm	r24, Z+
     9a8:	37 fe       	sbrs	r3, 7
     9aa:	81 91       	ld	r24, Z+
     9ac:	5f 01       	movw	r10, r30
     9ae:	b6 01       	movw	r22, r12
     9b0:	90 e0       	ldi	r25, 0x00	; 0
     9b2:	42 d4       	rcall	.+2180   	; 0x1238 <fputc>
     9b4:	21 10       	cpse	r2, r1
     9b6:	2a 94       	dec	r2
     9b8:	21 e0       	ldi	r18, 0x01	; 1
     9ba:	82 1a       	sub	r8, r18
     9bc:	91 08       	sbc	r9, r1
     9be:	81 14       	cp	r8, r1
     9c0:	91 04       	cpc	r9, r1
     9c2:	79 f7       	brne	.-34     	; 0x9a2 <vfprintf+0x1c4>
     9c4:	e1 c0       	rjmp	.+450    	; 0xb88 <vfprintf+0x3aa>
     9c6:	84 36       	cpi	r24, 0x64	; 100
     9c8:	11 f0       	breq	.+4      	; 0x9ce <vfprintf+0x1f0>
     9ca:	89 36       	cpi	r24, 0x69	; 105
     9cc:	39 f5       	brne	.+78     	; 0xa1c <vfprintf+0x23e>
     9ce:	f8 01       	movw	r30, r16
     9d0:	37 fe       	sbrs	r3, 7
     9d2:	07 c0       	rjmp	.+14     	; 0x9e2 <vfprintf+0x204>
     9d4:	60 81       	ld	r22, Z
     9d6:	71 81       	ldd	r23, Z+1	; 0x01
     9d8:	82 81       	ldd	r24, Z+2	; 0x02
     9da:	93 81       	ldd	r25, Z+3	; 0x03
     9dc:	0c 5f       	subi	r16, 0xFC	; 252
     9de:	1f 4f       	sbci	r17, 0xFF	; 255
     9e0:	08 c0       	rjmp	.+16     	; 0x9f2 <vfprintf+0x214>
     9e2:	60 81       	ld	r22, Z
     9e4:	71 81       	ldd	r23, Z+1	; 0x01
     9e6:	07 2e       	mov	r0, r23
     9e8:	00 0c       	add	r0, r0
     9ea:	88 0b       	sbc	r24, r24
     9ec:	99 0b       	sbc	r25, r25
     9ee:	0e 5f       	subi	r16, 0xFE	; 254
     9f0:	1f 4f       	sbci	r17, 0xFF	; 255
     9f2:	f3 2d       	mov	r31, r3
     9f4:	ff 76       	andi	r31, 0x6F	; 111
     9f6:	3f 2e       	mov	r3, r31
     9f8:	97 ff       	sbrs	r25, 7
     9fa:	09 c0       	rjmp	.+18     	; 0xa0e <vfprintf+0x230>
     9fc:	90 95       	com	r25
     9fe:	80 95       	com	r24
     a00:	70 95       	com	r23
     a02:	61 95       	neg	r22
     a04:	7f 4f       	sbci	r23, 0xFF	; 255
     a06:	8f 4f       	sbci	r24, 0xFF	; 255
     a08:	9f 4f       	sbci	r25, 0xFF	; 255
     a0a:	f0 68       	ori	r31, 0x80	; 128
     a0c:	3f 2e       	mov	r3, r31
     a0e:	2a e0       	ldi	r18, 0x0A	; 10
     a10:	30 e0       	ldi	r19, 0x00	; 0
     a12:	a3 01       	movw	r20, r6
     a14:	66 d4       	rcall	.+2252   	; 0x12e2 <__ultoa_invert>
     a16:	88 2e       	mov	r8, r24
     a18:	86 18       	sub	r8, r6
     a1a:	44 c0       	rjmp	.+136    	; 0xaa4 <vfprintf+0x2c6>
     a1c:	85 37       	cpi	r24, 0x75	; 117
     a1e:	31 f4       	brne	.+12     	; 0xa2c <vfprintf+0x24e>
     a20:	23 2d       	mov	r18, r3
     a22:	2f 7e       	andi	r18, 0xEF	; 239
     a24:	b2 2e       	mov	r11, r18
     a26:	2a e0       	ldi	r18, 0x0A	; 10
     a28:	30 e0       	ldi	r19, 0x00	; 0
     a2a:	25 c0       	rjmp	.+74     	; 0xa76 <vfprintf+0x298>
     a2c:	93 2d       	mov	r25, r3
     a2e:	99 7f       	andi	r25, 0xF9	; 249
     a30:	b9 2e       	mov	r11, r25
     a32:	8f 36       	cpi	r24, 0x6F	; 111
     a34:	c1 f0       	breq	.+48     	; 0xa66 <vfprintf+0x288>
     a36:	18 f4       	brcc	.+6      	; 0xa3e <vfprintf+0x260>
     a38:	88 35       	cpi	r24, 0x58	; 88
     a3a:	79 f0       	breq	.+30     	; 0xa5a <vfprintf+0x27c>
     a3c:	ae c0       	rjmp	.+348    	; 0xb9a <vfprintf+0x3bc>
     a3e:	80 37       	cpi	r24, 0x70	; 112
     a40:	19 f0       	breq	.+6      	; 0xa48 <vfprintf+0x26a>
     a42:	88 37       	cpi	r24, 0x78	; 120
     a44:	21 f0       	breq	.+8      	; 0xa4e <vfprintf+0x270>
     a46:	a9 c0       	rjmp	.+338    	; 0xb9a <vfprintf+0x3bc>
     a48:	e9 2f       	mov	r30, r25
     a4a:	e0 61       	ori	r30, 0x10	; 16
     a4c:	be 2e       	mov	r11, r30
     a4e:	b4 fe       	sbrs	r11, 4
     a50:	0d c0       	rjmp	.+26     	; 0xa6c <vfprintf+0x28e>
     a52:	fb 2d       	mov	r31, r11
     a54:	f4 60       	ori	r31, 0x04	; 4
     a56:	bf 2e       	mov	r11, r31
     a58:	09 c0       	rjmp	.+18     	; 0xa6c <vfprintf+0x28e>
     a5a:	34 fe       	sbrs	r3, 4
     a5c:	0a c0       	rjmp	.+20     	; 0xa72 <vfprintf+0x294>
     a5e:	29 2f       	mov	r18, r25
     a60:	26 60       	ori	r18, 0x06	; 6
     a62:	b2 2e       	mov	r11, r18
     a64:	06 c0       	rjmp	.+12     	; 0xa72 <vfprintf+0x294>
     a66:	28 e0       	ldi	r18, 0x08	; 8
     a68:	30 e0       	ldi	r19, 0x00	; 0
     a6a:	05 c0       	rjmp	.+10     	; 0xa76 <vfprintf+0x298>
     a6c:	20 e1       	ldi	r18, 0x10	; 16
     a6e:	30 e0       	ldi	r19, 0x00	; 0
     a70:	02 c0       	rjmp	.+4      	; 0xa76 <vfprintf+0x298>
     a72:	20 e1       	ldi	r18, 0x10	; 16
     a74:	32 e0       	ldi	r19, 0x02	; 2
     a76:	f8 01       	movw	r30, r16
     a78:	b7 fe       	sbrs	r11, 7
     a7a:	07 c0       	rjmp	.+14     	; 0xa8a <vfprintf+0x2ac>
     a7c:	60 81       	ld	r22, Z
     a7e:	71 81       	ldd	r23, Z+1	; 0x01
     a80:	82 81       	ldd	r24, Z+2	; 0x02
     a82:	93 81       	ldd	r25, Z+3	; 0x03
     a84:	0c 5f       	subi	r16, 0xFC	; 252
     a86:	1f 4f       	sbci	r17, 0xFF	; 255
     a88:	06 c0       	rjmp	.+12     	; 0xa96 <vfprintf+0x2b8>
     a8a:	60 81       	ld	r22, Z
     a8c:	71 81       	ldd	r23, Z+1	; 0x01
     a8e:	80 e0       	ldi	r24, 0x00	; 0
     a90:	90 e0       	ldi	r25, 0x00	; 0
     a92:	0e 5f       	subi	r16, 0xFE	; 254
     a94:	1f 4f       	sbci	r17, 0xFF	; 255
     a96:	a3 01       	movw	r20, r6
     a98:	24 d4       	rcall	.+2120   	; 0x12e2 <__ultoa_invert>
     a9a:	88 2e       	mov	r8, r24
     a9c:	86 18       	sub	r8, r6
     a9e:	fb 2d       	mov	r31, r11
     aa0:	ff 77       	andi	r31, 0x7F	; 127
     aa2:	3f 2e       	mov	r3, r31
     aa4:	36 fe       	sbrs	r3, 6
     aa6:	0d c0       	rjmp	.+26     	; 0xac2 <vfprintf+0x2e4>
     aa8:	23 2d       	mov	r18, r3
     aaa:	2e 7f       	andi	r18, 0xFE	; 254
     aac:	a2 2e       	mov	r10, r18
     aae:	89 14       	cp	r8, r9
     ab0:	58 f4       	brcc	.+22     	; 0xac8 <vfprintf+0x2ea>
     ab2:	34 fe       	sbrs	r3, 4
     ab4:	0b c0       	rjmp	.+22     	; 0xacc <vfprintf+0x2ee>
     ab6:	32 fc       	sbrc	r3, 2
     ab8:	09 c0       	rjmp	.+18     	; 0xacc <vfprintf+0x2ee>
     aba:	83 2d       	mov	r24, r3
     abc:	8e 7e       	andi	r24, 0xEE	; 238
     abe:	a8 2e       	mov	r10, r24
     ac0:	05 c0       	rjmp	.+10     	; 0xacc <vfprintf+0x2ee>
     ac2:	b8 2c       	mov	r11, r8
     ac4:	a3 2c       	mov	r10, r3
     ac6:	03 c0       	rjmp	.+6      	; 0xace <vfprintf+0x2f0>
     ac8:	b8 2c       	mov	r11, r8
     aca:	01 c0       	rjmp	.+2      	; 0xace <vfprintf+0x2f0>
     acc:	b9 2c       	mov	r11, r9
     ace:	a4 fe       	sbrs	r10, 4
     ad0:	0f c0       	rjmp	.+30     	; 0xaf0 <vfprintf+0x312>
     ad2:	fe 01       	movw	r30, r28
     ad4:	e8 0d       	add	r30, r8
     ad6:	f1 1d       	adc	r31, r1
     ad8:	80 81       	ld	r24, Z
     ada:	80 33       	cpi	r24, 0x30	; 48
     adc:	21 f4       	brne	.+8      	; 0xae6 <vfprintf+0x308>
     ade:	9a 2d       	mov	r25, r10
     ae0:	99 7e       	andi	r25, 0xE9	; 233
     ae2:	a9 2e       	mov	r10, r25
     ae4:	09 c0       	rjmp	.+18     	; 0xaf8 <vfprintf+0x31a>
     ae6:	a2 fe       	sbrs	r10, 2
     ae8:	06 c0       	rjmp	.+12     	; 0xaf6 <vfprintf+0x318>
     aea:	b3 94       	inc	r11
     aec:	b3 94       	inc	r11
     aee:	04 c0       	rjmp	.+8      	; 0xaf8 <vfprintf+0x31a>
     af0:	8a 2d       	mov	r24, r10
     af2:	86 78       	andi	r24, 0x86	; 134
     af4:	09 f0       	breq	.+2      	; 0xaf8 <vfprintf+0x31a>
     af6:	b3 94       	inc	r11
     af8:	a3 fc       	sbrc	r10, 3
     afa:	10 c0       	rjmp	.+32     	; 0xb1c <vfprintf+0x33e>
     afc:	a0 fe       	sbrs	r10, 0
     afe:	06 c0       	rjmp	.+12     	; 0xb0c <vfprintf+0x32e>
     b00:	b2 14       	cp	r11, r2
     b02:	80 f4       	brcc	.+32     	; 0xb24 <vfprintf+0x346>
     b04:	28 0c       	add	r2, r8
     b06:	92 2c       	mov	r9, r2
     b08:	9b 18       	sub	r9, r11
     b0a:	0d c0       	rjmp	.+26     	; 0xb26 <vfprintf+0x348>
     b0c:	b2 14       	cp	r11, r2
     b0e:	58 f4       	brcc	.+22     	; 0xb26 <vfprintf+0x348>
     b10:	b6 01       	movw	r22, r12
     b12:	80 e2       	ldi	r24, 0x20	; 32
     b14:	90 e0       	ldi	r25, 0x00	; 0
     b16:	90 d3       	rcall	.+1824   	; 0x1238 <fputc>
     b18:	b3 94       	inc	r11
     b1a:	f8 cf       	rjmp	.-16     	; 0xb0c <vfprintf+0x32e>
     b1c:	b2 14       	cp	r11, r2
     b1e:	18 f4       	brcc	.+6      	; 0xb26 <vfprintf+0x348>
     b20:	2b 18       	sub	r2, r11
     b22:	02 c0       	rjmp	.+4      	; 0xb28 <vfprintf+0x34a>
     b24:	98 2c       	mov	r9, r8
     b26:	21 2c       	mov	r2, r1
     b28:	a4 fe       	sbrs	r10, 4
     b2a:	0f c0       	rjmp	.+30     	; 0xb4a <vfprintf+0x36c>
     b2c:	b6 01       	movw	r22, r12
     b2e:	80 e3       	ldi	r24, 0x30	; 48
     b30:	90 e0       	ldi	r25, 0x00	; 0
     b32:	82 d3       	rcall	.+1796   	; 0x1238 <fputc>
     b34:	a2 fe       	sbrs	r10, 2
     b36:	16 c0       	rjmp	.+44     	; 0xb64 <vfprintf+0x386>
     b38:	a1 fc       	sbrc	r10, 1
     b3a:	03 c0       	rjmp	.+6      	; 0xb42 <vfprintf+0x364>
     b3c:	88 e7       	ldi	r24, 0x78	; 120
     b3e:	90 e0       	ldi	r25, 0x00	; 0
     b40:	02 c0       	rjmp	.+4      	; 0xb46 <vfprintf+0x368>
     b42:	88 e5       	ldi	r24, 0x58	; 88
     b44:	90 e0       	ldi	r25, 0x00	; 0
     b46:	b6 01       	movw	r22, r12
     b48:	0c c0       	rjmp	.+24     	; 0xb62 <vfprintf+0x384>
     b4a:	8a 2d       	mov	r24, r10
     b4c:	86 78       	andi	r24, 0x86	; 134
     b4e:	51 f0       	breq	.+20     	; 0xb64 <vfprintf+0x386>
     b50:	a1 fe       	sbrs	r10, 1
     b52:	02 c0       	rjmp	.+4      	; 0xb58 <vfprintf+0x37a>
     b54:	8b e2       	ldi	r24, 0x2B	; 43
     b56:	01 c0       	rjmp	.+2      	; 0xb5a <vfprintf+0x37c>
     b58:	80 e2       	ldi	r24, 0x20	; 32
     b5a:	a7 fc       	sbrc	r10, 7
     b5c:	8d e2       	ldi	r24, 0x2D	; 45
     b5e:	b6 01       	movw	r22, r12
     b60:	90 e0       	ldi	r25, 0x00	; 0
     b62:	6a d3       	rcall	.+1748   	; 0x1238 <fputc>
     b64:	89 14       	cp	r8, r9
     b66:	30 f4       	brcc	.+12     	; 0xb74 <vfprintf+0x396>
     b68:	b6 01       	movw	r22, r12
     b6a:	80 e3       	ldi	r24, 0x30	; 48
     b6c:	90 e0       	ldi	r25, 0x00	; 0
     b6e:	64 d3       	rcall	.+1736   	; 0x1238 <fputc>
     b70:	9a 94       	dec	r9
     b72:	f8 cf       	rjmp	.-16     	; 0xb64 <vfprintf+0x386>
     b74:	8a 94       	dec	r8
     b76:	f3 01       	movw	r30, r6
     b78:	e8 0d       	add	r30, r8
     b7a:	f1 1d       	adc	r31, r1
     b7c:	80 81       	ld	r24, Z
     b7e:	b6 01       	movw	r22, r12
     b80:	90 e0       	ldi	r25, 0x00	; 0
     b82:	5a d3       	rcall	.+1716   	; 0x1238 <fputc>
     b84:	81 10       	cpse	r8, r1
     b86:	f6 cf       	rjmp	.-20     	; 0xb74 <vfprintf+0x396>
     b88:	22 20       	and	r2, r2
     b8a:	09 f4       	brne	.+2      	; 0xb8e <vfprintf+0x3b0>
     b8c:	4e ce       	rjmp	.-868    	; 0x82a <vfprintf+0x4c>
     b8e:	b6 01       	movw	r22, r12
     b90:	80 e2       	ldi	r24, 0x20	; 32
     b92:	90 e0       	ldi	r25, 0x00	; 0
     b94:	51 d3       	rcall	.+1698   	; 0x1238 <fputc>
     b96:	2a 94       	dec	r2
     b98:	f7 cf       	rjmp	.-18     	; 0xb88 <vfprintf+0x3aa>
     b9a:	f6 01       	movw	r30, r12
     b9c:	86 81       	ldd	r24, Z+6	; 0x06
     b9e:	97 81       	ldd	r25, Z+7	; 0x07
     ba0:	02 c0       	rjmp	.+4      	; 0xba6 <vfprintf+0x3c8>
     ba2:	8f ef       	ldi	r24, 0xFF	; 255
     ba4:	9f ef       	ldi	r25, 0xFF	; 255
     ba6:	2b 96       	adiw	r28, 0x0b	; 11
     ba8:	0f b6       	in	r0, 0x3f	; 63
     baa:	f8 94       	cli
     bac:	de bf       	out	0x3e, r29	; 62
     bae:	0f be       	out	0x3f, r0	; 63
     bb0:	cd bf       	out	0x3d, r28	; 61
     bb2:	df 91       	pop	r29
     bb4:	cf 91       	pop	r28
     bb6:	1f 91       	pop	r17
     bb8:	0f 91       	pop	r16
     bba:	ff 90       	pop	r15
     bbc:	ef 90       	pop	r14
     bbe:	df 90       	pop	r13
     bc0:	cf 90       	pop	r12
     bc2:	bf 90       	pop	r11
     bc4:	af 90       	pop	r10
     bc6:	9f 90       	pop	r9
     bc8:	8f 90       	pop	r8
     bca:	7f 90       	pop	r7
     bcc:	6f 90       	pop	r6
     bce:	5f 90       	pop	r5
     bd0:	4f 90       	pop	r4
     bd2:	3f 90       	pop	r3
     bd4:	2f 90       	pop	r2
     bd6:	08 95       	ret

00000bd8 <putval>:
     bd8:	20 fd       	sbrc	r18, 0
     bda:	09 c0       	rjmp	.+18     	; 0xbee <putval+0x16>
     bdc:	fc 01       	movw	r30, r24
     bde:	23 fd       	sbrc	r18, 3
     be0:	05 c0       	rjmp	.+10     	; 0xbec <putval+0x14>
     be2:	22 ff       	sbrs	r18, 2
     be4:	02 c0       	rjmp	.+4      	; 0xbea <putval+0x12>
     be6:	73 83       	std	Z+3, r23	; 0x03
     be8:	62 83       	std	Z+2, r22	; 0x02
     bea:	51 83       	std	Z+1, r21	; 0x01
     bec:	40 83       	st	Z, r20
     bee:	08 95       	ret

00000bf0 <mulacc>:
     bf0:	44 fd       	sbrc	r20, 4
     bf2:	17 c0       	rjmp	.+46     	; 0xc22 <mulacc+0x32>
     bf4:	46 fd       	sbrc	r20, 6
     bf6:	17 c0       	rjmp	.+46     	; 0xc26 <mulacc+0x36>
     bf8:	ab 01       	movw	r20, r22
     bfa:	bc 01       	movw	r22, r24
     bfc:	da 01       	movw	r26, r20
     bfe:	fb 01       	movw	r30, r22
     c00:	aa 0f       	add	r26, r26
     c02:	bb 1f       	adc	r27, r27
     c04:	ee 1f       	adc	r30, r30
     c06:	ff 1f       	adc	r31, r31
     c08:	10 94       	com	r1
     c0a:	d1 f7       	brne	.-12     	; 0xc00 <mulacc+0x10>
     c0c:	4a 0f       	add	r20, r26
     c0e:	5b 1f       	adc	r21, r27
     c10:	6e 1f       	adc	r22, r30
     c12:	7f 1f       	adc	r23, r31
     c14:	cb 01       	movw	r24, r22
     c16:	ba 01       	movw	r22, r20
     c18:	66 0f       	add	r22, r22
     c1a:	77 1f       	adc	r23, r23
     c1c:	88 1f       	adc	r24, r24
     c1e:	99 1f       	adc	r25, r25
     c20:	09 c0       	rjmp	.+18     	; 0xc34 <mulacc+0x44>
     c22:	33 e0       	ldi	r19, 0x03	; 3
     c24:	01 c0       	rjmp	.+2      	; 0xc28 <mulacc+0x38>
     c26:	34 e0       	ldi	r19, 0x04	; 4
     c28:	66 0f       	add	r22, r22
     c2a:	77 1f       	adc	r23, r23
     c2c:	88 1f       	adc	r24, r24
     c2e:	99 1f       	adc	r25, r25
     c30:	31 50       	subi	r19, 0x01	; 1
     c32:	d1 f7       	brne	.-12     	; 0xc28 <mulacc+0x38>
     c34:	62 0f       	add	r22, r18
     c36:	71 1d       	adc	r23, r1
     c38:	81 1d       	adc	r24, r1
     c3a:	91 1d       	adc	r25, r1
     c3c:	08 95       	ret

00000c3e <skip_spaces>:
     c3e:	0f 93       	push	r16
     c40:	1f 93       	push	r17
     c42:	cf 93       	push	r28
     c44:	df 93       	push	r29
     c46:	8c 01       	movw	r16, r24
     c48:	c8 01       	movw	r24, r16
     c4a:	b8 d2       	rcall	.+1392   	; 0x11bc <fgetc>
     c4c:	ec 01       	movw	r28, r24
     c4e:	97 fd       	sbrc	r25, 7
     c50:	06 c0       	rjmp	.+12     	; 0xc5e <skip_spaces+0x20>
     c52:	8b d2       	rcall	.+1302   	; 0x116a <isspace>
     c54:	89 2b       	or	r24, r25
     c56:	c1 f7       	brne	.-16     	; 0xc48 <skip_spaces+0xa>
     c58:	b8 01       	movw	r22, r16
     c5a:	ce 01       	movw	r24, r28
     c5c:	29 d3       	rcall	.+1618   	; 0x12b0 <ungetc>
     c5e:	ce 01       	movw	r24, r28
     c60:	df 91       	pop	r29
     c62:	cf 91       	pop	r28
     c64:	1f 91       	pop	r17
     c66:	0f 91       	pop	r16
     c68:	08 95       	ret

00000c6a <conv_int>:
     c6a:	8f 92       	push	r8
     c6c:	9f 92       	push	r9
     c6e:	af 92       	push	r10
     c70:	bf 92       	push	r11
     c72:	ef 92       	push	r14
     c74:	ff 92       	push	r15
     c76:	0f 93       	push	r16
     c78:	1f 93       	push	r17
     c7a:	cf 93       	push	r28
     c7c:	df 93       	push	r29
     c7e:	8c 01       	movw	r16, r24
     c80:	d6 2f       	mov	r29, r22
     c82:	7a 01       	movw	r14, r20
     c84:	b2 2e       	mov	r11, r18
     c86:	9a d2       	rcall	.+1332   	; 0x11bc <fgetc>
     c88:	9c 01       	movw	r18, r24
     c8a:	33 27       	eor	r19, r19
     c8c:	2b 32       	cpi	r18, 0x2B	; 43
     c8e:	31 05       	cpc	r19, r1
     c90:	31 f0       	breq	.+12     	; 0xc9e <conv_int+0x34>
     c92:	2d 32       	cpi	r18, 0x2D	; 45
     c94:	31 05       	cpc	r19, r1
     c96:	59 f4       	brne	.+22     	; 0xcae <conv_int+0x44>
     c98:	8b 2d       	mov	r24, r11
     c9a:	80 68       	ori	r24, 0x80	; 128
     c9c:	b8 2e       	mov	r11, r24
     c9e:	d1 50       	subi	r29, 0x01	; 1
     ca0:	11 f4       	brne	.+4      	; 0xca6 <conv_int+0x3c>
     ca2:	80 e0       	ldi	r24, 0x00	; 0
     ca4:	61 c0       	rjmp	.+194    	; 0xd68 <conv_int+0xfe>
     ca6:	c8 01       	movw	r24, r16
     ca8:	89 d2       	rcall	.+1298   	; 0x11bc <fgetc>
     caa:	97 fd       	sbrc	r25, 7
     cac:	fa cf       	rjmp	.-12     	; 0xca2 <conv_int+0x38>
     cae:	cb 2d       	mov	r28, r11
     cb0:	cd 7f       	andi	r28, 0xFD	; 253
     cb2:	2b 2d       	mov	r18, r11
     cb4:	20 73       	andi	r18, 0x30	; 48
     cb6:	f9 f4       	brne	.+62     	; 0xcf6 <conv_int+0x8c>
     cb8:	80 33       	cpi	r24, 0x30	; 48
     cba:	e9 f4       	brne	.+58     	; 0xcf6 <conv_int+0x8c>
     cbc:	aa 24       	eor	r10, r10
     cbe:	aa 94       	dec	r10
     cc0:	ad 0e       	add	r10, r29
     cc2:	09 f4       	brne	.+2      	; 0xcc6 <conv_int+0x5c>
     cc4:	3e c0       	rjmp	.+124    	; 0xd42 <conv_int+0xd8>
     cc6:	c8 01       	movw	r24, r16
     cc8:	79 d2       	rcall	.+1266   	; 0x11bc <fgetc>
     cca:	97 fd       	sbrc	r25, 7
     ccc:	3a c0       	rjmp	.+116    	; 0xd42 <conv_int+0xd8>
     cce:	9c 01       	movw	r18, r24
     cd0:	2f 7d       	andi	r18, 0xDF	; 223
     cd2:	33 27       	eor	r19, r19
     cd4:	28 35       	cpi	r18, 0x58	; 88
     cd6:	31 05       	cpc	r19, r1
     cd8:	41 f4       	brne	.+16     	; 0xcea <conv_int+0x80>
     cda:	c2 64       	ori	r28, 0x42	; 66
     cdc:	d2 50       	subi	r29, 0x02	; 2
     cde:	89 f1       	breq	.+98     	; 0xd42 <conv_int+0xd8>
     ce0:	c8 01       	movw	r24, r16
     ce2:	6c d2       	rcall	.+1240   	; 0x11bc <fgetc>
     ce4:	97 ff       	sbrs	r25, 7
     ce6:	07 c0       	rjmp	.+14     	; 0xcf6 <conv_int+0x8c>
     ce8:	2c c0       	rjmp	.+88     	; 0xd42 <conv_int+0xd8>
     cea:	b6 fe       	sbrs	r11, 6
     cec:	02 c0       	rjmp	.+4      	; 0xcf2 <conv_int+0x88>
     cee:	c2 60       	ori	r28, 0x02	; 2
     cf0:	01 c0       	rjmp	.+2      	; 0xcf4 <conv_int+0x8a>
     cf2:	c2 61       	ori	r28, 0x12	; 18
     cf4:	da 2d       	mov	r29, r10
     cf6:	81 2c       	mov	r8, r1
     cf8:	91 2c       	mov	r9, r1
     cfa:	54 01       	movw	r10, r8
     cfc:	20 ed       	ldi	r18, 0xD0	; 208
     cfe:	28 0f       	add	r18, r24
     d00:	28 30       	cpi	r18, 0x08	; 8
     d02:	78 f0       	brcs	.+30     	; 0xd22 <conv_int+0xb8>
     d04:	c4 ff       	sbrs	r28, 4
     d06:	03 c0       	rjmp	.+6      	; 0xd0e <conv_int+0xa4>
     d08:	b8 01       	movw	r22, r16
     d0a:	d2 d2       	rcall	.+1444   	; 0x12b0 <ungetc>
     d0c:	17 c0       	rjmp	.+46     	; 0xd3c <conv_int+0xd2>
     d0e:	2a 30       	cpi	r18, 0x0A	; 10
     d10:	40 f0       	brcs	.+16     	; 0xd22 <conv_int+0xb8>
     d12:	c6 ff       	sbrs	r28, 6
     d14:	f9 cf       	rjmp	.-14     	; 0xd08 <conv_int+0x9e>
     d16:	2f 7d       	andi	r18, 0xDF	; 223
     d18:	3f ee       	ldi	r19, 0xEF	; 239
     d1a:	32 0f       	add	r19, r18
     d1c:	36 30       	cpi	r19, 0x06	; 6
     d1e:	a0 f7       	brcc	.-24     	; 0xd08 <conv_int+0x9e>
     d20:	27 50       	subi	r18, 0x07	; 7
     d22:	4c 2f       	mov	r20, r28
     d24:	c5 01       	movw	r24, r10
     d26:	b4 01       	movw	r22, r8
     d28:	63 df       	rcall	.-314    	; 0xbf0 <mulacc>
     d2a:	4b 01       	movw	r8, r22
     d2c:	5c 01       	movw	r10, r24
     d2e:	c2 60       	ori	r28, 0x02	; 2
     d30:	d1 50       	subi	r29, 0x01	; 1
     d32:	51 f0       	breq	.+20     	; 0xd48 <conv_int+0xde>
     d34:	c8 01       	movw	r24, r16
     d36:	42 d2       	rcall	.+1156   	; 0x11bc <fgetc>
     d38:	97 ff       	sbrs	r25, 7
     d3a:	e0 cf       	rjmp	.-64     	; 0xcfc <conv_int+0x92>
     d3c:	c1 fd       	sbrc	r28, 1
     d3e:	04 c0       	rjmp	.+8      	; 0xd48 <conv_int+0xde>
     d40:	b0 cf       	rjmp	.-160    	; 0xca2 <conv_int+0x38>
     d42:	81 2c       	mov	r8, r1
     d44:	91 2c       	mov	r9, r1
     d46:	54 01       	movw	r10, r8
     d48:	c7 ff       	sbrs	r28, 7
     d4a:	08 c0       	rjmp	.+16     	; 0xd5c <conv_int+0xf2>
     d4c:	b0 94       	com	r11
     d4e:	a0 94       	com	r10
     d50:	90 94       	com	r9
     d52:	80 94       	com	r8
     d54:	81 1c       	adc	r8, r1
     d56:	91 1c       	adc	r9, r1
     d58:	a1 1c       	adc	r10, r1
     d5a:	b1 1c       	adc	r11, r1
     d5c:	2c 2f       	mov	r18, r28
     d5e:	b5 01       	movw	r22, r10
     d60:	a4 01       	movw	r20, r8
     d62:	c7 01       	movw	r24, r14
     d64:	39 df       	rcall	.-398    	; 0xbd8 <putval>
     d66:	81 e0       	ldi	r24, 0x01	; 1
     d68:	df 91       	pop	r29
     d6a:	cf 91       	pop	r28
     d6c:	1f 91       	pop	r17
     d6e:	0f 91       	pop	r16
     d70:	ff 90       	pop	r15
     d72:	ef 90       	pop	r14
     d74:	bf 90       	pop	r11
     d76:	af 90       	pop	r10
     d78:	9f 90       	pop	r9
     d7a:	8f 90       	pop	r8
     d7c:	08 95       	ret

00000d7e <conv_brk>:
     d7e:	5f 92       	push	r5
     d80:	6f 92       	push	r6
     d82:	7f 92       	push	r7
     d84:	8f 92       	push	r8
     d86:	9f 92       	push	r9
     d88:	af 92       	push	r10
     d8a:	bf 92       	push	r11
     d8c:	cf 92       	push	r12
     d8e:	df 92       	push	r13
     d90:	ef 92       	push	r14
     d92:	ff 92       	push	r15
     d94:	0f 93       	push	r16
     d96:	1f 93       	push	r17
     d98:	cf 93       	push	r28
     d9a:	df 93       	push	r29
     d9c:	cd b7       	in	r28, 0x3d	; 61
     d9e:	de b7       	in	r29, 0x3e	; 62
     da0:	a0 97       	sbiw	r28, 0x20	; 32
     da2:	0f b6       	in	r0, 0x3f	; 63
     da4:	f8 94       	cli
     da6:	de bf       	out	0x3e, r29	; 62
     da8:	0f be       	out	0x3f, r0	; 63
     daa:	cd bf       	out	0x3d, r28	; 61
     dac:	5c 01       	movw	r10, r24
     dae:	96 2e       	mov	r9, r22
     db0:	7a 01       	movw	r14, r20
     db2:	f9 01       	movw	r30, r18
     db4:	8e 01       	movw	r16, r28
     db6:	0f 5f       	subi	r16, 0xFF	; 255
     db8:	1f 4f       	sbci	r17, 0xFF	; 255
     dba:	68 01       	movw	r12, r16
     dbc:	80 e2       	ldi	r24, 0x20	; 32
     dbe:	d8 01       	movw	r26, r16
     dc0:	1d 92       	st	X+, r1
     dc2:	8a 95       	dec	r24
     dc4:	e9 f7       	brne	.-6      	; 0xdc0 <conv_brk+0x42>
     dc6:	d5 01       	movw	r26, r10
     dc8:	13 96       	adiw	r26, 0x03	; 3
     dca:	8c 90       	ld	r8, X
     dcc:	80 e0       	ldi	r24, 0x00	; 0
     dce:	90 e0       	ldi	r25, 0x00	; 0
     dd0:	61 2c       	mov	r6, r1
     dd2:	71 2c       	mov	r7, r1
     dd4:	30 e0       	ldi	r19, 0x00	; 0
     dd6:	61 e0       	ldi	r22, 0x01	; 1
     dd8:	70 e0       	ldi	r23, 0x00	; 0
     dda:	83 fc       	sbrc	r8, 3
     ddc:	25 91       	lpm	r18, Z+
     dde:	83 fe       	sbrs	r8, 3
     de0:	21 91       	ld	r18, Z+
     de2:	8f 01       	movw	r16, r30
     de4:	52 2e       	mov	r5, r18
     de6:	21 11       	cpse	r18, r1
     de8:	03 c0       	rjmp	.+6      	; 0xdf0 <conv_brk+0x72>
     dea:	80 e0       	ldi	r24, 0x00	; 0
     dec:	90 e0       	ldi	r25, 0x00	; 0
     dee:	90 c0       	rjmp	.+288    	; 0xf10 <conv_brk+0x192>
     df0:	2e 35       	cpi	r18, 0x5E	; 94
     df2:	11 f4       	brne	.+4      	; 0xdf8 <conv_brk+0x7a>
     df4:	00 97       	sbiw	r24, 0x00	; 0
     df6:	51 f1       	breq	.+84     	; 0xe4c <conv_brk+0xce>
     df8:	43 2f       	mov	r20, r19
     dfa:	50 e0       	ldi	r21, 0x00	; 0
     dfc:	48 17       	cp	r20, r24
     dfe:	59 07       	cpc	r21, r25
     e00:	3c f4       	brge	.+14     	; 0xe10 <conv_brk+0x92>
     e02:	2d 35       	cpi	r18, 0x5D	; 93
     e04:	59 f1       	breq	.+86     	; 0xe5c <conv_brk+0xde>
     e06:	2d 32       	cpi	r18, 0x2D	; 45
     e08:	19 f4       	brne	.+6      	; 0xe10 <conv_brk+0x92>
     e0a:	77 20       	and	r7, r7
     e0c:	09 f1       	breq	.+66     	; 0xe50 <conv_brk+0xd2>
     e0e:	03 c0       	rjmp	.+6      	; 0xe16 <conv_brk+0x98>
     e10:	77 20       	and	r7, r7
     e12:	09 f4       	brne	.+2      	; 0xe16 <conv_brk+0x98>
     e14:	68 c0       	rjmp	.+208    	; 0xee6 <conv_brk+0x168>
     e16:	45 2d       	mov	r20, r5
     e18:	46 95       	lsr	r20
     e1a:	46 95       	lsr	r20
     e1c:	46 95       	lsr	r20
     e1e:	d6 01       	movw	r26, r12
     e20:	a4 0f       	add	r26, r20
     e22:	b1 1d       	adc	r27, r1
     e24:	45 2d       	mov	r20, r5
     e26:	47 70       	andi	r20, 0x07	; 7
     e28:	8b 01       	movw	r16, r22
     e2a:	02 c0       	rjmp	.+4      	; 0xe30 <conv_brk+0xb2>
     e2c:	00 0f       	add	r16, r16
     e2e:	11 1f       	adc	r17, r17
     e30:	4a 95       	dec	r20
     e32:	e2 f7       	brpl	.-8      	; 0xe2c <conv_brk+0xae>
     e34:	a8 01       	movw	r20, r16
     e36:	5c 91       	ld	r21, X
     e38:	45 2b       	or	r20, r21
     e3a:	4c 93       	st	X, r20
     e3c:	65 14       	cp	r6, r5
     e3e:	59 f0       	breq	.+22     	; 0xe56 <conv_brk+0xd8>
     e40:	56 14       	cp	r5, r6
     e42:	10 f4       	brcc	.+4      	; 0xe48 <conv_brk+0xca>
     e44:	53 94       	inc	r5
     e46:	e7 cf       	rjmp	.-50     	; 0xe16 <conv_brk+0x98>
     e48:	5a 94       	dec	r5
     e4a:	e5 cf       	rjmp	.-54     	; 0xe16 <conv_brk+0x98>
     e4c:	31 e0       	ldi	r19, 0x01	; 1
     e4e:	04 c0       	rjmp	.+8      	; 0xe58 <conv_brk+0xda>
     e50:	77 24       	eor	r7, r7
     e52:	73 94       	inc	r7
     e54:	01 c0       	rjmp	.+2      	; 0xe58 <conv_brk+0xda>
     e56:	71 2c       	mov	r7, r1
     e58:	01 96       	adiw	r24, 0x01	; 1
     e5a:	bf cf       	rjmp	.-130    	; 0xdda <conv_brk+0x5c>
     e5c:	77 20       	and	r7, r7
     e5e:	19 f0       	breq	.+6      	; 0xe66 <conv_brk+0xe8>
     e60:	8e 81       	ldd	r24, Y+6	; 0x06
     e62:	80 62       	ori	r24, 0x20	; 32
     e64:	8e 83       	std	Y+6, r24	; 0x06
     e66:	31 11       	cpse	r19, r1
     e68:	03 c0       	rjmp	.+6      	; 0xe70 <conv_brk+0xf2>
     e6a:	88 24       	eor	r8, r8
     e6c:	83 94       	inc	r8
     e6e:	17 c0       	rjmp	.+46     	; 0xe9e <conv_brk+0x120>
     e70:	f6 01       	movw	r30, r12
     e72:	9e 01       	movw	r18, r28
     e74:	2f 5d       	subi	r18, 0xDF	; 223
     e76:	3f 4f       	sbci	r19, 0xFF	; 255
     e78:	80 81       	ld	r24, Z
     e7a:	80 95       	com	r24
     e7c:	81 93       	st	Z+, r24
     e7e:	2e 17       	cp	r18, r30
     e80:	3f 07       	cpc	r19, r31
     e82:	d1 f7       	brne	.-12     	; 0xe78 <conv_brk+0xfa>
     e84:	f2 cf       	rjmp	.-28     	; 0xe6a <conv_brk+0xec>
     e86:	e1 14       	cp	r14, r1
     e88:	f1 04       	cpc	r15, r1
     e8a:	29 f0       	breq	.+10     	; 0xe96 <conv_brk+0x118>
     e8c:	d7 01       	movw	r26, r14
     e8e:	8c 93       	st	X, r24
     e90:	f7 01       	movw	r30, r14
     e92:	31 96       	adiw	r30, 0x01	; 1
     e94:	7f 01       	movw	r14, r30
     e96:	9a 94       	dec	r9
     e98:	81 2c       	mov	r8, r1
     e9a:	99 20       	and	r9, r9
     e9c:	e9 f0       	breq	.+58     	; 0xed8 <conv_brk+0x15a>
     e9e:	c5 01       	movw	r24, r10
     ea0:	8d d1       	rcall	.+794    	; 0x11bc <fgetc>
     ea2:	97 fd       	sbrc	r25, 7
     ea4:	17 c0       	rjmp	.+46     	; 0xed4 <conv_brk+0x156>
     ea6:	fc 01       	movw	r30, r24
     ea8:	ff 27       	eor	r31, r31
     eaa:	23 e0       	ldi	r18, 0x03	; 3
     eac:	f5 95       	asr	r31
     eae:	e7 95       	ror	r30
     eb0:	2a 95       	dec	r18
     eb2:	e1 f7       	brne	.-8      	; 0xeac <conv_brk+0x12e>
     eb4:	ec 0d       	add	r30, r12
     eb6:	fd 1d       	adc	r31, r13
     eb8:	20 81       	ld	r18, Z
     eba:	30 e0       	ldi	r19, 0x00	; 0
     ebc:	ac 01       	movw	r20, r24
     ebe:	47 70       	andi	r20, 0x07	; 7
     ec0:	55 27       	eor	r21, r21
     ec2:	02 c0       	rjmp	.+4      	; 0xec8 <conv_brk+0x14a>
     ec4:	35 95       	asr	r19
     ec6:	27 95       	ror	r18
     ec8:	4a 95       	dec	r20
     eca:	e2 f7       	brpl	.-8      	; 0xec4 <conv_brk+0x146>
     ecc:	20 fd       	sbrc	r18, 0
     ece:	db cf       	rjmp	.-74     	; 0xe86 <conv_brk+0x108>
     ed0:	b5 01       	movw	r22, r10
     ed2:	ee d1       	rcall	.+988    	; 0x12b0 <ungetc>
     ed4:	81 10       	cpse	r8, r1
     ed6:	89 cf       	rjmp	.-238    	; 0xdea <conv_brk+0x6c>
     ed8:	e1 14       	cp	r14, r1
     eda:	f1 04       	cpc	r15, r1
     edc:	11 f0       	breq	.+4      	; 0xee2 <conv_brk+0x164>
     ede:	d7 01       	movw	r26, r14
     ee0:	1c 92       	st	X, r1
     ee2:	c8 01       	movw	r24, r16
     ee4:	15 c0       	rjmp	.+42     	; 0xf10 <conv_brk+0x192>
     ee6:	42 2f       	mov	r20, r18
     ee8:	46 95       	lsr	r20
     eea:	46 95       	lsr	r20
     eec:	46 95       	lsr	r20
     eee:	d6 01       	movw	r26, r12
     ef0:	a4 0f       	add	r26, r20
     ef2:	b1 1d       	adc	r27, r1
     ef4:	42 2f       	mov	r20, r18
     ef6:	47 70       	andi	r20, 0x07	; 7
     ef8:	8b 01       	movw	r16, r22
     efa:	02 c0       	rjmp	.+4      	; 0xf00 <conv_brk+0x182>
     efc:	00 0f       	add	r16, r16
     efe:	11 1f       	adc	r17, r17
     f00:	4a 95       	dec	r20
     f02:	e2 f7       	brpl	.-8      	; 0xefc <conv_brk+0x17e>
     f04:	a8 01       	movw	r20, r16
     f06:	5c 91       	ld	r21, X
     f08:	45 2b       	or	r20, r21
     f0a:	4c 93       	st	X, r20
     f0c:	62 2e       	mov	r6, r18
     f0e:	a4 cf       	rjmp	.-184    	; 0xe58 <conv_brk+0xda>
     f10:	a0 96       	adiw	r28, 0x20	; 32
     f12:	0f b6       	in	r0, 0x3f	; 63
     f14:	f8 94       	cli
     f16:	de bf       	out	0x3e, r29	; 62
     f18:	0f be       	out	0x3f, r0	; 63
     f1a:	cd bf       	out	0x3d, r28	; 61
     f1c:	df 91       	pop	r29
     f1e:	cf 91       	pop	r28
     f20:	1f 91       	pop	r17
     f22:	0f 91       	pop	r16
     f24:	ff 90       	pop	r15
     f26:	ef 90       	pop	r14
     f28:	df 90       	pop	r13
     f2a:	cf 90       	pop	r12
     f2c:	bf 90       	pop	r11
     f2e:	af 90       	pop	r10
     f30:	9f 90       	pop	r9
     f32:	8f 90       	pop	r8
     f34:	7f 90       	pop	r7
     f36:	6f 90       	pop	r6
     f38:	5f 90       	pop	r5
     f3a:	08 95       	ret

00000f3c <vfscanf>:
     f3c:	5f 92       	push	r5
     f3e:	6f 92       	push	r6
     f40:	7f 92       	push	r7
     f42:	8f 92       	push	r8
     f44:	9f 92       	push	r9
     f46:	af 92       	push	r10
     f48:	bf 92       	push	r11
     f4a:	cf 92       	push	r12
     f4c:	df 92       	push	r13
     f4e:	ef 92       	push	r14
     f50:	ff 92       	push	r15
     f52:	0f 93       	push	r16
     f54:	1f 93       	push	r17
     f56:	cf 93       	push	r28
     f58:	df 93       	push	r29
     f5a:	6c 01       	movw	r12, r24
     f5c:	eb 01       	movw	r28, r22
     f5e:	5a 01       	movw	r10, r20
     f60:	fc 01       	movw	r30, r24
     f62:	17 82       	std	Z+7, r1	; 0x07
     f64:	16 82       	std	Z+6, r1	; 0x06
     f66:	51 2c       	mov	r5, r1
     f68:	f6 01       	movw	r30, r12
     f6a:	e3 80       	ldd	r14, Z+3	; 0x03
     f6c:	fe 01       	movw	r30, r28
     f6e:	e3 fc       	sbrc	r14, 3
     f70:	85 91       	lpm	r24, Z+
     f72:	e3 fe       	sbrs	r14, 3
     f74:	81 91       	ld	r24, Z+
     f76:	18 2f       	mov	r17, r24
     f78:	ef 01       	movw	r28, r30
     f7a:	88 23       	and	r24, r24
     f7c:	09 f4       	brne	.+2      	; 0xf80 <vfscanf+0x44>
     f7e:	e0 c0       	rjmp	.+448    	; 0x1140 <__stack+0x41>
     f80:	90 e0       	ldi	r25, 0x00	; 0
     f82:	f3 d0       	rcall	.+486    	; 0x116a <isspace>
     f84:	89 2b       	or	r24, r25
     f86:	19 f0       	breq	.+6      	; 0xf8e <vfscanf+0x52>
     f88:	c6 01       	movw	r24, r12
     f8a:	59 de       	rcall	.-846    	; 0xc3e <skip_spaces>
     f8c:	ed cf       	rjmp	.-38     	; 0xf68 <vfscanf+0x2c>
     f8e:	15 32       	cpi	r17, 0x25	; 37
     f90:	41 f4       	brne	.+16     	; 0xfa2 <vfscanf+0x66>
     f92:	fe 01       	movw	r30, r28
     f94:	e3 fc       	sbrc	r14, 3
     f96:	15 91       	lpm	r17, Z+
     f98:	e3 fe       	sbrs	r14, 3
     f9a:	11 91       	ld	r17, Z+
     f9c:	ef 01       	movw	r28, r30
     f9e:	15 32       	cpi	r17, 0x25	; 37
     fa0:	71 f4       	brne	.+28     	; 0xfbe <vfscanf+0x82>
     fa2:	c6 01       	movw	r24, r12
     fa4:	0b d1       	rcall	.+534    	; 0x11bc <fgetc>
     fa6:	97 fd       	sbrc	r25, 7
     fa8:	c9 c0       	rjmp	.+402    	; 0x113c <__stack+0x3d>
     faa:	41 2f       	mov	r20, r17
     fac:	50 e0       	ldi	r21, 0x00	; 0
     fae:	9c 01       	movw	r18, r24
     fb0:	33 27       	eor	r19, r19
     fb2:	24 17       	cp	r18, r20
     fb4:	35 07       	cpc	r19, r21
     fb6:	c1 f2       	breq	.-80     	; 0xf68 <vfscanf+0x2c>
     fb8:	b6 01       	movw	r22, r12
     fba:	7a d1       	rcall	.+756    	; 0x12b0 <ungetc>
     fbc:	c1 c0       	rjmp	.+386    	; 0x1140 <__stack+0x41>
     fbe:	1a 32       	cpi	r17, 0x2A	; 42
     fc0:	39 f4       	brne	.+14     	; 0xfd0 <vfscanf+0x94>
     fc2:	e3 fc       	sbrc	r14, 3
     fc4:	15 91       	lpm	r17, Z+
     fc6:	e3 fe       	sbrs	r14, 3
     fc8:	11 91       	ld	r17, Z+
     fca:	ef 01       	movw	r28, r30
     fcc:	01 e0       	ldi	r16, 0x01	; 1
     fce:	01 c0       	rjmp	.+2      	; 0xfd2 <vfscanf+0x96>
     fd0:	00 e0       	ldi	r16, 0x00	; 0
     fd2:	f1 2c       	mov	r15, r1
     fd4:	20 ed       	ldi	r18, 0xD0	; 208
     fd6:	21 0f       	add	r18, r17
     fd8:	2a 30       	cpi	r18, 0x0A	; 10
     fda:	78 f4       	brcc	.+30     	; 0xffa <vfscanf+0xbe>
     fdc:	02 60       	ori	r16, 0x02	; 2
     fde:	6f 2d       	mov	r22, r15
     fe0:	70 e0       	ldi	r23, 0x00	; 0
     fe2:	80 e0       	ldi	r24, 0x00	; 0
     fe4:	90 e0       	ldi	r25, 0x00	; 0
     fe6:	40 e2       	ldi	r20, 0x20	; 32
     fe8:	03 de       	rcall	.-1018   	; 0xbf0 <mulacc>
     fea:	f6 2e       	mov	r15, r22
     fec:	fe 01       	movw	r30, r28
     fee:	e3 fc       	sbrc	r14, 3
     ff0:	15 91       	lpm	r17, Z+
     ff2:	e3 fe       	sbrs	r14, 3
     ff4:	11 91       	ld	r17, Z+
     ff6:	ef 01       	movw	r28, r30
     ff8:	ed cf       	rjmp	.-38     	; 0xfd4 <vfscanf+0x98>
     ffa:	01 ff       	sbrs	r16, 1
     ffc:	03 c0       	rjmp	.+6      	; 0x1004 <__DATA_REGION_LENGTH__+0x4>
     ffe:	f1 10       	cpse	r15, r1
    1000:	03 c0       	rjmp	.+6      	; 0x1008 <__DATA_REGION_LENGTH__+0x8>
    1002:	9e c0       	rjmp	.+316    	; 0x1140 <__stack+0x41>
    1004:	ff 24       	eor	r15, r15
    1006:	fa 94       	dec	r15
    1008:	18 36       	cpi	r17, 0x68	; 104
    100a:	19 f0       	breq	.+6      	; 0x1012 <__DATA_REGION_LENGTH__+0x12>
    100c:	1c 36       	cpi	r17, 0x6C	; 108
    100e:	51 f0       	breq	.+20     	; 0x1024 <__DATA_REGION_LENGTH__+0x24>
    1010:	10 c0       	rjmp	.+32     	; 0x1032 <__DATA_REGION_LENGTH__+0x32>
    1012:	fe 01       	movw	r30, r28
    1014:	e3 fc       	sbrc	r14, 3
    1016:	15 91       	lpm	r17, Z+
    1018:	e3 fe       	sbrs	r14, 3
    101a:	11 91       	ld	r17, Z+
    101c:	ef 01       	movw	r28, r30
    101e:	18 36       	cpi	r17, 0x68	; 104
    1020:	41 f4       	brne	.+16     	; 0x1032 <__DATA_REGION_LENGTH__+0x32>
    1022:	08 60       	ori	r16, 0x08	; 8
    1024:	04 60       	ori	r16, 0x04	; 4
    1026:	fe 01       	movw	r30, r28
    1028:	e3 fc       	sbrc	r14, 3
    102a:	15 91       	lpm	r17, Z+
    102c:	e3 fe       	sbrs	r14, 3
    102e:	11 91       	ld	r17, Z+
    1030:	ef 01       	movw	r28, r30
    1032:	11 23       	and	r17, r17
    1034:	09 f4       	brne	.+2      	; 0x1038 <__DATA_REGION_LENGTH__+0x38>
    1036:	84 c0       	rjmp	.+264    	; 0x1140 <__stack+0x41>
    1038:	61 2f       	mov	r22, r17
    103a:	70 e0       	ldi	r23, 0x00	; 0
    103c:	8c e8       	ldi	r24, 0x8C	; 140
    103e:	90 e0       	ldi	r25, 0x00	; 0
    1040:	9c d0       	rcall	.+312    	; 0x117a <strchr_P>
    1042:	89 2b       	or	r24, r25
    1044:	09 f4       	brne	.+2      	; 0x1048 <__DATA_REGION_LENGTH__+0x48>
    1046:	7c c0       	rjmp	.+248    	; 0x1140 <__stack+0x41>
    1048:	00 fd       	sbrc	r16, 0
    104a:	07 c0       	rjmp	.+14     	; 0x105a <__DATA_REGION_LENGTH__+0x5a>
    104c:	f5 01       	movw	r30, r10
    104e:	80 80       	ld	r8, Z
    1050:	91 80       	ldd	r9, Z+1	; 0x01
    1052:	c5 01       	movw	r24, r10
    1054:	02 96       	adiw	r24, 0x02	; 2
    1056:	5c 01       	movw	r10, r24
    1058:	02 c0       	rjmp	.+4      	; 0x105e <__DATA_REGION_LENGTH__+0x5e>
    105a:	81 2c       	mov	r8, r1
    105c:	91 2c       	mov	r9, r1
    105e:	1e 36       	cpi	r17, 0x6E	; 110
    1060:	49 f4       	brne	.+18     	; 0x1074 <__DATA_REGION_LENGTH__+0x74>
    1062:	f6 01       	movw	r30, r12
    1064:	46 81       	ldd	r20, Z+6	; 0x06
    1066:	57 81       	ldd	r21, Z+7	; 0x07
    1068:	60 e0       	ldi	r22, 0x00	; 0
    106a:	70 e0       	ldi	r23, 0x00	; 0
    106c:	20 2f       	mov	r18, r16
    106e:	c4 01       	movw	r24, r8
    1070:	b3 dd       	rcall	.-1178   	; 0xbd8 <putval>
    1072:	7a cf       	rjmp	.-268    	; 0xf68 <vfscanf+0x2c>
    1074:	13 36       	cpi	r17, 0x63	; 99
    1076:	a1 f4       	brne	.+40     	; 0x10a0 <__DATA_REGION_LENGTH__+0xa0>
    1078:	01 fd       	sbrc	r16, 1
    107a:	02 c0       	rjmp	.+4      	; 0x1080 <__DATA_REGION_LENGTH__+0x80>
    107c:	ff 24       	eor	r15, r15
    107e:	f3 94       	inc	r15
    1080:	c6 01       	movw	r24, r12
    1082:	9c d0       	rcall	.+312    	; 0x11bc <fgetc>
    1084:	97 fd       	sbrc	r25, 7
    1086:	5a c0       	rjmp	.+180    	; 0x113c <__stack+0x3d>
    1088:	81 14       	cp	r8, r1
    108a:	91 04       	cpc	r9, r1
    108c:	29 f0       	breq	.+10     	; 0x1098 <__DATA_REGION_LENGTH__+0x98>
    108e:	f4 01       	movw	r30, r8
    1090:	80 83       	st	Z, r24
    1092:	c4 01       	movw	r24, r8
    1094:	01 96       	adiw	r24, 0x01	; 1
    1096:	4c 01       	movw	r8, r24
    1098:	fa 94       	dec	r15
    109a:	f1 10       	cpse	r15, r1
    109c:	f1 cf       	rjmp	.-30     	; 0x1080 <__DATA_REGION_LENGTH__+0x80>
    109e:	4a c0       	rjmp	.+148    	; 0x1134 <__stack+0x35>
    10a0:	1b 35       	cpi	r17, 0x5B	; 91
    10a2:	51 f4       	brne	.+20     	; 0x10b8 <__DATA_REGION_LENGTH__+0xb8>
    10a4:	9e 01       	movw	r18, r28
    10a6:	a4 01       	movw	r20, r8
    10a8:	6f 2d       	mov	r22, r15
    10aa:	c6 01       	movw	r24, r12
    10ac:	68 de       	rcall	.-816    	; 0xd7e <conv_brk>
    10ae:	ec 01       	movw	r28, r24
    10b0:	89 2b       	or	r24, r25
    10b2:	09 f0       	breq	.+2      	; 0x10b6 <__DATA_REGION_LENGTH__+0xb6>
    10b4:	3f c0       	rjmp	.+126    	; 0x1134 <__stack+0x35>
    10b6:	39 c0       	rjmp	.+114    	; 0x112a <__stack+0x2b>
    10b8:	c6 01       	movw	r24, r12
    10ba:	c1 dd       	rcall	.-1150   	; 0xc3e <skip_spaces>
    10bc:	97 fd       	sbrc	r25, 7
    10be:	3e c0       	rjmp	.+124    	; 0x113c <__stack+0x3d>
    10c0:	1f 36       	cpi	r17, 0x6F	; 111
    10c2:	49 f1       	breq	.+82     	; 0x1116 <__stack+0x17>
    10c4:	28 f4       	brcc	.+10     	; 0x10d0 <__DATA_REGION_LENGTH__+0xd0>
    10c6:	14 36       	cpi	r17, 0x64	; 100
    10c8:	21 f1       	breq	.+72     	; 0x1112 <__stack+0x13>
    10ca:	19 36       	cpi	r17, 0x69	; 105
    10cc:	39 f1       	breq	.+78     	; 0x111c <__stack+0x1d>
    10ce:	25 c0       	rjmp	.+74     	; 0x111a <__stack+0x1b>
    10d0:	13 37       	cpi	r17, 0x73	; 115
    10d2:	71 f0       	breq	.+28     	; 0x10f0 <__DATA_REGION_LENGTH__+0xf0>
    10d4:	15 37       	cpi	r17, 0x75	; 117
    10d6:	e9 f0       	breq	.+58     	; 0x1112 <__stack+0x13>
    10d8:	20 c0       	rjmp	.+64     	; 0x111a <__stack+0x1b>
    10da:	81 14       	cp	r8, r1
    10dc:	91 04       	cpc	r9, r1
    10de:	29 f0       	breq	.+10     	; 0x10ea <__DATA_REGION_LENGTH__+0xea>
    10e0:	f4 01       	movw	r30, r8
    10e2:	60 82       	st	Z, r6
    10e4:	c4 01       	movw	r24, r8
    10e6:	01 96       	adiw	r24, 0x01	; 1
    10e8:	4c 01       	movw	r8, r24
    10ea:	fa 94       	dec	r15
    10ec:	ff 20       	and	r15, r15
    10ee:	59 f0       	breq	.+22     	; 0x1106 <__stack+0x7>
    10f0:	c6 01       	movw	r24, r12
    10f2:	64 d0       	rcall	.+200    	; 0x11bc <fgetc>
    10f4:	3c 01       	movw	r6, r24
    10f6:	97 fd       	sbrc	r25, 7
    10f8:	06 c0       	rjmp	.+12     	; 0x1106 <__stack+0x7>
    10fa:	37 d0       	rcall	.+110    	; 0x116a <isspace>
    10fc:	89 2b       	or	r24, r25
    10fe:	69 f3       	breq	.-38     	; 0x10da <__DATA_REGION_LENGTH__+0xda>
    1100:	b6 01       	movw	r22, r12
    1102:	c3 01       	movw	r24, r6
    1104:	d5 d0       	rcall	.+426    	; 0x12b0 <ungetc>
    1106:	81 14       	cp	r8, r1
    1108:	91 04       	cpc	r9, r1
    110a:	a1 f0       	breq	.+40     	; 0x1134 <__stack+0x35>
    110c:	f4 01       	movw	r30, r8
    110e:	10 82       	st	Z, r1
    1110:	11 c0       	rjmp	.+34     	; 0x1134 <__stack+0x35>
    1112:	00 62       	ori	r16, 0x20	; 32
    1114:	03 c0       	rjmp	.+6      	; 0x111c <__stack+0x1d>
    1116:	00 61       	ori	r16, 0x10	; 16
    1118:	01 c0       	rjmp	.+2      	; 0x111c <__stack+0x1d>
    111a:	00 64       	ori	r16, 0x40	; 64
    111c:	20 2f       	mov	r18, r16
    111e:	a4 01       	movw	r20, r8
    1120:	6f 2d       	mov	r22, r15
    1122:	c6 01       	movw	r24, r12
    1124:	a2 dd       	rcall	.-1212   	; 0xc6a <conv_int>
    1126:	81 11       	cpse	r24, r1
    1128:	05 c0       	rjmp	.+10     	; 0x1134 <__stack+0x35>
    112a:	f6 01       	movw	r30, r12
    112c:	83 81       	ldd	r24, Z+3	; 0x03
    112e:	80 73       	andi	r24, 0x30	; 48
    1130:	29 f4       	brne	.+10     	; 0x113c <__stack+0x3d>
    1132:	06 c0       	rjmp	.+12     	; 0x1140 <__stack+0x41>
    1134:	00 fd       	sbrc	r16, 0
    1136:	18 cf       	rjmp	.-464    	; 0xf68 <vfscanf+0x2c>
    1138:	53 94       	inc	r5
    113a:	16 cf       	rjmp	.-468    	; 0xf68 <vfscanf+0x2c>
    113c:	55 20       	and	r5, r5
    113e:	19 f0       	breq	.+6      	; 0x1146 <__stack+0x47>
    1140:	85 2d       	mov	r24, r5
    1142:	90 e0       	ldi	r25, 0x00	; 0
    1144:	02 c0       	rjmp	.+4      	; 0x114a <__stack+0x4b>
    1146:	8f ef       	ldi	r24, 0xFF	; 255
    1148:	9f ef       	ldi	r25, 0xFF	; 255
    114a:	df 91       	pop	r29
    114c:	cf 91       	pop	r28
    114e:	1f 91       	pop	r17
    1150:	0f 91       	pop	r16
    1152:	ff 90       	pop	r15
    1154:	ef 90       	pop	r14
    1156:	df 90       	pop	r13
    1158:	cf 90       	pop	r12
    115a:	bf 90       	pop	r11
    115c:	af 90       	pop	r10
    115e:	9f 90       	pop	r9
    1160:	8f 90       	pop	r8
    1162:	7f 90       	pop	r7
    1164:	6f 90       	pop	r6
    1166:	5f 90       	pop	r5
    1168:	08 95       	ret

0000116a <isspace>:
    116a:	91 11       	cpse	r25, r1
    116c:	18 c1       	rjmp	.+560    	; 0x139e <__ctype_isfalse>
    116e:	80 32       	cpi	r24, 0x20	; 32
    1170:	19 f0       	breq	.+6      	; 0x1178 <isspace+0xe>
    1172:	89 50       	subi	r24, 0x09	; 9
    1174:	85 50       	subi	r24, 0x05	; 5
    1176:	d0 f7       	brcc	.-12     	; 0x116c <isspace+0x2>
    1178:	08 95       	ret

0000117a <strchr_P>:
    117a:	fc 01       	movw	r30, r24
    117c:	05 90       	lpm	r0, Z+
    117e:	06 16       	cp	r0, r22
    1180:	21 f0       	breq	.+8      	; 0x118a <strchr_P+0x10>
    1182:	00 20       	and	r0, r0
    1184:	d9 f7       	brne	.-10     	; 0x117c <strchr_P+0x2>
    1186:	c0 01       	movw	r24, r0
    1188:	08 95       	ret
    118a:	31 97       	sbiw	r30, 0x01	; 1
    118c:	cf 01       	movw	r24, r30
    118e:	08 95       	ret

00001190 <strnlen_P>:
    1190:	fc 01       	movw	r30, r24
    1192:	05 90       	lpm	r0, Z+
    1194:	61 50       	subi	r22, 0x01	; 1
    1196:	70 40       	sbci	r23, 0x00	; 0
    1198:	01 10       	cpse	r0, r1
    119a:	d8 f7       	brcc	.-10     	; 0x1192 <strnlen_P+0x2>
    119c:	80 95       	com	r24
    119e:	90 95       	com	r25
    11a0:	8e 0f       	add	r24, r30
    11a2:	9f 1f       	adc	r25, r31
    11a4:	08 95       	ret

000011a6 <strnlen>:
    11a6:	fc 01       	movw	r30, r24
    11a8:	61 50       	subi	r22, 0x01	; 1
    11aa:	70 40       	sbci	r23, 0x00	; 0
    11ac:	01 90       	ld	r0, Z+
    11ae:	01 10       	cpse	r0, r1
    11b0:	d8 f7       	brcc	.-10     	; 0x11a8 <strnlen+0x2>
    11b2:	80 95       	com	r24
    11b4:	90 95       	com	r25
    11b6:	8e 0f       	add	r24, r30
    11b8:	9f 1f       	adc	r25, r31
    11ba:	08 95       	ret

000011bc <fgetc>:
    11bc:	cf 93       	push	r28
    11be:	df 93       	push	r29
    11c0:	ec 01       	movw	r28, r24
    11c2:	2b 81       	ldd	r18, Y+3	; 0x03
    11c4:	20 ff       	sbrs	r18, 0
    11c6:	33 c0       	rjmp	.+102    	; 0x122e <fgetc+0x72>
    11c8:	26 ff       	sbrs	r18, 6
    11ca:	0a c0       	rjmp	.+20     	; 0x11e0 <fgetc+0x24>
    11cc:	2f 7b       	andi	r18, 0xBF	; 191
    11ce:	2b 83       	std	Y+3, r18	; 0x03
    11d0:	8e 81       	ldd	r24, Y+6	; 0x06
    11d2:	9f 81       	ldd	r25, Y+7	; 0x07
    11d4:	01 96       	adiw	r24, 0x01	; 1
    11d6:	9f 83       	std	Y+7, r25	; 0x07
    11d8:	8e 83       	std	Y+6, r24	; 0x06
    11da:	8a 81       	ldd	r24, Y+2	; 0x02
    11dc:	90 e0       	ldi	r25, 0x00	; 0
    11de:	29 c0       	rjmp	.+82     	; 0x1232 <fgetc+0x76>
    11e0:	22 ff       	sbrs	r18, 2
    11e2:	0f c0       	rjmp	.+30     	; 0x1202 <fgetc+0x46>
    11e4:	e8 81       	ld	r30, Y
    11e6:	f9 81       	ldd	r31, Y+1	; 0x01
    11e8:	80 81       	ld	r24, Z
    11ea:	08 2e       	mov	r0, r24
    11ec:	00 0c       	add	r0, r0
    11ee:	99 0b       	sbc	r25, r25
    11f0:	00 97       	sbiw	r24, 0x00	; 0
    11f2:	19 f4       	brne	.+6      	; 0x11fa <fgetc+0x3e>
    11f4:	20 62       	ori	r18, 0x20	; 32
    11f6:	2b 83       	std	Y+3, r18	; 0x03
    11f8:	1a c0       	rjmp	.+52     	; 0x122e <fgetc+0x72>
    11fa:	31 96       	adiw	r30, 0x01	; 1
    11fc:	f9 83       	std	Y+1, r31	; 0x01
    11fe:	e8 83       	st	Y, r30
    1200:	0e c0       	rjmp	.+28     	; 0x121e <fgetc+0x62>
    1202:	ea 85       	ldd	r30, Y+10	; 0x0a
    1204:	fb 85       	ldd	r31, Y+11	; 0x0b
    1206:	09 95       	icall
    1208:	97 ff       	sbrs	r25, 7
    120a:	09 c0       	rjmp	.+18     	; 0x121e <fgetc+0x62>
    120c:	2b 81       	ldd	r18, Y+3	; 0x03
    120e:	01 96       	adiw	r24, 0x01	; 1
    1210:	11 f0       	breq	.+4      	; 0x1216 <fgetc+0x5a>
    1212:	80 e2       	ldi	r24, 0x20	; 32
    1214:	01 c0       	rjmp	.+2      	; 0x1218 <fgetc+0x5c>
    1216:	80 e1       	ldi	r24, 0x10	; 16
    1218:	82 2b       	or	r24, r18
    121a:	8b 83       	std	Y+3, r24	; 0x03
    121c:	08 c0       	rjmp	.+16     	; 0x122e <fgetc+0x72>
    121e:	2e 81       	ldd	r18, Y+6	; 0x06
    1220:	3f 81       	ldd	r19, Y+7	; 0x07
    1222:	2f 5f       	subi	r18, 0xFF	; 255
    1224:	3f 4f       	sbci	r19, 0xFF	; 255
    1226:	3f 83       	std	Y+7, r19	; 0x07
    1228:	2e 83       	std	Y+6, r18	; 0x06
    122a:	99 27       	eor	r25, r25
    122c:	02 c0       	rjmp	.+4      	; 0x1232 <fgetc+0x76>
    122e:	8f ef       	ldi	r24, 0xFF	; 255
    1230:	9f ef       	ldi	r25, 0xFF	; 255
    1232:	df 91       	pop	r29
    1234:	cf 91       	pop	r28
    1236:	08 95       	ret

00001238 <fputc>:
    1238:	0f 93       	push	r16
    123a:	1f 93       	push	r17
    123c:	cf 93       	push	r28
    123e:	df 93       	push	r29
    1240:	fb 01       	movw	r30, r22
    1242:	23 81       	ldd	r18, Z+3	; 0x03
    1244:	21 fd       	sbrc	r18, 1
    1246:	03 c0       	rjmp	.+6      	; 0x124e <fputc+0x16>
    1248:	8f ef       	ldi	r24, 0xFF	; 255
    124a:	9f ef       	ldi	r25, 0xFF	; 255
    124c:	2c c0       	rjmp	.+88     	; 0x12a6 <fputc+0x6e>
    124e:	22 ff       	sbrs	r18, 2
    1250:	16 c0       	rjmp	.+44     	; 0x127e <fputc+0x46>
    1252:	46 81       	ldd	r20, Z+6	; 0x06
    1254:	57 81       	ldd	r21, Z+7	; 0x07
    1256:	24 81       	ldd	r18, Z+4	; 0x04
    1258:	35 81       	ldd	r19, Z+5	; 0x05
    125a:	42 17       	cp	r20, r18
    125c:	53 07       	cpc	r21, r19
    125e:	44 f4       	brge	.+16     	; 0x1270 <fputc+0x38>
    1260:	a0 81       	ld	r26, Z
    1262:	b1 81       	ldd	r27, Z+1	; 0x01
    1264:	9d 01       	movw	r18, r26
    1266:	2f 5f       	subi	r18, 0xFF	; 255
    1268:	3f 4f       	sbci	r19, 0xFF	; 255
    126a:	31 83       	std	Z+1, r19	; 0x01
    126c:	20 83       	st	Z, r18
    126e:	8c 93       	st	X, r24
    1270:	26 81       	ldd	r18, Z+6	; 0x06
    1272:	37 81       	ldd	r19, Z+7	; 0x07
    1274:	2f 5f       	subi	r18, 0xFF	; 255
    1276:	3f 4f       	sbci	r19, 0xFF	; 255
    1278:	37 83       	std	Z+7, r19	; 0x07
    127a:	26 83       	std	Z+6, r18	; 0x06
    127c:	14 c0       	rjmp	.+40     	; 0x12a6 <fputc+0x6e>
    127e:	8b 01       	movw	r16, r22
    1280:	ec 01       	movw	r28, r24
    1282:	fb 01       	movw	r30, r22
    1284:	00 84       	ldd	r0, Z+8	; 0x08
    1286:	f1 85       	ldd	r31, Z+9	; 0x09
    1288:	e0 2d       	mov	r30, r0
    128a:	09 95       	icall
    128c:	89 2b       	or	r24, r25
    128e:	e1 f6       	brne	.-72     	; 0x1248 <fputc+0x10>
    1290:	d8 01       	movw	r26, r16
    1292:	16 96       	adiw	r26, 0x06	; 6
    1294:	8d 91       	ld	r24, X+
    1296:	9c 91       	ld	r25, X
    1298:	17 97       	sbiw	r26, 0x07	; 7
    129a:	01 96       	adiw	r24, 0x01	; 1
    129c:	17 96       	adiw	r26, 0x07	; 7
    129e:	9c 93       	st	X, r25
    12a0:	8e 93       	st	-X, r24
    12a2:	16 97       	sbiw	r26, 0x06	; 6
    12a4:	ce 01       	movw	r24, r28
    12a6:	df 91       	pop	r29
    12a8:	cf 91       	pop	r28
    12aa:	1f 91       	pop	r17
    12ac:	0f 91       	pop	r16
    12ae:	08 95       	ret

000012b0 <ungetc>:
    12b0:	fb 01       	movw	r30, r22
    12b2:	23 81       	ldd	r18, Z+3	; 0x03
    12b4:	20 ff       	sbrs	r18, 0
    12b6:	12 c0       	rjmp	.+36     	; 0x12dc <ungetc+0x2c>
    12b8:	26 fd       	sbrc	r18, 6
    12ba:	10 c0       	rjmp	.+32     	; 0x12dc <ungetc+0x2c>
    12bc:	8f 3f       	cpi	r24, 0xFF	; 255
    12be:	3f ef       	ldi	r19, 0xFF	; 255
    12c0:	93 07       	cpc	r25, r19
    12c2:	61 f0       	breq	.+24     	; 0x12dc <ungetc+0x2c>
    12c4:	82 83       	std	Z+2, r24	; 0x02
    12c6:	2f 7d       	andi	r18, 0xDF	; 223
    12c8:	20 64       	ori	r18, 0x40	; 64
    12ca:	23 83       	std	Z+3, r18	; 0x03
    12cc:	26 81       	ldd	r18, Z+6	; 0x06
    12ce:	37 81       	ldd	r19, Z+7	; 0x07
    12d0:	21 50       	subi	r18, 0x01	; 1
    12d2:	31 09       	sbc	r19, r1
    12d4:	37 83       	std	Z+7, r19	; 0x07
    12d6:	26 83       	std	Z+6, r18	; 0x06
    12d8:	99 27       	eor	r25, r25
    12da:	08 95       	ret
    12dc:	8f ef       	ldi	r24, 0xFF	; 255
    12de:	9f ef       	ldi	r25, 0xFF	; 255
    12e0:	08 95       	ret

000012e2 <__ultoa_invert>:
    12e2:	fa 01       	movw	r30, r20
    12e4:	aa 27       	eor	r26, r26
    12e6:	28 30       	cpi	r18, 0x08	; 8
    12e8:	51 f1       	breq	.+84     	; 0x133e <__ultoa_invert+0x5c>
    12ea:	20 31       	cpi	r18, 0x10	; 16
    12ec:	81 f1       	breq	.+96     	; 0x134e <__ultoa_invert+0x6c>
    12ee:	e8 94       	clt
    12f0:	6f 93       	push	r22
    12f2:	6e 7f       	andi	r22, 0xFE	; 254
    12f4:	6e 5f       	subi	r22, 0xFE	; 254
    12f6:	7f 4f       	sbci	r23, 0xFF	; 255
    12f8:	8f 4f       	sbci	r24, 0xFF	; 255
    12fa:	9f 4f       	sbci	r25, 0xFF	; 255
    12fc:	af 4f       	sbci	r26, 0xFF	; 255
    12fe:	b1 e0       	ldi	r27, 0x01	; 1
    1300:	3e d0       	rcall	.+124    	; 0x137e <__ultoa_invert+0x9c>
    1302:	b4 e0       	ldi	r27, 0x04	; 4
    1304:	3c d0       	rcall	.+120    	; 0x137e <__ultoa_invert+0x9c>
    1306:	67 0f       	add	r22, r23
    1308:	78 1f       	adc	r23, r24
    130a:	89 1f       	adc	r24, r25
    130c:	9a 1f       	adc	r25, r26
    130e:	a1 1d       	adc	r26, r1
    1310:	68 0f       	add	r22, r24
    1312:	79 1f       	adc	r23, r25
    1314:	8a 1f       	adc	r24, r26
    1316:	91 1d       	adc	r25, r1
    1318:	a1 1d       	adc	r26, r1
    131a:	6a 0f       	add	r22, r26
    131c:	71 1d       	adc	r23, r1
    131e:	81 1d       	adc	r24, r1
    1320:	91 1d       	adc	r25, r1
    1322:	a1 1d       	adc	r26, r1
    1324:	20 d0       	rcall	.+64     	; 0x1366 <__ultoa_invert+0x84>
    1326:	09 f4       	brne	.+2      	; 0x132a <__ultoa_invert+0x48>
    1328:	68 94       	set
    132a:	3f 91       	pop	r19
    132c:	2a e0       	ldi	r18, 0x0A	; 10
    132e:	26 9f       	mul	r18, r22
    1330:	11 24       	eor	r1, r1
    1332:	30 19       	sub	r19, r0
    1334:	30 5d       	subi	r19, 0xD0	; 208
    1336:	31 93       	st	Z+, r19
    1338:	de f6       	brtc	.-74     	; 0x12f0 <__ultoa_invert+0xe>
    133a:	cf 01       	movw	r24, r30
    133c:	08 95       	ret
    133e:	46 2f       	mov	r20, r22
    1340:	47 70       	andi	r20, 0x07	; 7
    1342:	40 5d       	subi	r20, 0xD0	; 208
    1344:	41 93       	st	Z+, r20
    1346:	b3 e0       	ldi	r27, 0x03	; 3
    1348:	0f d0       	rcall	.+30     	; 0x1368 <__ultoa_invert+0x86>
    134a:	c9 f7       	brne	.-14     	; 0x133e <__ultoa_invert+0x5c>
    134c:	f6 cf       	rjmp	.-20     	; 0x133a <__ultoa_invert+0x58>
    134e:	46 2f       	mov	r20, r22
    1350:	4f 70       	andi	r20, 0x0F	; 15
    1352:	40 5d       	subi	r20, 0xD0	; 208
    1354:	4a 33       	cpi	r20, 0x3A	; 58
    1356:	18 f0       	brcs	.+6      	; 0x135e <__ultoa_invert+0x7c>
    1358:	49 5d       	subi	r20, 0xD9	; 217
    135a:	31 fd       	sbrc	r19, 1
    135c:	40 52       	subi	r20, 0x20	; 32
    135e:	41 93       	st	Z+, r20
    1360:	02 d0       	rcall	.+4      	; 0x1366 <__ultoa_invert+0x84>
    1362:	a9 f7       	brne	.-22     	; 0x134e <__ultoa_invert+0x6c>
    1364:	ea cf       	rjmp	.-44     	; 0x133a <__ultoa_invert+0x58>
    1366:	b4 e0       	ldi	r27, 0x04	; 4
    1368:	a6 95       	lsr	r26
    136a:	97 95       	ror	r25
    136c:	87 95       	ror	r24
    136e:	77 95       	ror	r23
    1370:	67 95       	ror	r22
    1372:	ba 95       	dec	r27
    1374:	c9 f7       	brne	.-14     	; 0x1368 <__ultoa_invert+0x86>
    1376:	00 97       	sbiw	r24, 0x00	; 0
    1378:	61 05       	cpc	r22, r1
    137a:	71 05       	cpc	r23, r1
    137c:	08 95       	ret
    137e:	9b 01       	movw	r18, r22
    1380:	ac 01       	movw	r20, r24
    1382:	0a 2e       	mov	r0, r26
    1384:	06 94       	lsr	r0
    1386:	57 95       	ror	r21
    1388:	47 95       	ror	r20
    138a:	37 95       	ror	r19
    138c:	27 95       	ror	r18
    138e:	ba 95       	dec	r27
    1390:	c9 f7       	brne	.-14     	; 0x1384 <__ultoa_invert+0xa2>
    1392:	62 0f       	add	r22, r18
    1394:	73 1f       	adc	r23, r19
    1396:	84 1f       	adc	r24, r20
    1398:	95 1f       	adc	r25, r21
    139a:	a0 1d       	adc	r26, r0
    139c:	08 95       	ret

0000139e <__ctype_isfalse>:
    139e:	99 27       	eor	r25, r25
    13a0:	88 27       	eor	r24, r24

000013a2 <__ctype_istrue>:
    13a2:	08 95       	ret

000013a4 <_exit>:
    13a4:	f8 94       	cli

000013a6 <__stop_program>:
    13a6:	ff cf       	rjmp	.-2      	; 0x13a6 <__stop_program>
