
07. AUTO_CAR.elf:     file format elf32-avr

Sections:
Idx Name          Size      VMA       LMA       File off  Algn
  0 .data         0000005a  00800100  00001ca6  00001d3a  2**0
                  CONTENTS, ALLOC, LOAD, DATA
  1 .text         00001ca6  00000000  00000000  00000094  2**1
                  CONTENTS, ALLOC, LOAD, READONLY, CODE
  2 .bss          0000035e  0080015a  0080015a  00001d94  2**0
                  ALLOC
  3 .comment      0000005c  00000000  00000000  00001d94  2**0
                  CONTENTS, READONLY
  4 .note.gnu.avr.deviceinfo 00000040  00000000  00000000  00001df0  2**2
                  CONTENTS, READONLY
  5 .debug_aranges 000001c8  00000000  00000000  00001e30  2**0
                  CONTENTS, READONLY, DEBUGGING
  6 .debug_info   00001be1  00000000  00000000  00001ff8  2**0
                  CONTENTS, READONLY, DEBUGGING
  7 .debug_abbrev 00000e19  00000000  00000000  00003bd9  2**0
                  CONTENTS, READONLY, DEBUGGING
  8 .debug_line   00000f61  00000000  00000000  000049f2  2**0
                  CONTENTS, READONLY, DEBUGGING
  9 .debug_frame  00000520  00000000  00000000  00005954  2**2
                  CONTENTS, READONLY, DEBUGGING
 10 .debug_str    0000084f  00000000  00000000  00005e74  2**0
                  CONTENTS, READONLY, DEBUGGING
 11 .debug_loc    00000f7a  00000000  00000000  000066c3  2**0
                  CONTENTS, READONLY, DEBUGGING
 12 .debug_ranges 00000178  00000000  00000000  0000763d  2**0
                  CONTENTS, READONLY, DEBUGGING

Disassembly of section .text:

00000000 <__vectors>:
       0:	da c0       	rjmp	.+436    	; 0x1b6 <__ctors_end>
       2:	00 00       	nop
       4:	f6 c0       	rjmp	.+492    	; 0x1f2 <__bad_interrupt>
       6:	00 00       	nop
       8:	f4 c0       	rjmp	.+488    	; 0x1f2 <__bad_interrupt>
       a:	00 00       	nop
       c:	f2 c0       	rjmp	.+484    	; 0x1f2 <__bad_interrupt>
       e:	00 00       	nop
      10:	f0 c0       	rjmp	.+480    	; 0x1f2 <__bad_interrupt>
      12:	00 00       	nop
      14:	83 c1       	rjmp	.+774    	; 0x31c <__vector_5>
      16:	00 00       	nop
      18:	d2 c1       	rjmp	.+932    	; 0x3be <__vector_6>
      1a:	00 00       	nop
      1c:	20 c2       	rjmp	.+1088   	; 0x45e <__vector_7>
      1e:	00 00       	nop
      20:	e8 c0       	rjmp	.+464    	; 0x1f2 <__bad_interrupt>
      22:	00 00       	nop
      24:	e6 c0       	rjmp	.+460    	; 0x1f2 <__bad_interrupt>
      26:	00 00       	nop
      28:	e4 c0       	rjmp	.+456    	; 0x1f2 <__bad_interrupt>
      2a:	00 00       	nop
      2c:	e2 c0       	rjmp	.+452    	; 0x1f2 <__bad_interrupt>
      2e:	00 00       	nop
      30:	e0 c0       	rjmp	.+448    	; 0x1f2 <__bad_interrupt>
      32:	00 00       	nop
      34:	de c0       	rjmp	.+444    	; 0x1f2 <__bad_interrupt>
      36:	00 00       	nop
      38:	dc c0       	rjmp	.+440    	; 0x1f2 <__bad_interrupt>
      3a:	00 00       	nop
      3c:	da c0       	rjmp	.+436    	; 0x1f2 <__bad_interrupt>
      3e:	00 00       	nop
      40:	8f c6       	rjmp	.+3358   	; 0xd60 <__vector_16>
      42:	00 00       	nop
      44:	d6 c0       	rjmp	.+428    	; 0x1f2 <__bad_interrupt>
      46:	00 00       	nop
      48:	d0 c7       	rjmp	.+4000   	; 0xfea <__vector_18>
      4a:	00 00       	nop
      4c:	d2 c0       	rjmp	.+420    	; 0x1f2 <__bad_interrupt>
      4e:	00 00       	nop
      50:	d0 c0       	rjmp	.+416    	; 0x1f2 <__bad_interrupt>
      52:	00 00       	nop
      54:	ce c0       	rjmp	.+412    	; 0x1f2 <__bad_interrupt>
      56:	00 00       	nop
      58:	cc c0       	rjmp	.+408    	; 0x1f2 <__bad_interrupt>
      5a:	00 00       	nop
      5c:	ca c0       	rjmp	.+404    	; 0x1f2 <__bad_interrupt>
      5e:	00 00       	nop
      60:	c8 c0       	rjmp	.+400    	; 0x1f2 <__bad_interrupt>
      62:	00 00       	nop
      64:	c6 c0       	rjmp	.+396    	; 0x1f2 <__bad_interrupt>
      66:	00 00       	nop
      68:	c4 c0       	rjmp	.+392    	; 0x1f2 <__bad_interrupt>
      6a:	00 00       	nop
      6c:	c2 c0       	rjmp	.+388    	; 0x1f2 <__bad_interrupt>
      6e:	00 00       	nop
      70:	c0 c0       	rjmp	.+384    	; 0x1f2 <__bad_interrupt>
      72:	00 00       	nop
      74:	be c0       	rjmp	.+380    	; 0x1f2 <__bad_interrupt>
      76:	00 00       	nop
      78:	0c 94 49 09 	jmp	0x1292	; 0x1292 <__vector_30>
      7c:	ba c0       	rjmp	.+372    	; 0x1f2 <__bad_interrupt>
      7e:	00 00       	nop
      80:	b8 c0       	rjmp	.+368    	; 0x1f2 <__bad_interrupt>
      82:	00 00       	nop
      84:	b6 c0       	rjmp	.+364    	; 0x1f2 <__bad_interrupt>
      86:	00 00       	nop
      88:	b4 c0       	rjmp	.+360    	; 0x1f2 <__bad_interrupt>
      8a:	00 00       	nop
      8c:	23 01       	movw	r4, r6
      8e:	40 01       	movw	r8, r0
      90:	40 01       	movw	r8, r0
      92:	40 01       	movw	r8, r0
      94:	19 01       	movw	r2, r18
      96:	40 01       	movw	r8, r0
      98:	40 01       	movw	r8, r0
      9a:	40 01       	movw	r8, r0
      9c:	40 01       	movw	r8, r0
      9e:	40 01       	movw	r8, r0
      a0:	2d 01       	movw	r4, r26
      a2:	40 01       	movw	r8, r0
      a4:	40 01       	movw	r8, r0
      a6:	40 01       	movw	r8, r0
      a8:	40 01       	movw	r8, r0
      aa:	40 01       	movw	r8, r0
      ac:	37 01       	movw	r6, r14
      ae:	40 01       	movw	r8, r0
      b0:	40 01       	movw	r8, r0
      b2:	40 01       	movw	r8, r0
      b4:	40 01       	movw	r8, r0
      b6:	40 01       	movw	r8, r0
      b8:	40 01       	movw	r8, r0
      ba:	40 01       	movw	r8, r0
      bc:	40 01       	movw	r8, r0
      be:	40 01       	movw	r8, r0
      c0:	40 01       	movw	r8, r0
      c2:	40 01       	movw	r8, r0
      c4:	40 01       	movw	r8, r0
      c6:	40 01       	movw	r8, r0
      c8:	40 01       	movw	r8, r0
      ca:	40 01       	movw	r8, r0
      cc:	23 01       	movw	r4, r6
      ce:	40 01       	movw	r8, r0
      d0:	40 01       	movw	r8, r0
      d2:	40 01       	movw	r8, r0
      d4:	19 01       	movw	r2, r18
      d6:	40 01       	movw	r8, r0
      d8:	40 01       	movw	r8, r0
      da:	40 01       	movw	r8, r0
      dc:	40 01       	movw	r8, r0
      de:	40 01       	movw	r8, r0
      e0:	2d 01       	movw	r4, r26
      e2:	40 01       	movw	r8, r0
      e4:	40 01       	movw	r8, r0
      e6:	40 01       	movw	r8, r0
      e8:	40 01       	movw	r8, r0
      ea:	40 01       	movw	r8, r0
      ec:	37 01       	movw	r6, r14
      ee:	34 04       	cpc	r3, r4
      f0:	32 04       	cpc	r3, r2
      f2:	32 04       	cpc	r3, r2
      f4:	32 04       	cpc	r3, r2
      f6:	2a 04       	cpc	r2, r10
      f8:	32 04       	cpc	r3, r2
      fa:	32 04       	cpc	r3, r2
      fc:	32 04       	cpc	r3, r2
      fe:	32 04       	cpc	r3, r2
     100:	32 04       	cpc	r3, r2
     102:	2c 04       	cpc	r2, r12
     104:	32 04       	cpc	r3, r2
     106:	32 04       	cpc	r3, r2
     108:	32 04       	cpc	r3, r2
     10a:	32 04       	cpc	r3, r2
     10c:	32 04       	cpc	r3, r2
     10e:	2e 04       	cpc	r2, r14
     110:	30 04       	cpc	r3, r0
     112:	32 04       	cpc	r3, r2
     114:	32 04       	cpc	r3, r2
     116:	32 04       	cpc	r3, r2
     118:	32 04       	cpc	r3, r2
     11a:	32 04       	cpc	r3, r2
     11c:	32 04       	cpc	r3, r2
     11e:	32 04       	cpc	r3, r2
     120:	32 04       	cpc	r3, r2
     122:	32 04       	cpc	r3, r2
     124:	32 04       	cpc	r3, r2
     126:	32 04       	cpc	r3, r2
     128:	32 04       	cpc	r3, r2
     12a:	32 04       	cpc	r3, r2
     12c:	32 04       	cpc	r3, r2
     12e:	34 04       	cpc	r3, r4
     130:	32 04       	cpc	r3, r2
     132:	32 04       	cpc	r3, r2
     134:	32 04       	cpc	r3, r2
     136:	2a 04       	cpc	r2, r10
     138:	32 04       	cpc	r3, r2
     13a:	32 04       	cpc	r3, r2
     13c:	32 04       	cpc	r3, r2
     13e:	32 04       	cpc	r3, r2
     140:	32 04       	cpc	r3, r2
     142:	2c 04       	cpc	r2, r12
     144:	32 04       	cpc	r3, r2
     146:	32 04       	cpc	r3, r2
     148:	32 04       	cpc	r3, r2
     14a:	32 04       	cpc	r3, r2
     14c:	32 04       	cpc	r3, r2
     14e:	2e 04       	cpc	r2, r14
     150:	30 04       	cpc	r3, r0
     152:	7f 06       	cpc	r7, r31
     154:	a3 06       	cpc	r10, r19
     156:	a3 06       	cpc	r10, r19
     158:	a3 06       	cpc	r10, r19
     15a:	75 06       	cpc	r7, r21
     15c:	a3 06       	cpc	r10, r19
     15e:	a3 06       	cpc	r10, r19
     160:	a3 06       	cpc	r10, r19
     162:	a3 06       	cpc	r10, r19
     164:	a3 06       	cpc	r10, r19
     166:	89 06       	cpc	r8, r25
     168:	a3 06       	cpc	r10, r19
     16a:	a3 06       	cpc	r10, r19
     16c:	a3 06       	cpc	r10, r19
     16e:	a3 06       	cpc	r10, r19
     170:	a3 06       	cpc	r10, r19
     172:	93 06       	cpc	r9, r19
     174:	9d 06       	cpc	r9, r29
     176:	a3 06       	cpc	r10, r19
     178:	a3 06       	cpc	r10, r19
     17a:	a3 06       	cpc	r10, r19
     17c:	a3 06       	cpc	r10, r19
     17e:	a3 06       	cpc	r10, r19
     180:	a3 06       	cpc	r10, r19
     182:	a3 06       	cpc	r10, r19
     184:	a3 06       	cpc	r10, r19
     186:	a3 06       	cpc	r10, r19
     188:	a3 06       	cpc	r10, r19
     18a:	a3 06       	cpc	r10, r19
     18c:	a3 06       	cpc	r10, r19
     18e:	a3 06       	cpc	r10, r19
     190:	a3 06       	cpc	r10, r19
     192:	7f 06       	cpc	r7, r31
     194:	a3 06       	cpc	r10, r19
     196:	a3 06       	cpc	r10, r19
     198:	a3 06       	cpc	r10, r19
     19a:	75 06       	cpc	r7, r21
     19c:	a3 06       	cpc	r10, r19
     19e:	a3 06       	cpc	r10, r19
     1a0:	a3 06       	cpc	r10, r19
     1a2:	a3 06       	cpc	r10, r19
     1a4:	a3 06       	cpc	r10, r19
     1a6:	89 06       	cpc	r8, r25
     1a8:	a3 06       	cpc	r10, r19
     1aa:	a3 06       	cpc	r10, r19
     1ac:	a3 06       	cpc	r10, r19
     1ae:	a3 06       	cpc	r10, r19
     1b0:	a3 06       	cpc	r10, r19
     1b2:	93 06       	cpc	r9, r19
     1b4:	9d 06       	cpc	r9, r29

000001b6 <__ctors_end>:
     1b6:	11 24       	eor	r1, r1
     1b8:	1f be       	out	0x3f, r1	; 63
     1ba:	cf ef       	ldi	r28, 0xFF	; 255
     1bc:	d0 e1       	ldi	r29, 0x10	; 16
     1be:	de bf       	out	0x3e, r29	; 62
     1c0:	cd bf       	out	0x3d, r28	; 61

000001c2 <__do_copy_data>:
     1c2:	11 e0       	ldi	r17, 0x01	; 1
     1c4:	a0 e0       	ldi	r26, 0x00	; 0
     1c6:	b1 e0       	ldi	r27, 0x01	; 1
     1c8:	e6 ea       	ldi	r30, 0xA6	; 166
     1ca:	fc e1       	ldi	r31, 0x1C	; 28
     1cc:	00 e0       	ldi	r16, 0x00	; 0
     1ce:	0b bf       	out	0x3b, r16	; 59
     1d0:	02 c0       	rjmp	.+4      	; 0x1d6 <__do_copy_data+0x14>
     1d2:	07 90       	elpm	r0, Z+
     1d4:	0d 92       	st	X+, r0
     1d6:	aa 35       	cpi	r26, 0x5A	; 90
     1d8:	b1 07       	cpc	r27, r17
     1da:	d9 f7       	brne	.-10     	; 0x1d2 <__do_copy_data+0x10>

000001dc <__do_clear_bss>:
     1dc:	24 e0       	ldi	r18, 0x04	; 4
     1de:	aa e5       	ldi	r26, 0x5A	; 90
     1e0:	b1 e0       	ldi	r27, 0x01	; 1
     1e2:	01 c0       	rjmp	.+2      	; 0x1e6 <.do_clear_bss_start>

000001e4 <.do_clear_bss_loop>:
     1e4:	1d 92       	st	X+, r1

000001e6 <.do_clear_bss_start>:
     1e6:	a8 3b       	cpi	r26, 0xB8	; 184
     1e8:	b2 07       	cpc	r27, r18
     1ea:	e1 f7       	brne	.-8      	; 0x1e4 <.do_clear_bss_loop>
     1ec:	f5 d5       	rcall	.+3050   	; 0xdd8 <main>
     1ee:	0c 94 51 0e 	jmp	0x1ca2	; 0x1ca2 <_exit>

000001f2 <__bad_interrupt>:
     1f2:	06 cf       	rjmp	.-500    	; 0x0 <__vectors>

000001f4 <update_status>:
uint32_t state_start_ms;


// 속도값(0~1023)을 %로 변환해서 FND2에 반영
static void update_status(uint8_t dir, int speed)
{
     1f4:	28 2f       	mov	r18, r24
	current_dir = dir;
     1f6:	80 93 1d 01 	sts	0x011D, r24	; 0x80011d <current_dir>
	current_speed = (uint16_t)speed * 100 / 1023;
     1fa:	34 e6       	ldi	r19, 0x64	; 100
     1fc:	36 9f       	mul	r19, r22
     1fe:	c0 01       	movw	r24, r0
     200:	37 9f       	mul	r19, r23
     202:	90 0d       	add	r25, r0
     204:	11 24       	eor	r1, r1
     206:	6f ef       	ldi	r22, 0xFF	; 255
     208:	73 e0       	ldi	r23, 0x03	; 3
     20a:	0e 94 00 0b 	call	0x1600	; 0x1600 <__udivmodhi4>
     20e:	60 93 8a 01 	sts	0x018A, r22	; 0x80018a <current_speed>

	// 방향이 바뀌는 순간에만 카운트
	if (dir != last_dir)
     212:	80 91 06 01 	lds	r24, 0x0106	; 0x800106 <last_dir>
     216:	28 17       	cp	r18, r24
     218:	a9 f1       	breq	.+106    	; 0x284 <update_status+0x90>
	{
		switch (dir)
     21a:	82 2f       	mov	r24, r18
     21c:	90 e0       	ldi	r25, 0x00	; 0
     21e:	fc 01       	movw	r30, r24
     220:	e2 54       	subi	r30, 0x42	; 66
     222:	f1 09       	sbc	r31, r1
     224:	e1 33       	cpi	r30, 0x31	; 49
     226:	f1 05       	cpc	r31, r1
     228:	58 f5       	brcc	.+86     	; 0x280 <update_status+0x8c>
     22a:	ea 5b       	subi	r30, 0xBA	; 186
     22c:	ff 4f       	sbci	r31, 0xFF	; 255
     22e:	0c 94 49 0b 	jmp	0x1692	; 0x1692 <__tablejump2__>
		{
			case 'F': case 'f': cnt_f++; break;
     232:	80 91 7c 01 	lds	r24, 0x017C	; 0x80017c <cnt_f>
     236:	90 91 7d 01 	lds	r25, 0x017D	; 0x80017d <cnt_f+0x1>
     23a:	01 96       	adiw	r24, 0x01	; 1
     23c:	90 93 7d 01 	sts	0x017D, r25	; 0x80017d <cnt_f+0x1>
     240:	80 93 7c 01 	sts	0x017C, r24	; 0x80017c <cnt_f>
     244:	1d c0       	rjmp	.+58     	; 0x280 <update_status+0x8c>
			case 'b': case 'B': cnt_b++; break;
     246:	80 91 7a 01 	lds	r24, 0x017A	; 0x80017a <cnt_b>
     24a:	90 91 7b 01 	lds	r25, 0x017B	; 0x80017b <cnt_b+0x1>
     24e:	01 96       	adiw	r24, 0x01	; 1
     250:	90 93 7b 01 	sts	0x017B, r25	; 0x80017b <cnt_b+0x1>
     254:	80 93 7a 01 	sts	0x017A, r24	; 0x80017a <cnt_b>
     258:	13 c0       	rjmp	.+38     	; 0x280 <update_status+0x8c>
			case 'L': case 'l': cnt_l++; break;
     25a:	80 91 78 01 	lds	r24, 0x0178	; 0x800178 <cnt_l>
     25e:	90 91 79 01 	lds	r25, 0x0179	; 0x800179 <cnt_l+0x1>
     262:	01 96       	adiw	r24, 0x01	; 1
     264:	90 93 79 01 	sts	0x0179, r25	; 0x800179 <cnt_l+0x1>
     268:	80 93 78 01 	sts	0x0178, r24	; 0x800178 <cnt_l>
     26c:	09 c0       	rjmp	.+18     	; 0x280 <update_status+0x8c>
			case 'r': case 'R': cnt_r++; break;
     26e:	80 91 76 01 	lds	r24, 0x0176	; 0x800176 <cnt_r>
     272:	90 91 77 01 	lds	r25, 0x0177	; 0x800177 <cnt_r+0x1>
     276:	01 96       	adiw	r24, 0x01	; 1
     278:	90 93 77 01 	sts	0x0177, r25	; 0x800177 <cnt_r+0x1>
     27c:	80 93 76 01 	sts	0x0176, r24	; 0x800176 <cnt_r>
		}
		last_dir = dir;
     280:	20 93 06 01 	sts	0x0106, r18	; 0x800106 <last_dir>
     284:	08 95       	ret

00000286 <fnd1_output>:
{
	// seg 비트 의미: 7=A 6=B 5=C 4=D 3=E 2=F 1=G 0=DP

	// PORTD 상위 4비트(A,B,C,D)는 그대로, 하위 4비트는 1(off) 유지
	// → A,B,C,D는 seg의 bit7~4에 그대로 있음
	FND1_DATA_PORT = (FND1_DATA_PORT & 0x0F) | (seg & 0xF0);
     286:	92 b3       	in	r25, 0x12	; 18
     288:	9f 70       	andi	r25, 0x0F	; 15
     28a:	28 2f       	mov	r18, r24
     28c:	20 7f       	andi	r18, 0xF0	; 240
     28e:	92 2b       	or	r25, r18
     290:	92 bb       	out	0x12, r25	; 18

	// PORTB 하위 4비트(E,F,G,DP) = seg의 bit3~0
	PORTB = (PORTB & 0xF0) | (seg & 0x0F);
     292:	98 b3       	in	r25, 0x18	; 24
     294:	90 7f       	andi	r25, 0xF0	; 240
     296:	8f 70       	andi	r24, 0x0F	; 15
     298:	89 2b       	or	r24, r25
     29a:	88 bb       	out	0x18, r24	; 24
     29c:	08 95       	ret

0000029e <reset_drive_stats>:
		last_dir = dir;
	}
}
void reset_drive_stats(void)
{
	cnt_f = cnt_b = cnt_l = cnt_r = 0;
     29e:	10 92 77 01 	sts	0x0177, r1	; 0x800177 <cnt_r+0x1>
     2a2:	10 92 76 01 	sts	0x0176, r1	; 0x800176 <cnt_r>
     2a6:	10 92 79 01 	sts	0x0179, r1	; 0x800179 <cnt_l+0x1>
     2aa:	10 92 78 01 	sts	0x0178, r1	; 0x800178 <cnt_l>
     2ae:	10 92 7b 01 	sts	0x017B, r1	; 0x80017b <cnt_b+0x1>
     2b2:	10 92 7a 01 	sts	0x017A, r1	; 0x80017a <cnt_b>
     2b6:	10 92 7d 01 	sts	0x017D, r1	; 0x80017d <cnt_f+0x1>
     2ba:	10 92 7c 01 	sts	0x017C, r1	; 0x80017c <cnt_f>
	last_dir = 'S';
     2be:	83 e5       	ldi	r24, 0x53	; 83
     2c0:	80 93 06 01 	sts	0x0106, r24	; 0x800106 <last_dir>
     2c4:	08 95       	ret

000002c6 <init_auto_car>:
};

void init_auto_car(void)
{
	// 버튼 PG0 입력 모드
	BTN_DDR &= ~(1 << BTN_BIT);
     2c6:	e4 e6       	ldi	r30, 0x64	; 100
     2c8:	f0 e0       	ldi	r31, 0x00	; 0
     2ca:	80 81       	ld	r24, Z
     2cc:	8e 7f       	andi	r24, 0xFE	; 254
     2ce:	80 83       	st	Z, r24

	// LED PG4 출력 모드
	AUTO_LED_DDR |= (1 << AUTO_LED_BIT);
     2d0:	80 81       	ld	r24, Z
     2d2:	80 61       	ori	r24, 0x10	; 16
     2d4:	80 83       	st	Z, r24
	AUTO_LED_PORT &= ~(1 << AUTO_LED_BIT);  // 초기 off
     2d6:	e5 e6       	ldi	r30, 0x65	; 101
     2d8:	f0 e0       	ldi	r31, 0x00	; 0
     2da:	80 81       	ld	r24, Z
     2dc:	8f 7e       	andi	r24, 0xEF	; 239
     2de:	80 83       	st	Z, r24
     2e0:	08 95       	ret

000002e2 <make_trigger>:
}


void make_trigger(uint8_t pin)
{
	TRIG_PORT &= ~(1 << pin);
     2e2:	4b b3       	in	r20, 0x1b	; 27
     2e4:	21 e0       	ldi	r18, 0x01	; 1
     2e6:	30 e0       	ldi	r19, 0x00	; 0
     2e8:	b9 01       	movw	r22, r18
     2ea:	02 c0       	rjmp	.+4      	; 0x2f0 <make_trigger+0xe>
     2ec:	66 0f       	add	r22, r22
     2ee:	77 1f       	adc	r23, r23
     2f0:	8a 95       	dec	r24
     2f2:	e2 f7       	brpl	.-8      	; 0x2ec <make_trigger+0xa>
     2f4:	cb 01       	movw	r24, r22
     2f6:	96 2f       	mov	r25, r22
     2f8:	90 95       	com	r25
     2fa:	49 23       	and	r20, r25
     2fc:	4b bb       	out	0x1b, r20	; 27
	#else
		//round up by default
		__ticks_dc = (uint32_t)(ceil(fabs(__tmp)));
	#endif

	__builtin_avr_delay_cycles(__ticks_dc);
     2fe:	7a e0       	ldi	r23, 0x0A	; 10
     300:	7a 95       	dec	r23
     302:	f1 f7       	brne	.-4      	; 0x300 <make_trigger+0x1e>
     304:	00 c0       	rjmp	.+0      	; 0x306 <make_trigger+0x24>
	_delay_us(2);
	TRIG_PORT |= (1 << pin);
     306:	2b b3       	in	r18, 0x1b	; 27
     308:	82 2b       	or	r24, r18
     30a:	8b bb       	out	0x1b, r24	; 27
     30c:	85 e3       	ldi	r24, 0x35	; 53
     30e:	8a 95       	dec	r24
     310:	f1 f7       	brne	.-4      	; 0x30e <make_trigger+0x2c>
     312:	00 00       	nop
	_delay_us(10);
	TRIG_PORT &= ~(1 << pin);
     314:	8b b3       	in	r24, 0x1b	; 27
     316:	98 23       	and	r25, r24
     318:	9b bb       	out	0x1b, r25	; 27
     31a:	08 95       	ret

0000031c <__vector_5>:
}

// INT4: 왼쪽 에코
ISR(INT4_vect)
{
     31c:	1f 92       	push	r1
     31e:	0f 92       	push	r0
     320:	0f b6       	in	r0, 0x3f	; 63
     322:	0f 92       	push	r0
     324:	11 24       	eor	r1, r1
     326:	0b b6       	in	r0, 0x3b	; 59
     328:	0f 92       	push	r0
     32a:	2f 93       	push	r18
     32c:	3f 93       	push	r19
     32e:	4f 93       	push	r20
     330:	5f 93       	push	r21
     332:	6f 93       	push	r22
     334:	7f 93       	push	r23
     336:	8f 93       	push	r24
     338:	9f 93       	push	r25
     33a:	af 93       	push	r26
     33c:	bf 93       	push	r27
     33e:	ef 93       	push	r30
     340:	ff 93       	push	r31
	if (ECHO_PORT & (1 << ECHO_LEFT))
     342:	0c 9b       	sbis	0x01, 4	; 1
     344:	05 c0       	rjmp	.+10     	; 0x350 <__vector_5+0x34>
	TCNT3 = 0;
     346:	10 92 89 00 	sts	0x0089, r1	; 0x800089 <__TEXT_REGION_LENGTH__+0x7e0089>
     34a:	10 92 88 00 	sts	0x0088, r1	; 0x800088 <__TEXT_REGION_LENGTH__+0x7e0088>
     34e:	24 c0       	rjmp	.+72     	; 0x398 <__vector_5+0x7c>
	else
	dist_left = (int)(TCNT3 * 1000000.0 * 1024 / F_CPU / 58);
     350:	60 91 88 00 	lds	r22, 0x0088	; 0x800088 <__TEXT_REGION_LENGTH__+0x7e0088>
     354:	70 91 89 00 	lds	r23, 0x0089	; 0x800089 <__TEXT_REGION_LENGTH__+0x7e0089>
     358:	80 e0       	ldi	r24, 0x00	; 0
     35a:	90 e0       	ldi	r25, 0x00	; 0
     35c:	0e 94 0f 0a 	call	0x141e	; 0x141e <__floatunsisf>
     360:	20 e0       	ldi	r18, 0x00	; 0
     362:	34 e2       	ldi	r19, 0x24	; 36
     364:	44 e7       	ldi	r20, 0x74	; 116
     366:	59 e4       	ldi	r21, 0x49	; 73
     368:	0e 94 9d 0a 	call	0x153a	; 0x153a <__mulsf3>
     36c:	20 e0       	ldi	r18, 0x00	; 0
     36e:	30 e0       	ldi	r19, 0x00	; 0
     370:	40 e8       	ldi	r20, 0x80	; 128
     372:	54 e4       	ldi	r21, 0x44	; 68
     374:	0e 94 9d 0a 	call	0x153a	; 0x153a <__mulsf3>
     378:	20 e0       	ldi	r18, 0x00	; 0
     37a:	34 e2       	ldi	r19, 0x24	; 36
     37c:	44 e7       	ldi	r20, 0x74	; 116
     37e:	5b e4       	ldi	r21, 0x4B	; 75
     380:	b5 d7       	rcall	.+3946   	; 0x12ec <__divsf3>
     382:	20 e0       	ldi	r18, 0x00	; 0
     384:	30 e0       	ldi	r19, 0x00	; 0
     386:	48 e6       	ldi	r20, 0x68	; 104
     388:	52 e4       	ldi	r21, 0x42	; 66
     38a:	b0 d7       	rcall	.+3936   	; 0x12ec <__divsf3>
     38c:	0e 94 de 09 	call	0x13bc	; 0x13bc <__fixsfsi>
     390:	70 93 05 01 	sts	0x0105, r23	; 0x800105 <dist_left+0x1>
     394:	60 93 04 01 	sts	0x0104, r22	; 0x800104 <dist_left>
}
     398:	ff 91       	pop	r31
     39a:	ef 91       	pop	r30
     39c:	bf 91       	pop	r27
     39e:	af 91       	pop	r26
     3a0:	9f 91       	pop	r25
     3a2:	8f 91       	pop	r24
     3a4:	7f 91       	pop	r23
     3a6:	6f 91       	pop	r22
     3a8:	5f 91       	pop	r21
     3aa:	4f 91       	pop	r20
     3ac:	3f 91       	pop	r19
     3ae:	2f 91       	pop	r18
     3b0:	0f 90       	pop	r0
     3b2:	0b be       	out	0x3b, r0	; 59
     3b4:	0f 90       	pop	r0
     3b6:	0f be       	out	0x3f, r0	; 63
     3b8:	0f 90       	pop	r0
     3ba:	1f 90       	pop	r1
     3bc:	18 95       	reti

000003be <__vector_6>:

// INT5: 정면 에코
ISR(INT5_vect)
{
     3be:	1f 92       	push	r1
     3c0:	0f 92       	push	r0
     3c2:	0f b6       	in	r0, 0x3f	; 63
     3c4:	0f 92       	push	r0
     3c6:	11 24       	eor	r1, r1
     3c8:	0b b6       	in	r0, 0x3b	; 59
     3ca:	0f 92       	push	r0
     3cc:	2f 93       	push	r18
     3ce:	3f 93       	push	r19
     3d0:	4f 93       	push	r20
     3d2:	5f 93       	push	r21
     3d4:	6f 93       	push	r22
     3d6:	7f 93       	push	r23
     3d8:	8f 93       	push	r24
     3da:	9f 93       	push	r25
     3dc:	af 93       	push	r26
     3de:	bf 93       	push	r27
     3e0:	ef 93       	push	r30
     3e2:	ff 93       	push	r31
	if (ECHO_PORT & (1 << ECHO_FRONT))
     3e4:	0d 9b       	sbis	0x01, 5	; 1
     3e6:	05 c0       	rjmp	.+10     	; 0x3f2 <__vector_6+0x34>
	TCNT3 = 0;
     3e8:	10 92 89 00 	sts	0x0089, r1	; 0x800089 <__TEXT_REGION_LENGTH__+0x7e0089>
     3ec:	10 92 88 00 	sts	0x0088, r1	; 0x800088 <__TEXT_REGION_LENGTH__+0x7e0088>
     3f0:	23 c0       	rjmp	.+70     	; 0x438 <__LOCK_REGION_LENGTH__+0x38>
	else
	dist_front = (int)(TCNT3 * 1000000.0 * 1024 / F_CPU / 58);
     3f2:	60 91 88 00 	lds	r22, 0x0088	; 0x800088 <__TEXT_REGION_LENGTH__+0x7e0088>
     3f6:	70 91 89 00 	lds	r23, 0x0089	; 0x800089 <__TEXT_REGION_LENGTH__+0x7e0089>
     3fa:	80 e0       	ldi	r24, 0x00	; 0
     3fc:	90 e0       	ldi	r25, 0x00	; 0
     3fe:	0e 94 0f 0a 	call	0x141e	; 0x141e <__floatunsisf>
     402:	20 e0       	ldi	r18, 0x00	; 0
     404:	34 e2       	ldi	r19, 0x24	; 36
     406:	44 e7       	ldi	r20, 0x74	; 116
     408:	59 e4       	ldi	r21, 0x49	; 73
     40a:	0e 94 9d 0a 	call	0x153a	; 0x153a <__mulsf3>
     40e:	20 e0       	ldi	r18, 0x00	; 0
     410:	30 e0       	ldi	r19, 0x00	; 0
     412:	40 e8       	ldi	r20, 0x80	; 128
     414:	54 e4       	ldi	r21, 0x44	; 68
     416:	0e 94 9d 0a 	call	0x153a	; 0x153a <__mulsf3>
     41a:	20 e0       	ldi	r18, 0x00	; 0
     41c:	34 e2       	ldi	r19, 0x24	; 36
     41e:	44 e7       	ldi	r20, 0x74	; 116
     420:	5b e4       	ldi	r21, 0x4B	; 75
     422:	64 d7       	rcall	.+3784   	; 0x12ec <__divsf3>
     424:	20 e0       	ldi	r18, 0x00	; 0
     426:	30 e0       	ldi	r19, 0x00	; 0
     428:	48 e6       	ldi	r20, 0x68	; 104
     42a:	52 e4       	ldi	r21, 0x42	; 66
     42c:	5f d7       	rcall	.+3774   	; 0x12ec <__divsf3>
     42e:	c6 d7       	rcall	.+3980   	; 0x13bc <__fixsfsi>
     430:	70 93 03 01 	sts	0x0103, r23	; 0x800103 <dist_front+0x1>
     434:	60 93 02 01 	sts	0x0102, r22	; 0x800102 <dist_front>
}
     438:	ff 91       	pop	r31
     43a:	ef 91       	pop	r30
     43c:	bf 91       	pop	r27
     43e:	af 91       	pop	r26
     440:	9f 91       	pop	r25
     442:	8f 91       	pop	r24
     444:	7f 91       	pop	r23
     446:	6f 91       	pop	r22
     448:	5f 91       	pop	r21
     44a:	4f 91       	pop	r20
     44c:	3f 91       	pop	r19
     44e:	2f 91       	pop	r18
     450:	0f 90       	pop	r0
     452:	0b be       	out	0x3b, r0	; 59
     454:	0f 90       	pop	r0
     456:	0f be       	out	0x3f, r0	; 63
     458:	0f 90       	pop	r0
     45a:	1f 90       	pop	r1
     45c:	18 95       	reti

0000045e <__vector_7>:

// INT6: 오른쪽 에코
ISR(INT6_vect)
{
     45e:	1f 92       	push	r1
     460:	0f 92       	push	r0
     462:	0f b6       	in	r0, 0x3f	; 63
     464:	0f 92       	push	r0
     466:	11 24       	eor	r1, r1
     468:	0b b6       	in	r0, 0x3b	; 59
     46a:	0f 92       	push	r0
     46c:	2f 93       	push	r18
     46e:	3f 93       	push	r19
     470:	4f 93       	push	r20
     472:	5f 93       	push	r21
     474:	6f 93       	push	r22
     476:	7f 93       	push	r23
     478:	8f 93       	push	r24
     47a:	9f 93       	push	r25
     47c:	af 93       	push	r26
     47e:	bf 93       	push	r27
     480:	ef 93       	push	r30
     482:	ff 93       	push	r31
	if (ECHO_PORT & (1 << ECHO_RIGHT))
     484:	0e 9b       	sbis	0x01, 6	; 1
     486:	05 c0       	rjmp	.+10     	; 0x492 <__vector_7+0x34>
	TCNT3 = 0;
     488:	10 92 89 00 	sts	0x0089, r1	; 0x800089 <__TEXT_REGION_LENGTH__+0x7e0089>
     48c:	10 92 88 00 	sts	0x0088, r1	; 0x800088 <__TEXT_REGION_LENGTH__+0x7e0088>
     490:	22 c0       	rjmp	.+68     	; 0x4d6 <__vector_7+0x78>
	else
	dist_right = (int)(TCNT3 * 1000000.0 * 1024 / F_CPU / 58);
     492:	60 91 88 00 	lds	r22, 0x0088	; 0x800088 <__TEXT_REGION_LENGTH__+0x7e0088>
     496:	70 91 89 00 	lds	r23, 0x0089	; 0x800089 <__TEXT_REGION_LENGTH__+0x7e0089>
     49a:	80 e0       	ldi	r24, 0x00	; 0
     49c:	90 e0       	ldi	r25, 0x00	; 0
     49e:	bf d7       	rcall	.+3966   	; 0x141e <__floatunsisf>
     4a0:	20 e0       	ldi	r18, 0x00	; 0
     4a2:	34 e2       	ldi	r19, 0x24	; 36
     4a4:	44 e7       	ldi	r20, 0x74	; 116
     4a6:	59 e4       	ldi	r21, 0x49	; 73
     4a8:	0e 94 9d 0a 	call	0x153a	; 0x153a <__mulsf3>
     4ac:	20 e0       	ldi	r18, 0x00	; 0
     4ae:	30 e0       	ldi	r19, 0x00	; 0
     4b0:	40 e8       	ldi	r20, 0x80	; 128
     4b2:	54 e4       	ldi	r21, 0x44	; 68
     4b4:	0e 94 9d 0a 	call	0x153a	; 0x153a <__mulsf3>
     4b8:	20 e0       	ldi	r18, 0x00	; 0
     4ba:	34 e2       	ldi	r19, 0x24	; 36
     4bc:	44 e7       	ldi	r20, 0x74	; 116
     4be:	5b e4       	ldi	r21, 0x4B	; 75
     4c0:	15 d7       	rcall	.+3626   	; 0x12ec <__divsf3>
     4c2:	20 e0       	ldi	r18, 0x00	; 0
     4c4:	30 e0       	ldi	r19, 0x00	; 0
     4c6:	48 e6       	ldi	r20, 0x68	; 104
     4c8:	52 e4       	ldi	r21, 0x42	; 66
     4ca:	10 d7       	rcall	.+3616   	; 0x12ec <__divsf3>
     4cc:	77 d7       	rcall	.+3822   	; 0x13bc <__fixsfsi>
     4ce:	70 93 01 01 	sts	0x0101, r23	; 0x800101 <__DATA_REGION_ORIGIN__+0x1>
     4d2:	60 93 00 01 	sts	0x0100, r22	; 0x800100 <__DATA_REGION_ORIGIN__>
}
     4d6:	ff 91       	pop	r31
     4d8:	ef 91       	pop	r30
     4da:	bf 91       	pop	r27
     4dc:	af 91       	pop	r26
     4de:	9f 91       	pop	r25
     4e0:	8f 91       	pop	r24
     4e2:	7f 91       	pop	r23
     4e4:	6f 91       	pop	r22
     4e6:	5f 91       	pop	r21
     4e8:	4f 91       	pop	r20
     4ea:	3f 91       	pop	r19
     4ec:	2f 91       	pop	r18
     4ee:	0f 90       	pop	r0
     4f0:	0b be       	out	0x3b, r0	; 59
     4f2:	0f 90       	pop	r0
     4f4:	0f be       	out	0x3f, r0	; 63
     4f6:	0f 90       	pop	r0
     4f8:	1f 90       	pop	r1
     4fa:	18 95       	reti

000004fc <init_ultrasonic>:

void init_ultrasonic(void)
{
	// 트리거 출력
	TRIG_DDR |= (1<<TRIG_LEFT)|(1<<TRIG_FRONT)|(1<<TRIG_RIGHT);
     4fc:	8a b3       	in	r24, 0x1a	; 26
     4fe:	87 60       	ori	r24, 0x07	; 7
     500:	8a bb       	out	0x1a, r24	; 26
	TRIG_PORT &= ~((1<<TRIG_LEFT)|(1<<TRIG_FRONT)|(1<<TRIG_RIGHT));
     502:	8b b3       	in	r24, 0x1b	; 27
     504:	88 7f       	andi	r24, 0xF8	; 248
     506:	8b bb       	out	0x1b, r24	; 27

	// 에코 입력
	ECHO_DDR &= ~((1<<ECHO_LEFT)|(1<<ECHO_FRONT)|(1<<ECHO_RIGHT));
     508:	82 b1       	in	r24, 0x02	; 2
     50a:	8f 78       	andi	r24, 0x8F	; 143
     50c:	82 b9       	out	0x02, r24	; 2

	// INT4, INT5, INT6: 상승/하강 엣지 모두
	EICRB |= (0<<ISC41)|(1<<ISC40);
     50e:	8a b7       	in	r24, 0x3a	; 58
     510:	81 60       	ori	r24, 0x01	; 1
     512:	8a bf       	out	0x3a, r24	; 58
	EICRB |= (0<<ISC51)|(1<<ISC50);
     514:	8a b7       	in	r24, 0x3a	; 58
     516:	84 60       	ori	r24, 0x04	; 4
     518:	8a bf       	out	0x3a, r24	; 58
	EICRB |= (0<<ISC61)|(1<<ISC60);
     51a:	8a b7       	in	r24, 0x3a	; 58
     51c:	80 61       	ori	r24, 0x10	; 16
     51e:	8a bf       	out	0x3a, r24	; 58

	// Timer3 초기화 후 1024분주  ← 이거 추가
	TCCR3B = 0;
     520:	ea e8       	ldi	r30, 0x8A	; 138
     522:	f0 e0       	ldi	r31, 0x00	; 0
     524:	10 82       	st	Z, r1
	TCCR3B |= (1<<CS32)|(1<<CS30);
     526:	80 81       	ld	r24, Z
     528:	85 60       	ori	r24, 0x05	; 5
     52a:	80 83       	st	Z, r24

	// INT4, INT5, INT6 활성화
	EIMSK |= (1<<INT4)|(1<<INT5)|(1<<INT6);
     52c:	89 b7       	in	r24, 0x39	; 57
     52e:	80 67       	ori	r24, 0x70	; 112
     530:	89 bf       	out	0x39, r24	; 57
     532:	08 95       	ret

00000534 <ultrasonic_processing>:

void ultrasonic_processing(void)
{
	static uint32_t last_time = 0;

	if (msec_count - last_time >= 100)  // 100ms마다 순차 측정
     534:	80 91 86 01 	lds	r24, 0x0186	; 0x800186 <msec_count>
     538:	90 91 87 01 	lds	r25, 0x0187	; 0x800187 <msec_count+0x1>
     53c:	a0 91 88 01 	lds	r26, 0x0188	; 0x800188 <msec_count+0x2>
     540:	b0 91 89 01 	lds	r27, 0x0189	; 0x800189 <msec_count+0x3>
     544:	40 91 6d 01 	lds	r20, 0x016D	; 0x80016d <last_time.2189>
     548:	50 91 6e 01 	lds	r21, 0x016E	; 0x80016e <last_time.2189+0x1>
     54c:	60 91 6f 01 	lds	r22, 0x016F	; 0x80016f <last_time.2189+0x2>
     550:	70 91 70 01 	lds	r23, 0x0170	; 0x800170 <last_time.2189+0x3>
     554:	84 1b       	sub	r24, r20
     556:	95 0b       	sbc	r25, r21
     558:	a6 0b       	sbc	r26, r22
     55a:	b7 0b       	sbc	r27, r23
     55c:	84 36       	cpi	r24, 0x64	; 100
     55e:	91 05       	cpc	r25, r1
     560:	a1 05       	cpc	r26, r1
     562:	b1 05       	cpc	r27, r1
     564:	40 f1       	brcs	.+80     	; 0x5b6 <ultrasonic_processing+0x82>
	{
		last_time = msec_count;
     566:	80 91 86 01 	lds	r24, 0x0186	; 0x800186 <msec_count>
     56a:	90 91 87 01 	lds	r25, 0x0187	; 0x800187 <msec_count+0x1>
     56e:	a0 91 88 01 	lds	r26, 0x0188	; 0x800188 <msec_count+0x2>
     572:	b0 91 89 01 	lds	r27, 0x0189	; 0x800189 <msec_count+0x3>
     576:	80 93 6d 01 	sts	0x016D, r24	; 0x80016d <last_time.2189>
     57a:	90 93 6e 01 	sts	0x016E, r25	; 0x80016e <last_time.2189+0x1>
     57e:	a0 93 6f 01 	sts	0x016F, r26	; 0x80016f <last_time.2189+0x2>
     582:	b0 93 70 01 	sts	0x0170, r27	; 0x800170 <last_time.2189+0x3>

		switch (ultra_step)
     586:	80 91 71 01 	lds	r24, 0x0171	; 0x800171 <ultra_step>
     58a:	81 30       	cpi	r24, 0x01	; 1
     58c:	51 f0       	breq	.+20     	; 0x5a2 <ultrasonic_processing+0x6e>
     58e:	18 f0       	brcs	.+6      	; 0x596 <ultrasonic_processing+0x62>
     590:	82 30       	cpi	r24, 0x02	; 2
     592:	69 f0       	breq	.+26     	; 0x5ae <ultrasonic_processing+0x7a>
     594:	08 95       	ret
		{
			case 0: make_trigger(TRIG_LEFT);  ultra_step = 1; break;
     596:	80 e0       	ldi	r24, 0x00	; 0
     598:	a4 de       	rcall	.-696    	; 0x2e2 <make_trigger>
     59a:	81 e0       	ldi	r24, 0x01	; 1
     59c:	80 93 71 01 	sts	0x0171, r24	; 0x800171 <ultra_step>
     5a0:	08 95       	ret
			case 1: make_trigger(TRIG_FRONT); ultra_step = 2; break;
     5a2:	81 e0       	ldi	r24, 0x01	; 1
     5a4:	9e de       	rcall	.-708    	; 0x2e2 <make_trigger>
     5a6:	82 e0       	ldi	r24, 0x02	; 2
     5a8:	80 93 71 01 	sts	0x0171, r24	; 0x800171 <ultra_step>
     5ac:	08 95       	ret
			case 2: make_trigger(TRIG_RIGHT); ultra_step = 0; break;
     5ae:	82 e0       	ldi	r24, 0x02	; 2
     5b0:	98 de       	rcall	.-720    	; 0x2e2 <make_trigger>
     5b2:	10 92 71 01 	sts	0x0171, r1	; 0x800171 <ultra_step>
     5b6:	08 95       	ret

000005b8 <init_fnd1>:
     5b8:	81 b3       	in	r24, 0x11	; 17
// ========== FND1 버퍼 업데이트 ==========
// ms: 자율주행 시작 후 경과 밀리초
void init_fnd1(void)
{
	// PORTD 상위 4비트(A,B,C,D) 출력
	FND1_DATA_DDR  |= 0xF0;
     5ba:	80 6f       	ori	r24, 0xF0	; 240
     5bc:	81 bb       	out	0x11, r24	; 17
	FND1_DATA_PORT |= 0xF0;   // off
     5be:	82 b3       	in	r24, 0x12	; 18
     5c0:	80 6f       	ori	r24, 0xF0	; 240
     5c2:	82 bb       	out	0x12, r24	; 18

	// PORTB 하위 4비트(E,F,G,DP) 출력
	DDRB  |= 0x0F;
     5c4:	87 b3       	in	r24, 0x17	; 23
     5c6:	8f 60       	ori	r24, 0x0F	; 15
     5c8:	87 bb       	out	0x17, r24	; 23
	PORTB |= 0x0F;            // off
     5ca:	88 b3       	in	r24, 0x18	; 24
     5cc:	8f 60       	ori	r24, 0x0F	; 15
     5ce:	88 bb       	out	0x18, r24	; 24

	// 자릿수 PF4~7 출력
	FND1_DIGIT_DDR  |= (1<<FND1_D1)|(1<<FND1_D2)|(1<<FND1_D3)|(1<<FND1_D4);
     5d0:	e1 e6       	ldi	r30, 0x61	; 97
     5d2:	f0 e0       	ldi	r31, 0x00	; 0
     5d4:	80 81       	ld	r24, Z
     5d6:	80 6f       	ori	r24, 0xF0	; 240
     5d8:	80 83       	st	Z, r24
	FND1_DIGIT_PORT &= ~((1<<FND1_D1)|(1<<FND1_D2)|(1<<FND1_D3)|(1<<FND1_D4));
     5da:	e2 e6       	ldi	r30, 0x62	; 98
     5dc:	f0 e0       	ldi	r31, 0x00	; 0
     5de:	80 81       	ld	r24, Z
     5e0:	8f 70       	andi	r24, 0x0F	; 15
     5e2:	80 83       	st	Z, r24
     5e4:	08 95       	ret

000005e6 <init_fnd2>:
}

void init_fnd2(void)
{
	FND2_DATA_DDR  = 0xFF;
     5e6:	8f ef       	ldi	r24, 0xFF	; 255
     5e8:	84 bb       	out	0x14, r24	; 20
	FND2_DATA_PORT = 0xFF;  // 전체 off (Common Anode)
     5ea:	85 bb       	out	0x15, r24	; 21

	// PA4~7만 출력 (PA0~2는 초음파 트리거)
	FND2_DIGIT_DDR  |= (1<<FND2_D1)|(1<<FND2_D2)|(1<<FND2_D3)|(1<<FND2_D4);
     5ec:	8a b3       	in	r24, 0x1a	; 26
     5ee:	80 6f       	ori	r24, 0xF0	; 240
     5f0:	8a bb       	out	0x1a, r24	; 26
	FND2_DIGIT_PORT &= ~((1<<FND2_D1)|(1<<FND2_D2)|(1<<FND2_D3)|(1<<FND2_D4));
     5f2:	8b b3       	in	r24, 0x1b	; 27
     5f4:	8f 70       	andi	r24, 0x0F	; 15
     5f6:	8b bb       	out	0x1b, r24	; 27
     5f8:	08 95       	ret

000005fa <get_auto_button>:



// 버튼 눌렀다 떼면 1 리턴
int get_auto_button(void)
{
     5fa:	0f 93       	push	r16
     5fc:	1f 93       	push	r17
	static unsigned char stable    = BUTTON_RELEASE;
	static unsigned char last_raw  = BUTTON_RELEASE;
	static uint32_t      change_t  = 0;

	unsigned char raw = (BTN_PIN & (1 << BTN_BIT)) ? BUTTON_PRESS : BUTTON_RELEASE;
     5fe:	80 91 63 00 	lds	r24, 0x0063	; 0x800063 <__TEXT_REGION_LENGTH__+0x7e0063>
     602:	81 70       	andi	r24, 0x01	; 1

	if (raw != last_raw)
     604:	90 91 6c 01 	lds	r25, 0x016C	; 0x80016c <last_raw.2204>
     608:	89 17       	cp	r24, r25
     60a:	91 f0       	breq	.+36     	; 0x630 <get_auto_button+0x36>
	{
		last_raw = raw;
     60c:	80 93 6c 01 	sts	0x016C, r24	; 0x80016c <last_raw.2204>
		change_t = msec_count;
     610:	40 91 86 01 	lds	r20, 0x0186	; 0x800186 <msec_count>
     614:	50 91 87 01 	lds	r21, 0x0187	; 0x800187 <msec_count+0x1>
     618:	60 91 88 01 	lds	r22, 0x0188	; 0x800188 <msec_count+0x2>
     61c:	70 91 89 01 	lds	r23, 0x0189	; 0x800189 <msec_count+0x3>
     620:	40 93 68 01 	sts	0x0168, r20	; 0x800168 <change_t.2205>
     624:	50 93 69 01 	sts	0x0169, r21	; 0x800169 <change_t.2205+0x1>
     628:	60 93 6a 01 	sts	0x016A, r22	; 0x80016a <change_t.2205+0x2>
     62c:	70 93 6b 01 	sts	0x016B, r23	; 0x80016b <change_t.2205+0x3>
	}

	if ((msec_count - change_t) >= 20 && raw != stable)
     630:	40 91 86 01 	lds	r20, 0x0186	; 0x800186 <msec_count>
     634:	50 91 87 01 	lds	r21, 0x0187	; 0x800187 <msec_count+0x1>
     638:	60 91 88 01 	lds	r22, 0x0188	; 0x800188 <msec_count+0x2>
     63c:	70 91 89 01 	lds	r23, 0x0189	; 0x800189 <msec_count+0x3>
     640:	00 91 68 01 	lds	r16, 0x0168	; 0x800168 <change_t.2205>
     644:	10 91 69 01 	lds	r17, 0x0169	; 0x800169 <change_t.2205+0x1>
     648:	20 91 6a 01 	lds	r18, 0x016A	; 0x80016a <change_t.2205+0x2>
     64c:	30 91 6b 01 	lds	r19, 0x016B	; 0x80016b <change_t.2205+0x3>
     650:	40 1b       	sub	r20, r16
     652:	51 0b       	sbc	r21, r17
     654:	62 0b       	sbc	r22, r18
     656:	73 0b       	sbc	r23, r19
     658:	44 31       	cpi	r20, 0x14	; 20
     65a:	51 05       	cpc	r21, r1
     65c:	61 05       	cpc	r22, r1
     65e:	71 05       	cpc	r23, r1
     660:	58 f0       	brcs	.+22     	; 0x678 <get_auto_button+0x7e>
     662:	90 91 67 01 	lds	r25, 0x0167	; 0x800167 <stable.2203>
     666:	89 17       	cp	r24, r25
     668:	51 f0       	breq	.+20     	; 0x67e <get_auto_button+0x84>
	{
		stable = raw;
     66a:	80 93 67 01 	sts	0x0167, r24	; 0x800167 <stable.2203>
		if (stable == BUTTON_RELEASE)
     66e:	81 11       	cpse	r24, r1
     670:	09 c0       	rjmp	.+18     	; 0x684 <get_auto_button+0x8a>
		return 1;  // 눌렀다 뗀 순간
     672:	81 e0       	ldi	r24, 0x01	; 1
     674:	90 e0       	ldi	r25, 0x00	; 0
     676:	08 c0       	rjmp	.+16     	; 0x688 <get_auto_button+0x8e>
	}

	return 0;
     678:	80 e0       	ldi	r24, 0x00	; 0
     67a:	90 e0       	ldi	r25, 0x00	; 0
     67c:	05 c0       	rjmp	.+10     	; 0x688 <get_auto_button+0x8e>
     67e:	80 e0       	ldi	r24, 0x00	; 0
     680:	90 e0       	ldi	r25, 0x00	; 0
     682:	02 c0       	rjmp	.+4      	; 0x688 <get_auto_button+0x8e>
     684:	80 e0       	ldi	r24, 0x00	; 0
     686:	90 e0       	ldi	r25, 0x00	; 0
}
     688:	1f 91       	pop	r17
     68a:	0f 91       	pop	r16
     68c:	08 95       	ret

0000068e <set_auto_led>:

void set_auto_led(int state)
{
	if (state)
     68e:	89 2b       	or	r24, r25
     690:	31 f0       	breq	.+12     	; 0x69e <set_auto_led+0x10>
	AUTO_LED_PORT |= (1 << AUTO_LED_BIT);   // LED ON
     692:	e5 e6       	ldi	r30, 0x65	; 101
     694:	f0 e0       	ldi	r31, 0x00	; 0
     696:	80 81       	ld	r24, Z
     698:	80 61       	ori	r24, 0x10	; 16
     69a:	80 83       	st	Z, r24
     69c:	08 95       	ret
	else
	AUTO_LED_PORT &= ~(1 << AUTO_LED_BIT);  // LED OFF
     69e:	e5 e6       	ldi	r30, 0x65	; 101
     6a0:	f0 e0       	ldi	r31, 0x00	; 0
     6a2:	80 81       	ld	r24, Z
     6a4:	8f 7e       	andi	r24, 0xEF	; 239
     6a6:	80 83       	st	Z, r24
     6a8:	08 95       	ret

000006aa <fnd1_scan>:
	PORTB = (PORTB & 0xF0) | (seg & 0x0F);
}

// ========== FND1 스캔 (while문에서 계속 호출) ==========
void fnd1_scan(uint32_t elapsed_ms)
{
     6aa:	cf 92       	push	r12
     6ac:	df 92       	push	r13
     6ae:	ef 92       	push	r14
     6b0:	ff 92       	push	r15
     6b2:	1f 93       	push	r17
     6b4:	cf 93       	push	r28
     6b6:	df 93       	push	r29
     6b8:	00 d0       	rcall	.+0      	; 0x6ba <fnd1_scan+0x10>
     6ba:	00 d0       	rcall	.+0      	; 0x6bc <fnd1_scan+0x12>
     6bc:	cd b7       	in	r28, 0x3d	; 61
     6be:	de b7       	in	r29, 0x3e	; 62
	static uint8_t digit = 0;
	uint8_t seg_data;

	if (elapsed_ms < 60000)
     6c0:	60 36       	cpi	r22, 0x60	; 96
     6c2:	2a ee       	ldi	r18, 0xEA	; 234
     6c4:	72 07       	cpc	r23, r18
     6c6:	81 05       	cpc	r24, r1
     6c8:	91 05       	cpc	r25, r1
     6ca:	08 f0       	brcs	.+2      	; 0x6ce <fnd1_scan+0x24>
     6cc:	42 c0       	rjmp	.+132    	; 0x752 <fnd1_scan+0xa8>
	{
		uint8_t sec  = (elapsed_ms / 1000) % 60;
     6ce:	28 ee       	ldi	r18, 0xE8	; 232
     6d0:	33 e0       	ldi	r19, 0x03	; 3
     6d2:	40 e0       	ldi	r20, 0x00	; 0
     6d4:	50 e0       	ldi	r21, 0x00	; 0
     6d6:	bb d7       	rcall	.+3958   	; 0x164e <__udivmodsi4>
     6d8:	6b 01       	movw	r12, r22
     6da:	7c 01       	movw	r14, r24
     6dc:	ca 01       	movw	r24, r20
     6de:	b9 01       	movw	r22, r18
     6e0:	2c e3       	ldi	r18, 0x3C	; 60
     6e2:	30 e0       	ldi	r19, 0x00	; 0
     6e4:	40 e0       	ldi	r20, 0x00	; 0
     6e6:	50 e0       	ldi	r21, 0x00	; 0
     6e8:	b2 d7       	rcall	.+3940   	; 0x164e <__udivmodsi4>
     6ea:	16 2f       	mov	r17, r22
		uint8_t csec = (elapsed_ms % 1000) / 10;
     6ec:	c7 01       	movw	r24, r14
     6ee:	b6 01       	movw	r22, r12
     6f0:	2a e0       	ldi	r18, 0x0A	; 10
     6f2:	30 e0       	ldi	r19, 0x00	; 0
     6f4:	40 e0       	ldi	r20, 0x00	; 0
     6f6:	50 e0       	ldi	r21, 0x00	; 0
     6f8:	aa d7       	rcall	.+3924   	; 0x164e <__udivmodsi4>
		uint8_t d[4] = { sec/10, sec%10 + 10, csec/10, csec%10 };
     6fa:	8d ec       	ldi	r24, 0xCD	; 205
     6fc:	18 9f       	mul	r17, r24
     6fe:	91 2d       	mov	r25, r1
     700:	11 24       	eor	r1, r1
     702:	96 95       	lsr	r25
     704:	96 95       	lsr	r25
     706:	96 95       	lsr	r25
     708:	99 83       	std	Y+1, r25	; 0x01
     70a:	99 0f       	add	r25, r25
     70c:	39 2f       	mov	r19, r25
     70e:	33 0f       	add	r19, r19
     710:	33 0f       	add	r19, r19
     712:	93 0f       	add	r25, r19
     714:	19 1b       	sub	r17, r25
     716:	16 5f       	subi	r17, 0xF6	; 246
     718:	1a 83       	std	Y+2, r17	; 0x02
     71a:	28 9f       	mul	r18, r24
     71c:	81 2d       	mov	r24, r1
     71e:	11 24       	eor	r1, r1
     720:	86 95       	lsr	r24
     722:	86 95       	lsr	r24
     724:	86 95       	lsr	r24
     726:	8b 83       	std	Y+3, r24	; 0x03
     728:	88 0f       	add	r24, r24
     72a:	98 2f       	mov	r25, r24
     72c:	99 0f       	add	r25, r25
     72e:	99 0f       	add	r25, r25
     730:	89 0f       	add	r24, r25
     732:	28 1b       	sub	r18, r24
     734:	2c 83       	std	Y+4, r18	; 0x04
		seg_data = fnd_font[d[digit]];
     736:	80 91 66 01 	lds	r24, 0x0166	; 0x800166 <digit.2216>
     73a:	e1 e0       	ldi	r30, 0x01	; 1
     73c:	f0 e0       	ldi	r31, 0x00	; 0
     73e:	ec 0f       	add	r30, r28
     740:	fd 1f       	adc	r31, r29
     742:	e8 0f       	add	r30, r24
     744:	f1 1d       	adc	r31, r1
     746:	e0 81       	ld	r30, Z
     748:	f0 e0       	ldi	r31, 0x00	; 0
     74a:	e2 5d       	subi	r30, 0xD2	; 210
     74c:	fe 4f       	sbci	r31, 0xFE	; 254
     74e:	80 81       	ld	r24, Z
     750:	36 c0       	rjmp	.+108    	; 0x7be <fnd1_scan+0x114>
	}
	else
	{
		uint8_t min = elapsed_ms / 60000;
     752:	20 e6       	ldi	r18, 0x60	; 96
     754:	3a ee       	ldi	r19, 0xEA	; 234
     756:	40 e0       	ldi	r20, 0x00	; 0
     758:	50 e0       	ldi	r21, 0x00	; 0
     75a:	79 d7       	rcall	.+3826   	; 0x164e <__udivmodsi4>
     75c:	12 2f       	mov	r17, r18
		uint8_t sec = (elapsed_ms % 60000) / 1000;
     75e:	28 ee       	ldi	r18, 0xE8	; 232
     760:	33 e0       	ldi	r19, 0x03	; 3
     762:	40 e0       	ldi	r20, 0x00	; 0
     764:	50 e0       	ldi	r21, 0x00	; 0
     766:	73 d7       	rcall	.+3814   	; 0x164e <__udivmodsi4>
		uint8_t d[4] = { min/10, min%10 + 10, sec/10, sec%10 };
     768:	8d ec       	ldi	r24, 0xCD	; 205
     76a:	18 9f       	mul	r17, r24
     76c:	91 2d       	mov	r25, r1
     76e:	11 24       	eor	r1, r1
     770:	96 95       	lsr	r25
     772:	96 95       	lsr	r25
     774:	96 95       	lsr	r25
     776:	99 83       	std	Y+1, r25	; 0x01
     778:	99 0f       	add	r25, r25
     77a:	39 2f       	mov	r19, r25
     77c:	33 0f       	add	r19, r19
     77e:	33 0f       	add	r19, r19
     780:	93 0f       	add	r25, r19
     782:	19 1b       	sub	r17, r25
     784:	16 5f       	subi	r17, 0xF6	; 246
     786:	1a 83       	std	Y+2, r17	; 0x02
     788:	28 9f       	mul	r18, r24
     78a:	81 2d       	mov	r24, r1
     78c:	11 24       	eor	r1, r1
     78e:	86 95       	lsr	r24
     790:	86 95       	lsr	r24
     792:	86 95       	lsr	r24
     794:	8b 83       	std	Y+3, r24	; 0x03
     796:	88 0f       	add	r24, r24
     798:	98 2f       	mov	r25, r24
     79a:	99 0f       	add	r25, r25
     79c:	99 0f       	add	r25, r25
     79e:	89 0f       	add	r24, r25
     7a0:	28 1b       	sub	r18, r24
     7a2:	2c 83       	std	Y+4, r18	; 0x04
		seg_data = fnd_font[d[digit]];
     7a4:	80 91 66 01 	lds	r24, 0x0166	; 0x800166 <digit.2216>
     7a8:	e1 e0       	ldi	r30, 0x01	; 1
     7aa:	f0 e0       	ldi	r31, 0x00	; 0
     7ac:	ec 0f       	add	r30, r28
     7ae:	fd 1f       	adc	r31, r29
     7b0:	e8 0f       	add	r30, r24
     7b2:	f1 1d       	adc	r31, r1
     7b4:	e0 81       	ld	r30, Z
     7b6:	f0 e0       	ldi	r31, 0x00	; 0
     7b8:	e2 5d       	subi	r30, 0xD2	; 210
     7ba:	fe 4f       	sbci	r31, 0xFE	; 254
     7bc:	80 81       	ld	r24, Z
	}

	// 자릿수 off
	FND1_DIGIT_PORT &= ~((1<<FND1_D1)|(1<<FND1_D2)|(1<<FND1_D3)|(1<<FND1_D4));
     7be:	e2 e6       	ldi	r30, 0x62	; 98
     7c0:	f0 e0       	ldi	r31, 0x00	; 0
     7c2:	90 81       	ld	r25, Z
     7c4:	9f 70       	andi	r25, 0x0F	; 15

	// 세그먼트 두 포트로 분배 출력
	fnd1_output(seg_data);
     7c6:	90 83       	st	Z, r25
     7c8:	5e dd       	rcall	.-1348   	; 0x286 <fnd1_output>

	switch (digit)
     7ca:	80 91 66 01 	lds	r24, 0x0166	; 0x800166 <digit.2216>
     7ce:	81 30       	cpi	r24, 0x01	; 1
     7d0:	61 f0       	breq	.+24     	; 0x7ea <fnd1_scan+0x140>
     7d2:	28 f0       	brcs	.+10     	; 0x7de <fnd1_scan+0x134>
     7d4:	82 30       	cpi	r24, 0x02	; 2
     7d6:	79 f0       	breq	.+30     	; 0x7f6 <fnd1_scan+0x14c>
     7d8:	83 30       	cpi	r24, 0x03	; 3
     7da:	99 f0       	breq	.+38     	; 0x802 <fnd1_scan+0x158>
     7dc:	17 c0       	rjmp	.+46     	; 0x80c <fnd1_scan+0x162>
	{
		case 0: FND1_DIGIT_PORT |= (1<<FND1_D1); break;
     7de:	e2 e6       	ldi	r30, 0x62	; 98
     7e0:	f0 e0       	ldi	r31, 0x00	; 0
     7e2:	80 81       	ld	r24, Z
     7e4:	80 68       	ori	r24, 0x80	; 128
     7e6:	80 83       	st	Z, r24
     7e8:	11 c0       	rjmp	.+34     	; 0x80c <fnd1_scan+0x162>
		case 1: FND1_DIGIT_PORT |= (1<<FND1_D2); break;
     7ea:	e2 e6       	ldi	r30, 0x62	; 98
     7ec:	f0 e0       	ldi	r31, 0x00	; 0
     7ee:	80 81       	ld	r24, Z
     7f0:	80 64       	ori	r24, 0x40	; 64
     7f2:	80 83       	st	Z, r24
     7f4:	0b c0       	rjmp	.+22     	; 0x80c <fnd1_scan+0x162>
		case 2: FND1_DIGIT_PORT |= (1<<FND1_D3); break;
     7f6:	e2 e6       	ldi	r30, 0x62	; 98
     7f8:	f0 e0       	ldi	r31, 0x00	; 0
     7fa:	80 81       	ld	r24, Z
     7fc:	80 62       	ori	r24, 0x20	; 32
     7fe:	80 83       	st	Z, r24
     800:	05 c0       	rjmp	.+10     	; 0x80c <fnd1_scan+0x162>
		case 3: FND1_DIGIT_PORT |= (1<<FND1_D4); break;
     802:	e2 e6       	ldi	r30, 0x62	; 98
     804:	f0 e0       	ldi	r31, 0x00	; 0
     806:	80 81       	ld	r24, Z
     808:	80 61       	ori	r24, 0x10	; 16
     80a:	80 83       	st	Z, r24
	}

	digit = (digit + 1) % 4;
     80c:	80 91 66 01 	lds	r24, 0x0166	; 0x800166 <digit.2216>
     810:	90 e0       	ldi	r25, 0x00	; 0
     812:	01 96       	adiw	r24, 0x01	; 1
     814:	83 70       	andi	r24, 0x03	; 3
     816:	90 78       	andi	r25, 0x80	; 128
     818:	99 23       	and	r25, r25
     81a:	24 f4       	brge	.+8      	; 0x824 <fnd1_scan+0x17a>
     81c:	01 97       	sbiw	r24, 0x01	; 1
     81e:	8c 6f       	ori	r24, 0xFC	; 252
     820:	9f 6f       	ori	r25, 0xFF	; 255
     822:	01 96       	adiw	r24, 0x01	; 1
     824:	80 93 66 01 	sts	0x0166, r24	; 0x800166 <digit.2216>
}
     828:	0f 90       	pop	r0
     82a:	0f 90       	pop	r0
     82c:	0f 90       	pop	r0
     82e:	0f 90       	pop	r0
     830:	df 91       	pop	r29
     832:	cf 91       	pop	r28
     834:	1f 91       	pop	r17
     836:	ff 90       	pop	r15
     838:	ef 90       	pop	r14
     83a:	df 90       	pop	r13
     83c:	cf 90       	pop	r12
     83e:	08 95       	ret

00000840 <fnd2_scan>:
	static uint8_t digit = 0;
	uint8_t seg_data;
	
	// 방향 문자 선택
	uint8_t dir_char;
	switch (dir)
     840:	90 e0       	ldi	r25, 0x00	; 0
     842:	fc 01       	movw	r30, r24
     844:	e2 54       	subi	r30, 0x42	; 66
     846:	f1 09       	sbc	r31, r1
     848:	e2 33       	cpi	r30, 0x32	; 50
     84a:	f1 05       	cpc	r31, r1
     84c:	58 f4       	brcc	.+22     	; 0x864 <fnd2_scan+0x24>
     84e:	e9 58       	subi	r30, 0x89	; 137
     850:	ff 4f       	sbci	r31, 0xFF	; 255
     852:	1f c7       	rjmp	.+3646   	; 0x1692 <__tablejump2__>
	{
		case 'f': case 'F': dir_char = FND2_CHAR_F; break;
     854:	2b e0       	ldi	r18, 0x0B	; 11
     856:	09 c0       	rjmp	.+18     	; 0x86a <fnd2_scan+0x2a>
		case 'b': case 'B': dir_char = FND2_CHAR_b; break;
		case 'l': case 'L': dir_char = FND2_CHAR_L; break;
     858:	2d e0       	ldi	r18, 0x0D	; 13
     85a:	07 c0       	rjmp	.+14     	; 0x86a <fnd2_scan+0x2a>
		case 'r': case 'R': dir_char = FND2_CHAR_r; break;
     85c:	2e e0       	ldi	r18, 0x0E	; 14
     85e:	05 c0       	rjmp	.+10     	; 0x86a <fnd2_scan+0x2a>
		case 's': case 'S': dir_char = FND2_CHAR_S; break;
     860:	2f e0       	ldi	r18, 0x0F	; 15
     862:	03 c0       	rjmp	.+6      	; 0x86a <fnd2_scan+0x2a>
		default:            dir_char = FND2_CHAR_S; break;
     864:	2f e0       	ldi	r18, 0x0F	; 15
     866:	01 c0       	rjmp	.+2      	; 0x86a <fnd2_scan+0x2a>
	// 방향 문자 선택
	uint8_t dir_char;
	switch (dir)
	{
		case 'f': case 'F': dir_char = FND2_CHAR_F; break;
		case 'b': case 'B': dir_char = FND2_CHAR_b; break;
     868:	2c e0       	ldi	r18, 0x0C	; 12
		case 's': case 'S': dir_char = FND2_CHAR_S; break;
		default:            dir_char = FND2_CHAR_S; break;
	}

	// 속도 % (0~99)
	uint8_t spd_ten = (speed_pct / 10) % 10;
     86a:	ed ec       	ldi	r30, 0xCD	; 205
     86c:	6e 9f       	mul	r22, r30
     86e:	81 2d       	mov	r24, r1
     870:	11 24       	eor	r1, r1
     872:	86 95       	lsr	r24
     874:	86 95       	lsr	r24
     876:	86 95       	lsr	r24
     878:	8e 9f       	mul	r24, r30
     87a:	e1 2d       	mov	r30, r1
     87c:	11 24       	eor	r1, r1
     87e:	e6 95       	lsr	r30
     880:	e6 95       	lsr	r30
     882:	e6 95       	lsr	r30
     884:	ee 0f       	add	r30, r30
     886:	9e 2f       	mov	r25, r30
     888:	99 0f       	add	r25, r25
     88a:	99 0f       	add	r25, r25
     88c:	e9 0f       	add	r30, r25
     88e:	98 2f       	mov	r25, r24
     890:	9e 1b       	sub	r25, r30
     892:	e9 2f       	mov	r30, r25
	uint8_t spd_one = speed_pct % 10;
     894:	88 0f       	add	r24, r24
     896:	98 2f       	mov	r25, r24
     898:	99 0f       	add	r25, r25
     89a:	99 0f       	add	r25, r25
     89c:	89 0f       	add	r24, r25
     89e:	96 2f       	mov	r25, r22
     8a0:	98 1b       	sub	r25, r24

	switch (digit)
     8a2:	80 91 65 01 	lds	r24, 0x0165	; 0x800165 <digit.2233>
     8a6:	81 30       	cpi	r24, 0x01	; 1
     8a8:	31 f0       	breq	.+12     	; 0x8b6 <fnd2_scan+0x76>
     8aa:	38 f0       	brcs	.+14     	; 0x8ba <fnd2_scan+0x7a>
     8ac:	82 30       	cpi	r24, 0x02	; 2
     8ae:	59 f0       	breq	.+22     	; 0x8c6 <fnd2_scan+0x86>
     8b0:	83 30       	cpi	r24, 0x03	; 3
     8b2:	71 f0       	breq	.+28     	; 0x8d0 <fnd2_scan+0x90>
     8b4:	13 c0       	rjmp	.+38     	; 0x8dc <fnd2_scan+0x9c>
	{
		case 0: seg_data = fnd2_font[dir_char];      break;  // 방향
		case 1: seg_data = fnd2_font[FND2_CHAR_DASH]; break; // - (구분)
     8b6:	9f eb       	ldi	r25, 0xBF	; 191
     8b8:	12 c0       	rjmp	.+36     	; 0x8de <fnd2_scan+0x9e>
	uint8_t spd_ten = (speed_pct / 10) % 10;
	uint8_t spd_one = speed_pct % 10;

	switch (digit)
	{
		case 0: seg_data = fnd2_font[dir_char];      break;  // 방향
     8ba:	e2 2f       	mov	r30, r18
     8bc:	f0 e0       	ldi	r31, 0x00	; 0
     8be:	e2 5e       	subi	r30, 0xE2	; 226
     8c0:	fe 4f       	sbci	r31, 0xFE	; 254
     8c2:	90 81       	ld	r25, Z
     8c4:	0c c0       	rjmp	.+24     	; 0x8de <fnd2_scan+0x9e>
		case 1: seg_data = fnd2_font[FND2_CHAR_DASH]; break; // - (구분)
		case 2: seg_data = fnd2_font[spd_ten];       break;  // 속도 십
     8c6:	f0 e0       	ldi	r31, 0x00	; 0
     8c8:	e2 5e       	subi	r30, 0xE2	; 226
     8ca:	fe 4f       	sbci	r31, 0xFE	; 254
     8cc:	90 81       	ld	r25, Z
     8ce:	07 c0       	rjmp	.+14     	; 0x8de <fnd2_scan+0x9e>
		case 3: seg_data = fnd2_font[spd_one];       break;  // 속도 일
     8d0:	e9 2f       	mov	r30, r25
     8d2:	f0 e0       	ldi	r31, 0x00	; 0
     8d4:	e2 5e       	subi	r30, 0xE2	; 226
     8d6:	fe 4f       	sbci	r31, 0xFE	; 254
     8d8:	90 81       	ld	r25, Z
     8da:	01 c0       	rjmp	.+2      	; 0x8de <fnd2_scan+0x9e>
		default: seg_data = 0xFF; break;
     8dc:	9f ef       	ldi	r25, 0xFF	; 255
	}

	// off → 데이터 → on
	FND2_DIGIT_PORT &= ~((1<<FND2_D1)|(1<<FND2_D2)|(1<<FND2_D3)|(1<<FND2_D4));
     8de:	8b b3       	in	r24, 0x1b	; 27
     8e0:	8f 70       	andi	r24, 0x0F	; 15
     8e2:	8b bb       	out	0x1b, r24	; 27
	FND2_DATA_PORT = seg_data;
     8e4:	95 bb       	out	0x15, r25	; 21

	switch (digit)
     8e6:	80 91 65 01 	lds	r24, 0x0165	; 0x800165 <digit.2233>
     8ea:	81 30       	cpi	r24, 0x01	; 1
     8ec:	51 f0       	breq	.+20     	; 0x902 <fnd2_scan+0xc2>
     8ee:	28 f0       	brcs	.+10     	; 0x8fa <fnd2_scan+0xba>
     8f0:	82 30       	cpi	r24, 0x02	; 2
     8f2:	59 f0       	breq	.+22     	; 0x90a <fnd2_scan+0xca>
     8f4:	83 30       	cpi	r24, 0x03	; 3
     8f6:	69 f0       	breq	.+26     	; 0x912 <fnd2_scan+0xd2>
     8f8:	0f c0       	rjmp	.+30     	; 0x918 <fnd2_scan+0xd8>
	{
		case 0: FND2_DIGIT_PORT |= (1<<FND2_D1); break;
     8fa:	8b b3       	in	r24, 0x1b	; 27
     8fc:	80 61       	ori	r24, 0x10	; 16
     8fe:	8b bb       	out	0x1b, r24	; 27
     900:	0b c0       	rjmp	.+22     	; 0x918 <fnd2_scan+0xd8>
		case 1: FND2_DIGIT_PORT |= (1<<FND2_D2); break;
     902:	8b b3       	in	r24, 0x1b	; 27
     904:	80 62       	ori	r24, 0x20	; 32
     906:	8b bb       	out	0x1b, r24	; 27
     908:	07 c0       	rjmp	.+14     	; 0x918 <fnd2_scan+0xd8>
		case 2: FND2_DIGIT_PORT |= (1<<FND2_D3); break;
     90a:	8b b3       	in	r24, 0x1b	; 27
     90c:	80 64       	ori	r24, 0x40	; 64
     90e:	8b bb       	out	0x1b, r24	; 27
     910:	03 c0       	rjmp	.+6      	; 0x918 <fnd2_scan+0xd8>
		case 3: FND2_DIGIT_PORT |= (1<<FND2_D4); break;
     912:	8b b3       	in	r24, 0x1b	; 27
     914:	80 68       	ori	r24, 0x80	; 128
     916:	8b bb       	out	0x1b, r24	; 27
	}

	digit = (digit + 1) % 4;
     918:	80 91 65 01 	lds	r24, 0x0165	; 0x800165 <digit.2233>
     91c:	90 e0       	ldi	r25, 0x00	; 0
     91e:	01 96       	adiw	r24, 0x01	; 1
     920:	83 70       	andi	r24, 0x03	; 3
     922:	90 78       	andi	r25, 0x80	; 128
     924:	99 23       	and	r25, r25
     926:	24 f4       	brge	.+8      	; 0x930 <fnd2_scan+0xf0>
     928:	01 97       	sbiw	r24, 0x01	; 1
     92a:	8c 6f       	ori	r24, 0xFC	; 252
     92c:	9f 6f       	ori	r25, 0xFF	; 255
     92e:	01 96       	adiw	r24, 0x01	; 1
     930:	80 93 65 01 	sts	0x0165, r24	; 0x800165 <digit.2233>
     934:	08 95       	ret

00000936 <fnd2_result_scan>:
}

// 정지 후: f/b/l/r 횟수를 1초마다 순환 표시
void fnd2_result_scan(void)
{
     936:	1f 93       	push	r17
     938:	cf 93       	push	r28
     93a:	df 93       	push	r29
	static uint8_t  phase = 0;        // 0=f 1=b 2=l 3=r
	static uint32_t last_switch = 0;
	static uint8_t  digit = 0;

	// 1초마다 다음 방향으로
	if (msec_count - last_switch >= 1000)
     93c:	80 91 86 01 	lds	r24, 0x0186	; 0x800186 <msec_count>
     940:	90 91 87 01 	lds	r25, 0x0187	; 0x800187 <msec_count+0x1>
     944:	a0 91 88 01 	lds	r26, 0x0188	; 0x800188 <msec_count+0x2>
     948:	b0 91 89 01 	lds	r27, 0x0189	; 0x800189 <msec_count+0x3>
     94c:	40 91 61 01 	lds	r20, 0x0161	; 0x800161 <last_switch.2265>
     950:	50 91 62 01 	lds	r21, 0x0162	; 0x800162 <last_switch.2265+0x1>
     954:	60 91 63 01 	lds	r22, 0x0163	; 0x800163 <last_switch.2265+0x2>
     958:	70 91 64 01 	lds	r23, 0x0164	; 0x800164 <last_switch.2265+0x3>
     95c:	84 1b       	sub	r24, r20
     95e:	95 0b       	sbc	r25, r21
     960:	a6 0b       	sbc	r26, r22
     962:	b7 0b       	sbc	r27, r23
     964:	88 3e       	cpi	r24, 0xE8	; 232
     966:	93 40       	sbci	r25, 0x03	; 3
     968:	a1 05       	cpc	r26, r1
     96a:	b1 05       	cpc	r27, r1
     96c:	f0 f0       	brcs	.+60     	; 0x9aa <fnd2_result_scan+0x74>
	{
		last_switch = msec_count;
     96e:	80 91 86 01 	lds	r24, 0x0186	; 0x800186 <msec_count>
     972:	90 91 87 01 	lds	r25, 0x0187	; 0x800187 <msec_count+0x1>
     976:	a0 91 88 01 	lds	r26, 0x0188	; 0x800188 <msec_count+0x2>
     97a:	b0 91 89 01 	lds	r27, 0x0189	; 0x800189 <msec_count+0x3>
     97e:	80 93 61 01 	sts	0x0161, r24	; 0x800161 <last_switch.2265>
     982:	90 93 62 01 	sts	0x0162, r25	; 0x800162 <last_switch.2265+0x1>
     986:	a0 93 63 01 	sts	0x0163, r26	; 0x800163 <last_switch.2265+0x2>
     98a:	b0 93 64 01 	sts	0x0164, r27	; 0x800164 <last_switch.2265+0x3>
		phase = (phase + 1) % 4;
     98e:	80 91 60 01 	lds	r24, 0x0160	; 0x800160 <phase.2264>
     992:	90 e0       	ldi	r25, 0x00	; 0
     994:	01 96       	adiw	r24, 0x01	; 1
     996:	83 70       	andi	r24, 0x03	; 3
     998:	90 78       	andi	r25, 0x80	; 128
     99a:	99 23       	and	r25, r25
     99c:	24 f4       	brge	.+8      	; 0x9a6 <fnd2_result_scan+0x70>
     99e:	01 97       	sbiw	r24, 0x01	; 1
     9a0:	8c 6f       	ori	r24, 0xFC	; 252
     9a2:	9f 6f       	ori	r25, 0xFF	; 255
     9a4:	01 96       	adiw	r24, 0x01	; 1
     9a6:	80 93 60 01 	sts	0x0160, r24	; 0x800160 <phase.2264>
	}

	uint8_t dir_char;
	uint16_t count;
	switch (phase)
     9aa:	80 91 60 01 	lds	r24, 0x0160	; 0x800160 <phase.2264>
     9ae:	81 30       	cpi	r24, 0x01	; 1
     9b0:	51 f0       	breq	.+20     	; 0x9c6 <fnd2_result_scan+0x90>
     9b2:	18 f0       	brcs	.+6      	; 0x9ba <fnd2_result_scan+0x84>
     9b4:	82 30       	cpi	r24, 0x02	; 2
     9b6:	69 f0       	breq	.+26     	; 0x9d2 <fnd2_result_scan+0x9c>
     9b8:	12 c0       	rjmp	.+36     	; 0x9de <fnd2_result_scan+0xa8>
	{
		case 0: dir_char = FND2_CHAR_F; count = cnt_f; break;
     9ba:	c0 91 7c 01 	lds	r28, 0x017C	; 0x80017c <cnt_f>
     9be:	d0 91 7d 01 	lds	r29, 0x017D	; 0x80017d <cnt_f+0x1>
     9c2:	1b e0       	ldi	r17, 0x0B	; 11
     9c4:	11 c0       	rjmp	.+34     	; 0x9e8 <fnd2_result_scan+0xb2>
		case 1: dir_char = FND2_CHAR_b; count = cnt_b; break;
     9c6:	c0 91 7a 01 	lds	r28, 0x017A	; 0x80017a <cnt_b>
     9ca:	d0 91 7b 01 	lds	r29, 0x017B	; 0x80017b <cnt_b+0x1>
     9ce:	1c e0       	ldi	r17, 0x0C	; 12
     9d0:	0b c0       	rjmp	.+22     	; 0x9e8 <fnd2_result_scan+0xb2>
		case 2: dir_char = FND2_CHAR_L; count = cnt_l; break;
     9d2:	c0 91 78 01 	lds	r28, 0x0178	; 0x800178 <cnt_l>
     9d6:	d0 91 79 01 	lds	r29, 0x0179	; 0x800179 <cnt_l+0x1>
     9da:	1d e0       	ldi	r17, 0x0D	; 13
     9dc:	05 c0       	rjmp	.+10     	; 0x9e8 <fnd2_result_scan+0xb2>
		default:dir_char = FND2_CHAR_r; count = cnt_r; break;
     9de:	c0 91 76 01 	lds	r28, 0x0176	; 0x800176 <cnt_r>
     9e2:	d0 91 77 01 	lds	r29, 0x0177	; 0x800177 <cnt_r+0x1>
     9e6:	1e e0       	ldi	r17, 0x0E	; 14
	}

	if (count > 99) count = 99;   // 2자리 제한
     9e8:	c4 36       	cpi	r28, 0x64	; 100
     9ea:	d1 05       	cpc	r29, r1
     9ec:	10 f0       	brcs	.+4      	; 0x9f2 <fnd2_result_scan+0xbc>
     9ee:	c3 e6       	ldi	r28, 0x63	; 99
     9f0:	d0 e0       	ldi	r29, 0x00	; 0
	uint8_t ten = (count / 10) % 10;
     9f2:	9e 01       	movw	r18, r28
     9f4:	ad ec       	ldi	r26, 0xCD	; 205
     9f6:	bc ec       	ldi	r27, 0xCC	; 204
     9f8:	55 d6       	rcall	.+3242   	; 0x16a4 <__umulhisi3>
     9fa:	fc 01       	movw	r30, r24
     9fc:	f6 95       	lsr	r31
     9fe:	e7 95       	ror	r30
     a00:	f6 95       	lsr	r31
     a02:	e7 95       	ror	r30
     a04:	f6 95       	lsr	r31
     a06:	e7 95       	ror	r30
     a08:	9f 01       	movw	r18, r30
     a0a:	4c d6       	rcall	.+3224   	; 0x16a4 <__umulhisi3>
     a0c:	ac 01       	movw	r20, r24
     a0e:	56 95       	lsr	r21
     a10:	47 95       	ror	r20
     a12:	56 95       	lsr	r21
     a14:	47 95       	ror	r20
     a16:	56 95       	lsr	r21
     a18:	47 95       	ror	r20
     a1a:	ca 01       	movw	r24, r20
     a1c:	88 0f       	add	r24, r24
     a1e:	99 1f       	adc	r25, r25
     a20:	44 0f       	add	r20, r20
     a22:	55 1f       	adc	r21, r21
     a24:	44 0f       	add	r20, r20
     a26:	55 1f       	adc	r21, r21
     a28:	44 0f       	add	r20, r20
     a2a:	55 1f       	adc	r21, r21
     a2c:	48 0f       	add	r20, r24
     a2e:	59 1f       	adc	r21, r25
     a30:	cf 01       	movw	r24, r30
     a32:	84 1b       	sub	r24, r20
     a34:	95 0b       	sbc	r25, r21
     a36:	ac 01       	movw	r20, r24
	uint8_t one = count % 10;
     a38:	9e 01       	movw	r18, r28
     a3a:	cf 01       	movw	r24, r30
     a3c:	88 0f       	add	r24, r24
     a3e:	99 1f       	adc	r25, r25
     a40:	ee 0f       	add	r30, r30
     a42:	ff 1f       	adc	r31, r31
     a44:	ee 0f       	add	r30, r30
     a46:	ff 1f       	adc	r31, r31
     a48:	ee 0f       	add	r30, r30
     a4a:	ff 1f       	adc	r31, r31
     a4c:	e8 0f       	add	r30, r24
     a4e:	f9 1f       	adc	r31, r25
     a50:	2e 1b       	sub	r18, r30
     a52:	3f 0b       	sbc	r19, r31

	uint8_t seg_data;
	switch (digit)
     a54:	80 91 5f 01 	lds	r24, 0x015F	; 0x80015f <digit.2266>
     a58:	81 30       	cpi	r24, 0x01	; 1
     a5a:	31 f0       	breq	.+12     	; 0xa68 <fnd2_result_scan+0x132>
     a5c:	38 f0       	brcs	.+14     	; 0xa6c <fnd2_result_scan+0x136>
     a5e:	82 30       	cpi	r24, 0x02	; 2
     a60:	59 f0       	breq	.+22     	; 0xa78 <fnd2_result_scan+0x142>
     a62:	83 30       	cpi	r24, 0x03	; 3
     a64:	79 f0       	breq	.+30     	; 0xa84 <fnd2_result_scan+0x14e>
     a66:	14 c0       	rjmp	.+40     	; 0xa90 <fnd2_result_scan+0x15a>
	{
		case 0: seg_data = fnd2_font[dir_char];       break;  // 방향
		case 1: seg_data = fnd2_font[FND2_CHAR_DASH]; break;  // -
     a68:	9f eb       	ldi	r25, 0xBF	; 191
     a6a:	13 c0       	rjmp	.+38     	; 0xa92 <fnd2_result_scan+0x15c>
	uint8_t one = count % 10;

	uint8_t seg_data;
	switch (digit)
	{
		case 0: seg_data = fnd2_font[dir_char];       break;  // 방향
     a6c:	e1 2f       	mov	r30, r17
     a6e:	f0 e0       	ldi	r31, 0x00	; 0
     a70:	e2 5e       	subi	r30, 0xE2	; 226
     a72:	fe 4f       	sbci	r31, 0xFE	; 254
     a74:	90 81       	ld	r25, Z
     a76:	0d c0       	rjmp	.+26     	; 0xa92 <fnd2_result_scan+0x15c>
		case 1: seg_data = fnd2_font[FND2_CHAR_DASH]; break;  // -
		case 2: seg_data = fnd2_font[ten];            break;  // 십
     a78:	55 27       	eor	r21, r21
     a7a:	fa 01       	movw	r30, r20
     a7c:	e2 5e       	subi	r30, 0xE2	; 226
     a7e:	fe 4f       	sbci	r31, 0xFE	; 254
     a80:	90 81       	ld	r25, Z
     a82:	07 c0       	rjmp	.+14     	; 0xa92 <fnd2_result_scan+0x15c>
		case 3: seg_data = fnd2_font[one];            break;  // 일
     a84:	33 27       	eor	r19, r19
     a86:	f9 01       	movw	r30, r18
     a88:	e2 5e       	subi	r30, 0xE2	; 226
     a8a:	fe 4f       	sbci	r31, 0xFE	; 254
     a8c:	90 81       	ld	r25, Z
     a8e:	01 c0       	rjmp	.+2      	; 0xa92 <fnd2_result_scan+0x15c>
		default: seg_data = 0xFF; break;
     a90:	9f ef       	ldi	r25, 0xFF	; 255
	}

	FND2_DIGIT_PORT &= ~((1<<FND2_D1)|(1<<FND2_D2)|(1<<FND2_D3)|(1<<FND2_D4));
     a92:	8b b3       	in	r24, 0x1b	; 27
     a94:	8f 70       	andi	r24, 0x0F	; 15
     a96:	8b bb       	out	0x1b, r24	; 27
	FND2_DATA_PORT = seg_data;
     a98:	95 bb       	out	0x15, r25	; 21

	switch (digit)
     a9a:	80 91 5f 01 	lds	r24, 0x015F	; 0x80015f <digit.2266>
     a9e:	81 30       	cpi	r24, 0x01	; 1
     aa0:	51 f0       	breq	.+20     	; 0xab6 <fnd2_result_scan+0x180>
     aa2:	28 f0       	brcs	.+10     	; 0xaae <fnd2_result_scan+0x178>
     aa4:	82 30       	cpi	r24, 0x02	; 2
     aa6:	59 f0       	breq	.+22     	; 0xabe <fnd2_result_scan+0x188>
     aa8:	83 30       	cpi	r24, 0x03	; 3
     aaa:	69 f0       	breq	.+26     	; 0xac6 <fnd2_result_scan+0x190>
     aac:	0f c0       	rjmp	.+30     	; 0xacc <fnd2_result_scan+0x196>
	{
		case 0: FND2_DIGIT_PORT |= (1<<FND2_D1); break;
     aae:	8b b3       	in	r24, 0x1b	; 27
     ab0:	80 61       	ori	r24, 0x10	; 16
     ab2:	8b bb       	out	0x1b, r24	; 27
     ab4:	0b c0       	rjmp	.+22     	; 0xacc <fnd2_result_scan+0x196>
		case 1: FND2_DIGIT_PORT |= (1<<FND2_D2); break;
     ab6:	8b b3       	in	r24, 0x1b	; 27
     ab8:	80 62       	ori	r24, 0x20	; 32
     aba:	8b bb       	out	0x1b, r24	; 27
     abc:	07 c0       	rjmp	.+14     	; 0xacc <fnd2_result_scan+0x196>
		case 2: FND2_DIGIT_PORT |= (1<<FND2_D3); break;
     abe:	8b b3       	in	r24, 0x1b	; 27
     ac0:	80 64       	ori	r24, 0x40	; 64
     ac2:	8b bb       	out	0x1b, r24	; 27
     ac4:	03 c0       	rjmp	.+6      	; 0xacc <fnd2_result_scan+0x196>
		case 3: FND2_DIGIT_PORT |= (1<<FND2_D4); break;
     ac6:	8b b3       	in	r24, 0x1b	; 27
     ac8:	80 68       	ori	r24, 0x80	; 128
     aca:	8b bb       	out	0x1b, r24	; 27
	}

	digit = (digit + 1) % 4;
     acc:	80 91 5f 01 	lds	r24, 0x015F	; 0x80015f <digit.2266>
     ad0:	90 e0       	ldi	r25, 0x00	; 0
     ad2:	01 96       	adiw	r24, 0x01	; 1
     ad4:	83 70       	andi	r24, 0x03	; 3
     ad6:	90 78       	andi	r25, 0x80	; 128
     ad8:	99 23       	and	r25, r25
     ada:	24 f4       	brge	.+8      	; 0xae4 <fnd2_result_scan+0x1ae>
     adc:	01 97       	sbiw	r24, 0x01	; 1
     ade:	8c 6f       	ori	r24, 0xFC	; 252
     ae0:	9f 6f       	ori	r25, 0xFF	; 255
     ae2:	01 96       	adiw	r24, 0x01	; 1
     ae4:	80 93 5f 01 	sts	0x015F, r24	; 0x80015f <digit.2266>
}
     ae8:	df 91       	pop	r29
     aea:	cf 91       	pop	r28
     aec:	1f 91       	pop	r17
     aee:	08 95       	ret

00000af0 <auto_drive>:

void auto_drive(void)
{
     af0:	8f 92       	push	r8
     af2:	9f 92       	push	r9
     af4:	af 92       	push	r10
     af6:	bf 92       	push	r11
     af8:	cf 92       	push	r12
     afa:	df 92       	push	r13
     afc:	ef 92       	push	r14
     afe:	ff 92       	push	r15
	static uint32_t stuck_start = 0;
	static uint8_t  stuck = 0;

	int l = dist_left;
     b00:	20 91 04 01 	lds	r18, 0x0104	; 0x800104 <dist_left>
     b04:	30 91 05 01 	lds	r19, 0x0105	; 0x800105 <dist_left+0x1>
	int m = dist_front;   // 우리 코드는 front가 정면
     b08:	80 91 02 01 	lds	r24, 0x0102	; 0x800102 <dist_front>
     b0c:	90 91 03 01 	lds	r25, 0x0103	; 0x800103 <dist_front+0x1>
	int r = dist_right;
     b10:	40 91 00 01 	lds	r20, 0x0100	; 0x800100 <__DATA_REGION_ORIGIN__>
     b14:	50 91 01 01 	lds	r21, 0x0101	; 0x800101 <__DATA_REGION_ORIGIN__+0x1>
	//if (r <= 0 || r > 200) r = 200;

	// ── stuck 감지 ──
	uint8_t obstacle = (m <= obstacle_dist)
	|| (l <= obstacle_dist)
	|| (r <= obstacle_dist);
     b18:	8b 30       	cpi	r24, 0x0B	; 11
     b1a:	91 05       	cpc	r25, r1
     b1c:	44 f0       	brlt	.+16     	; 0xb2e <auto_drive+0x3e>
	//if (m <= 0 || m > 200) m = 200;
	//if (r <= 0 || r > 200) r = 200;

	// ── stuck 감지 ──
	uint8_t obstacle = (m <= obstacle_dist)
	|| (l <= obstacle_dist)
     b1e:	2b 30       	cpi	r18, 0x0B	; 11
     b20:	31 05       	cpc	r19, r1
     b22:	3c f0       	brlt	.+14     	; 0xb32 <auto_drive+0x42>
	|| (r <= obstacle_dist);
     b24:	4b 30       	cpi	r20, 0x0B	; 11
     b26:	51 05       	cpc	r21, r1
     b28:	34 f4       	brge	.+12     	; 0xb36 <auto_drive+0x46>
     b2a:	61 e0       	ldi	r22, 0x01	; 1
     b2c:	05 c0       	rjmp	.+10     	; 0xb38 <auto_drive+0x48>
     b2e:	61 e0       	ldi	r22, 0x01	; 1
     b30:	03 c0       	rjmp	.+6      	; 0xb38 <auto_drive+0x48>
     b32:	61 e0       	ldi	r22, 0x01	; 1
     b34:	01 c0       	rjmp	.+2      	; 0xb38 <auto_drive+0x48>
     b36:	60 e0       	ldi	r22, 0x00	; 0

	if (obstacle)
     b38:	66 23       	and	r22, r22
     b3a:	c1 f0       	breq	.+48     	; 0xb6c <auto_drive+0x7c>
	{
		if (!stuck)
     b3c:	60 91 5e 01 	lds	r22, 0x015E	; 0x80015e <stuck.2292>
     b40:	61 11       	cpse	r22, r1
     b42:	16 c0       	rjmp	.+44     	; 0xb70 <auto_drive+0x80>
		{
			stuck = 1;
     b44:	61 e0       	ldi	r22, 0x01	; 1
     b46:	60 93 5e 01 	sts	0x015E, r22	; 0x80015e <stuck.2292>
			stuck_start = msec_count;
     b4a:	c0 90 86 01 	lds	r12, 0x0186	; 0x800186 <msec_count>
     b4e:	d0 90 87 01 	lds	r13, 0x0187	; 0x800187 <msec_count+0x1>
     b52:	e0 90 88 01 	lds	r14, 0x0188	; 0x800188 <msec_count+0x2>
     b56:	f0 90 89 01 	lds	r15, 0x0189	; 0x800189 <msec_count+0x3>
     b5a:	c0 92 5a 01 	sts	0x015A, r12	; 0x80015a <__data_end>
     b5e:	d0 92 5b 01 	sts	0x015B, r13	; 0x80015b <__data_end+0x1>
     b62:	e0 92 5c 01 	sts	0x015C, r14	; 0x80015c <__data_end+0x2>
     b66:	f0 92 5d 01 	sts	0x015D, r15	; 0x80015d <__data_end+0x3>
     b6a:	02 c0       	rjmp	.+4      	; 0xb70 <auto_drive+0x80>
		}
	}
	else
	{
		stuck = 0;
     b6c:	10 92 5e 01 	sts	0x015E, r1	; 0x80015e <stuck.2292>
	}

	// ── 2초 이상 막히면 강제 후진 ──
	if (stuck && (msec_count - stuck_start >= 2000))
     b70:	60 91 5e 01 	lds	r22, 0x015E	; 0x80015e <stuck.2292>
     b74:	66 23       	and	r22, r22
     b76:	09 f4       	brne	.+2      	; 0xb7a <auto_drive+0x8a>
     b78:	3f c0       	rjmp	.+126    	; 0xbf8 <auto_drive+0x108>
     b7a:	c0 90 86 01 	lds	r12, 0x0186	; 0x800186 <msec_count>
     b7e:	d0 90 87 01 	lds	r13, 0x0187	; 0x800187 <msec_count+0x1>
     b82:	e0 90 88 01 	lds	r14, 0x0188	; 0x800188 <msec_count+0x2>
     b86:	f0 90 89 01 	lds	r15, 0x0189	; 0x800189 <msec_count+0x3>
     b8a:	80 90 5a 01 	lds	r8, 0x015A	; 0x80015a <__data_end>
     b8e:	90 90 5b 01 	lds	r9, 0x015B	; 0x80015b <__data_end+0x1>
     b92:	a0 90 5c 01 	lds	r10, 0x015C	; 0x80015c <__data_end+0x2>
     b96:	b0 90 5d 01 	lds	r11, 0x015D	; 0x80015d <__data_end+0x3>
     b9a:	c8 18       	sub	r12, r8
     b9c:	d9 08       	sbc	r13, r9
     b9e:	ea 08       	sbc	r14, r10
     ba0:	fb 08       	sbc	r15, r11
     ba2:	60 ed       	ldi	r22, 0xD0	; 208
     ba4:	c6 16       	cp	r12, r22
     ba6:	67 e0       	ldi	r22, 0x07	; 7
     ba8:	d6 06       	cpc	r13, r22
     baa:	e1 04       	cpc	r14, r1
     bac:	f1 04       	cpc	r15, r1
     bae:	20 f1       	brcs	.+72     	; 0xbf8 <auto_drive+0x108>
	{
		backward(600);
     bb0:	88 e5       	ldi	r24, 0x58	; 88
     bb2:	92 e0       	ldi	r25, 0x02	; 2
     bb4:	e3 d1       	rcall	.+966    	; 0xf7c <backward>
		update_status('b', 600);
     bb6:	68 e5       	ldi	r22, 0x58	; 88
     bb8:	72 e0       	ldi	r23, 0x02	; 2
     bba:	82 e6       	ldi	r24, 0x62	; 98
     bbc:	1b db       	rcall	.-2506   	; 0x1f4 <update_status>

		if (msec_count - stuck_start >= 3000)
     bbe:	80 91 86 01 	lds	r24, 0x0186	; 0x800186 <msec_count>
     bc2:	90 91 87 01 	lds	r25, 0x0187	; 0x800187 <msec_count+0x1>
     bc6:	a0 91 88 01 	lds	r26, 0x0188	; 0x800188 <msec_count+0x2>
     bca:	b0 91 89 01 	lds	r27, 0x0189	; 0x800189 <msec_count+0x3>
     bce:	40 91 5a 01 	lds	r20, 0x015A	; 0x80015a <__data_end>
     bd2:	50 91 5b 01 	lds	r21, 0x015B	; 0x80015b <__data_end+0x1>
     bd6:	60 91 5c 01 	lds	r22, 0x015C	; 0x80015c <__data_end+0x2>
     bda:	70 91 5d 01 	lds	r23, 0x015D	; 0x80015d <__data_end+0x3>
     bde:	84 1b       	sub	r24, r20
     be0:	95 0b       	sbc	r25, r21
     be2:	a6 0b       	sbc	r26, r22
     be4:	b7 0b       	sbc	r27, r23
     be6:	88 3b       	cpi	r24, 0xB8	; 184
     be8:	9b 40       	sbci	r25, 0x0B	; 11
     bea:	a1 05       	cpc	r26, r1
     bec:	b1 05       	cpc	r27, r1
     bee:	08 f4       	brcc	.+2      	; 0xbf2 <auto_drive+0x102>
     bf0:	5f c0       	rjmp	.+190    	; 0xcb0 <auto_drive+0x1c0>
		stuck = 0;
     bf2:	10 92 5e 01 	sts	0x015E, r1	; 0x80015e <stuck.2292>
     bf6:	5c c0       	rjmp	.+184    	; 0xcb0 <auto_drive+0x1c0>
		return;
	}

	// ── 일반 회피 ──
	if (l <= corner_dist && r <= corner_dist)
     bf8:	2d 30       	cpi	r18, 0x0D	; 13
     bfa:	31 05       	cpc	r19, r1
     bfc:	5c f4       	brge	.+22     	; 0xc14 <auto_drive+0x124>
     bfe:	4d 30       	cpi	r20, 0x0D	; 13
     c00:	51 05       	cpc	r21, r1
     c02:	44 f4       	brge	.+16     	; 0xc14 <auto_drive+0x124>
	{
		backward(600);
     c04:	88 e5       	ldi	r24, 0x58	; 88
     c06:	92 e0       	ldi	r25, 0x02	; 2
     c08:	b9 d1       	rcall	.+882    	; 0xf7c <backward>
		update_status('b', 600);
     c0a:	68 e5       	ldi	r22, 0x58	; 88
     c0c:	72 e0       	ldi	r23, 0x02	; 2
     c0e:	82 e6       	ldi	r24, 0x62	; 98
     c10:	f1 da       	rcall	.-2590   	; 0x1f4 <update_status>
     c12:	4e c0       	rjmp	.+156    	; 0xcb0 <auto_drive+0x1c0>
	}
	else if (m <= obstacle_dist && l <= obstacle_dist)
     c14:	8b 30       	cpi	r24, 0x0B	; 11
     c16:	91 05       	cpc	r25, r1
     c18:	5c f4       	brge	.+22     	; 0xc30 <auto_drive+0x140>
     c1a:	2b 30       	cpi	r18, 0x0B	; 11
     c1c:	31 05       	cpc	r19, r1
	{
		turn_right(600);
     c1e:	44 f4       	brge	.+16     	; 0xc30 <auto_drive+0x140>
     c20:	88 e5       	ldi	r24, 0x58	; 88
     c22:	92 e0       	ldi	r25, 0x02	; 2
		update_status('L', 600);
     c24:	c7 d1       	rcall	.+910    	; 0xfb4 <turn_right>
     c26:	68 e5       	ldi	r22, 0x58	; 88
     c28:	72 e0       	ldi	r23, 0x02	; 2
     c2a:	8c e4       	ldi	r24, 0x4C	; 76
     c2c:	e3 da       	rcall	.-2618   	; 0x1f4 <update_status>
     c2e:	40 c0       	rjmp	.+128    	; 0xcb0 <auto_drive+0x1c0>
	}
	else if (m <= obstacle_dist && r <= obstacle_dist)
     c30:	8b 30       	cpi	r24, 0x0B	; 11
     c32:	91 05       	cpc	r25, r1
     c34:	5c f4       	brge	.+22     	; 0xc4c <auto_drive+0x15c>
     c36:	4b 30       	cpi	r20, 0x0B	; 11
     c38:	51 05       	cpc	r21, r1
	{
		turn_left(600);
     c3a:	44 f4       	brge	.+16     	; 0xc4c <auto_drive+0x15c>
     c3c:	88 e5       	ldi	r24, 0x58	; 88
     c3e:	92 e0       	ldi	r25, 0x02	; 2
		update_status('r', 600);
     c40:	ab d1       	rcall	.+854    	; 0xf98 <turn_left>
     c42:	68 e5       	ldi	r22, 0x58	; 88
     c44:	72 e0       	ldi	r23, 0x02	; 2
     c46:	82 e7       	ldi	r24, 0x72	; 114
     c48:	d5 da       	rcall	.-2646   	; 0x1f4 <update_status>
	}
	else if (m <= obstacle_dist)
     c4a:	32 c0       	rjmp	.+100    	; 0xcb0 <auto_drive+0x1c0>
     c4c:	0b 97       	sbiw	r24, 0x0b	; 11
	{
		if (l > r) { turn_left(600);  update_status('r', 600); }
     c4e:	9c f4       	brge	.+38     	; 0xc76 <auto_drive+0x186>
     c50:	42 17       	cp	r20, r18
     c52:	53 07       	cpc	r21, r19
     c54:	44 f4       	brge	.+16     	; 0xc66 <auto_drive+0x176>
     c56:	88 e5       	ldi	r24, 0x58	; 88
     c58:	92 e0       	ldi	r25, 0x02	; 2
     c5a:	9e d1       	rcall	.+828    	; 0xf98 <turn_left>
     c5c:	68 e5       	ldi	r22, 0x58	; 88
     c5e:	72 e0       	ldi	r23, 0x02	; 2
     c60:	82 e7       	ldi	r24, 0x72	; 114
		else       { turn_right(600); update_status('L', 600); }
     c62:	c8 da       	rcall	.-2672   	; 0x1f4 <update_status>
     c64:	25 c0       	rjmp	.+74     	; 0xcb0 <auto_drive+0x1c0>
     c66:	88 e5       	ldi	r24, 0x58	; 88
     c68:	92 e0       	ldi	r25, 0x02	; 2
     c6a:	a4 d1       	rcall	.+840    	; 0xfb4 <turn_right>
     c6c:	68 e5       	ldi	r22, 0x58	; 88
     c6e:	72 e0       	ldi	r23, 0x02	; 2
     c70:	8c e4       	ldi	r24, 0x4C	; 76
	}
	else if (l <= obstacle_dist)
     c72:	c0 da       	rcall	.-2688   	; 0x1f4 <update_status>
     c74:	1d c0       	rjmp	.+58     	; 0xcb0 <auto_drive+0x1c0>
     c76:	2b 30       	cpi	r18, 0x0B	; 11
	{
		turn_right(600);
     c78:	31 05       	cpc	r19, r1
     c7a:	44 f4       	brge	.+16     	; 0xc8c <auto_drive+0x19c>
     c7c:	88 e5       	ldi	r24, 0x58	; 88
		update_status('L', 600);
     c7e:	92 e0       	ldi	r25, 0x02	; 2
     c80:	99 d1       	rcall	.+818    	; 0xfb4 <turn_right>
     c82:	68 e5       	ldi	r22, 0x58	; 88
     c84:	72 e0       	ldi	r23, 0x02	; 2
     c86:	8c e4       	ldi	r24, 0x4C	; 76
	}
	else if (r <= obstacle_dist)
     c88:	b5 da       	rcall	.-2710   	; 0x1f4 <update_status>
     c8a:	12 c0       	rjmp	.+36     	; 0xcb0 <auto_drive+0x1c0>
     c8c:	4b 30       	cpi	r20, 0x0B	; 11
	{
		turn_left(600);
     c8e:	51 05       	cpc	r21, r1
     c90:	44 f4       	brge	.+16     	; 0xca2 <auto_drive+0x1b2>
     c92:	88 e5       	ldi	r24, 0x58	; 88
		update_status('r', 600);
     c94:	92 e0       	ldi	r25, 0x02	; 2
     c96:	80 d1       	rcall	.+768    	; 0xf98 <turn_left>
     c98:	68 e5       	ldi	r22, 0x58	; 88
     c9a:	72 e0       	ldi	r23, 0x02	; 2
     c9c:	82 e7       	ldi	r24, 0x72	; 114
     c9e:	aa da       	rcall	.-2732   	; 0x1f4 <update_status>
	}
	else
	{
		forward(400);
     ca0:	07 c0       	rjmp	.+14     	; 0xcb0 <auto_drive+0x1c0>
     ca2:	80 e9       	ldi	r24, 0x90	; 144
     ca4:	91 e0       	ldi	r25, 0x01	; 1
     ca6:	5c d1       	rcall	.+696    	; 0xf60 <forward>
		update_status('f', 400);
     ca8:	60 e9       	ldi	r22, 0x90	; 144
     caa:	71 e0       	ldi	r23, 0x01	; 1
     cac:	86 e6       	ldi	r24, 0x66	; 102
     cae:	a2 da       	rcall	.-2748   	; 0x1f4 <update_status>
     cb0:	ff 90       	pop	r15
	}
}
     cb2:	ef 90       	pop	r14
     cb4:	df 90       	pop	r13
     cb6:	cf 90       	pop	r12
     cb8:	bf 90       	pop	r11
     cba:	af 90       	pop	r10
     cbc:	9f 90       	pop	r9
     cbe:	8f 90       	pop	r8
     cc0:	08 95       	ret

00000cc2 <auto_mode_check>:
	
}

void auto_mode_check(void)
{
	func_state = AUTO_MODE;
     cc2:	81 e0       	ldi	r24, 0x01	; 1
     cc4:	90 e0       	ldi	r25, 0x00	; 0
     cc6:	90 93 7f 01 	sts	0x017F, r25	; 0x80017f <func_state+0x1>
     cca:	80 93 7e 01 	sts	0x017E, r24	; 0x80017e <func_state>
     cce:	08 95       	ret

00000cd0 <manual_mode>:
	distance_check
};

void manual_mode(void)
{
	switch(bt_data)
     cd0:	e0 91 b1 04 	lds	r30, 0x04B1	; 0x8004b1 <bt_data>
     cd4:	8e 2f       	mov	r24, r30
     cd6:	90 e0       	ldi	r25, 0x00	; 0
     cd8:	fc 01       	movw	r30, r24
     cda:	e2 54       	subi	r30, 0x42	; 66
     cdc:	f1 09       	sbc	r31, r1
     cde:	e2 33       	cpi	r30, 0x32	; 50
     ce0:	f1 05       	cpc	r31, r1
     ce2:	88 f5       	brcc	.+98     	; 0xd46 <manual_mode+0x76>
     ce4:	e7 55       	subi	r30, 0x57	; 87
     ce6:	ff 4f       	sbci	r31, 0xFF	; 255
     ce8:	d4 c4       	rjmp	.+2472   	; 0x1692 <__tablejump2__>
	{
		case 'F': case 'f':
		forward(500);
     cea:	84 ef       	ldi	r24, 0xF4	; 244
     cec:	91 e0       	ldi	r25, 0x01	; 1
     cee:	38 d1       	rcall	.+624    	; 0xf60 <forward>
		current_dir = 'F';
     cf0:	86 e4       	ldi	r24, 0x46	; 70
     cf2:	80 93 1d 01 	sts	0x011D, r24	; 0x80011d <current_dir>
		current_speed = 48;  // 48%
     cf6:	80 e3       	ldi	r24, 0x30	; 48
     cf8:	80 93 8a 01 	sts	0x018A, r24	; 0x80018a <current_speed>
		break;
     cfc:	24 c0       	rjmp	.+72     	; 0xd46 <manual_mode+0x76>
		case 'B': case 'b':
		backward(500);
     cfe:	84 ef       	ldi	r24, 0xF4	; 244
     d00:	91 e0       	ldi	r25, 0x01	; 1
     d02:	3c d1       	rcall	.+632    	; 0xf7c <backward>
		current_dir = 'b';
     d04:	82 e6       	ldi	r24, 0x62	; 98
     d06:	80 93 1d 01 	sts	0x011D, r24	; 0x80011d <current_dir>
		current_speed = 48;
     d0a:	80 e3       	ldi	r24, 0x30	; 48
     d0c:	80 93 8a 01 	sts	0x018A, r24	; 0x80018a <current_speed>
		break;
		case 'L': case 'l':
		turn_left(700);
     d10:	1a c0       	rjmp	.+52     	; 0xd46 <manual_mode+0x76>
     d12:	8c eb       	ldi	r24, 0xBC	; 188
     d14:	92 e0       	ldi	r25, 0x02	; 2
     d16:	40 d1       	rcall	.+640    	; 0xf98 <turn_left>
		current_dir = 'r';
     d18:	82 e7       	ldi	r24, 0x72	; 114
     d1a:	80 93 1d 01 	sts	0x011D, r24	; 0x80011d <current_dir>
		current_speed = 68;  // 68%
     d1e:	84 e4       	ldi	r24, 0x44	; 68
     d20:	80 93 8a 01 	sts	0x018A, r24	; 0x80018a <current_speed>
		break;
		case 'R': case 'r':
		turn_right(700);
     d24:	10 c0       	rjmp	.+32     	; 0xd46 <manual_mode+0x76>
     d26:	8c eb       	ldi	r24, 0xBC	; 188
     d28:	92 e0       	ldi	r25, 0x02	; 2
     d2a:	44 d1       	rcall	.+648    	; 0xfb4 <turn_right>
		current_dir = 'L'; 
     d2c:	8c e4       	ldi	r24, 0x4C	; 76
     d2e:	80 93 1d 01 	sts	0x011D, r24	; 0x80011d <current_dir>
		current_speed = 68;
     d32:	84 e4       	ldi	r24, 0x44	; 68
     d34:	80 93 8a 01 	sts	0x018A, r24	; 0x80018a <current_speed>
		break;
		case 'S': case 's':
		stop();
     d38:	06 c0       	rjmp	.+12     	; 0xd46 <manual_mode+0x76>
     d3a:	4a d1       	rcall	.+660    	; 0xfd0 <stop>
		current_dir = 'S';
     d3c:	83 e5       	ldi	r24, 0x53	; 83
     d3e:	80 93 1d 01 	sts	0x011D, r24	; 0x80011d <current_dir>
		current_speed = 0;
     d42:	10 92 8a 01 	sts	0x018A, r1	; 0x80018a <current_speed>
		break;
		default:
		break;
	}
	bt_data = 0;  // 중복 실행 방지
     d46:	10 92 b1 04 	sts	0x04B1, r1	; 0x8004b1 <bt_data>
     d4a:	08 95       	ret

00000d4c <auto_mode>:
}

void auto_mode(void)
{
	auto_drive();
     d4c:	d1 ce       	rjmp	.-606    	; 0xaf0 <auto_drive>
     d4e:	08 95       	ret

00000d50 <distance_check>:
	func_state = AUTO_MODE;
}

void distance_check(void)
{
	ultrasonic_processing();
     d50:	f1 db       	rcall	.-2078   	; 0x534 <ultrasonic_processing>
	func_state = AUTO_MODE;
     d52:	81 e0       	ldi	r24, 0x01	; 1
     d54:	90 e0       	ldi	r25, 0x00	; 0
     d56:	90 93 7f 01 	sts	0x017F, r25	; 0x80017f <func_state+0x1>
     d5a:	80 93 7e 01 	sts	0x017E, r24	; 0x80017e <func_state>
     d5e:	08 95       	ret

00000d60 <__vector_16>:
}
ISR(TIMER0_OVF_vect)
{
     d60:	1f 92       	push	r1
     d62:	0f 92       	push	r0
     d64:	0f b6       	in	r0, 0x3f	; 63
     d66:	0f 92       	push	r0
     d68:	11 24       	eor	r1, r1
     d6a:	8f 93       	push	r24
     d6c:	9f 93       	push	r25
     d6e:	af 93       	push	r26
     d70:	bf 93       	push	r27
	TCNT0 = 6;		// TCNT0 6~256: 250 펄스 count 하기 위해
     d72:	86 e0       	ldi	r24, 0x06	; 6
     d74:	82 bf       	out	0x32, r24	; 50
	msec_count++;
     d76:	80 91 86 01 	lds	r24, 0x0186	; 0x800186 <msec_count>
     d7a:	90 91 87 01 	lds	r25, 0x0187	; 0x800187 <msec_count+0x1>
     d7e:	a0 91 88 01 	lds	r26, 0x0188	; 0x800188 <msec_count+0x2>
     d82:	b0 91 89 01 	lds	r27, 0x0189	; 0x800189 <msec_count+0x3>
     d86:	01 96       	adiw	r24, 0x01	; 1
     d88:	a1 1d       	adc	r26, r1
     d8a:	b1 1d       	adc	r27, r1
     d8c:	80 93 86 01 	sts	0x0186, r24	; 0x800186 <msec_count>
     d90:	90 93 87 01 	sts	0x0187, r25	; 0x800187 <msec_count+0x1>
     d94:	a0 93 88 01 	sts	0x0188, r26	; 0x800188 <msec_count+0x2>
     d98:	b0 93 89 01 	sts	0x0189, r27	; 0x800189 <msec_count+0x3>
	ultrasonic_check_time++;
     d9c:	80 91 84 01 	lds	r24, 0x0184	; 0x800184 <ultrasonic_check_time>
     da0:	90 91 85 01 	lds	r25, 0x0185	; 0x800185 <ultrasonic_check_time+0x1>
     da4:	01 96       	adiw	r24, 0x01	; 1
     da6:	90 93 85 01 	sts	0x0185, r25	; 0x800185 <ultrasonic_check_time+0x1>
     daa:	80 93 84 01 	sts	0x0184, r24	; 0x800184 <ultrasonic_check_time>
}
     dae:	bf 91       	pop	r27
     db0:	af 91       	pop	r26
     db2:	9f 91       	pop	r25
     db4:	8f 91       	pop	r24
     db6:	0f 90       	pop	r0
     db8:	0f be       	out	0x3f, r0	; 63
     dba:	0f 90       	pop	r0
     dbc:	1f 90       	pop	r1
     dbe:	18 95       	reti

00000dc0 <init_timer0>:

void init_timer0()
{
	// TCNT0 = TimerCount0
	// TCNT0 6 ~ 256 : 250개 펄스를 count 하기 위해 6부터 시작
	TCNT0 = 6;
     dc0:	86 e0       	ldi	r24, 0x06	; 6
     dc2:	82 bf       	out	0x32, r24	; 50
	
	TCCR0 &= ~( 1<< CS02 | 1 << CS01 | 1 << CS00);	// 0분주 reset 먼저
     dc4:	83 b7       	in	r24, 0x33	; 51
     dc6:	88 7f       	andi	r24, 0xF8	; 248
     dc8:	83 bf       	out	0x33, r24	; 51
	TCCR0 |= 1 << CS02 | 0 << CS01 | 0 << CS00;		// 64분주
     dca:	83 b7       	in	r24, 0x33	; 51
     dcc:	84 60       	ori	r24, 0x04	; 4
     dce:	83 bf       	out	0x33, r24	; 51
	TIMSK |= 1 << TOIE0;	// TIMER0 Overflow INT
     dd0:	87 b7       	in	r24, 0x37	; 55
     dd2:	81 60       	ori	r24, 0x01	; 1
     dd4:	87 bf       	out	0x37, r24	; 55
     dd6:	08 95       	ret

00000dd8 <main>:


int main(void)
{
	// init_led();
	init_timer0();
     dd8:	f3 df       	rcall	.-26     	; 0xdc0 <init_timer0>
	init_uart0();
     dda:	a4 d1       	rcall	.+840    	; 0x1124 <init_uart0>
	init_uart1();
     ddc:	43 d2       	rcall	.+1158   	; 0x1264 <init_uart1>
	// init_button();
	init_motor_driver();
     dde:	a9 d0       	rcall	.+338    	; 0xf32 <init_motor_driver>
	init_timer1_pwm();
     de0:	94 d0       	rcall	.+296    	; 0xf0a <init_timer1_pwm>
	init_auto_car();
     de2:	71 da       	rcall	.-2846   	; 0x2c6 <init_auto_car>
     de4:	e9 db       	rcall	.-2094   	; 0x5b8 <init_fnd1>
	init_fnd1();
     de6:	8a db       	rcall	.-2284   	; 0x4fc <init_ultrasonic>
     de8:	fe db       	rcall	.-2052   	; 0x5e6 <init_fnd2>
	init_ultrasonic();
     dea:	8f e0       	ldi	r24, 0x0F	; 15
     dec:	91 e0       	ldi	r25, 0x01	; 1
	init_fnd2();
     dee:	90 93 b5 04 	sts	0x04B5, r25	; 0x8004b5 <__iob+0x3>
	
	stdout = &OUTPUT;		// printf가 동작할 수 있도록 stdout을 설정
     df2:	80 93 b4 04 	sts	0x04B4, r24	; 0x8004b4 <__iob+0x2>
     df6:	78 94       	sei
     df8:	00 dc       	rcall	.-2048   	; 0x5fa <get_auto_button>
     dfa:	89 2b       	or	r24, r25
	sei();					// 전역(대문) interrupt 허용
     dfc:	09 f4       	brne	.+2      	; 0xe00 <main+0x28>
	

	while (1)
	{
		if (get_auto_button())
     dfe:	49 c0       	rjmp	.+146    	; 0xe92 <main+0xba>
     e00:	81 e0       	ldi	r24, 0x01	; 1
     e02:	90 e0       	ldi	r25, 0x00	; 0
     e04:	20 91 7e 01 	lds	r18, 0x017E	; 0x80017e <func_state>
		{
			func_state = (func_state == MANUAL_MODE) ? AUTO_MODE : MANUAL_MODE;
     e08:	30 91 7f 01 	lds	r19, 0x017F	; 0x80017f <func_state+0x1>
     e0c:	23 2b       	or	r18, r19
     e0e:	11 f0       	breq	.+4      	; 0xe14 <main+0x3c>
     e10:	80 e0       	ldi	r24, 0x00	; 0
     e12:	90 e0       	ldi	r25, 0x00	; 0
     e14:	90 93 7f 01 	sts	0x017F, r25	; 0x80017f <func_state+0x1>
     e18:	80 93 7e 01 	sts	0x017E, r24	; 0x80017e <func_state>
     e1c:	38 dc       	rcall	.-1936   	; 0x68e <set_auto_led>
     e1e:	80 91 7e 01 	lds	r24, 0x017E	; 0x80017e <func_state>
			set_auto_led(func_state == AUTO_MODE);
     e22:	90 91 7f 01 	lds	r25, 0x017F	; 0x80017f <func_state+0x1>

			if (func_state == AUTO_MODE)
     e26:	01 97       	sbiw	r24, 0x01	; 1
     e28:	91 f4       	brne	.+36     	; 0xe4e <main+0x76>
     e2a:	80 91 86 01 	lds	r24, 0x0186	; 0x800186 <msec_count>
     e2e:	90 91 87 01 	lds	r25, 0x0187	; 0x800187 <msec_count+0x1>
			{
				auto_start_ms = msec_count;
     e32:	a0 91 88 01 	lds	r26, 0x0188	; 0x800188 <msec_count+0x2>
     e36:	b0 91 89 01 	lds	r27, 0x0189	; 0x800189 <msec_count+0x3>
     e3a:	80 93 80 01 	sts	0x0180, r24	; 0x800180 <auto_start_ms>
     e3e:	90 93 81 01 	sts	0x0181, r25	; 0x800181 <auto_start_ms+0x1>
     e42:	a0 93 82 01 	sts	0x0182, r26	; 0x800182 <auto_start_ms+0x2>
     e46:	b0 93 83 01 	sts	0x0183, r27	; 0x800183 <auto_start_ms+0x3>
     e4a:	29 da       	rcall	.-2990   	; 0x29e <reset_drive_stats>
     e4c:	22 c0       	rjmp	.+68     	; 0xe92 <main+0xba>
				reset_drive_stats();        // 통계 초기화
     e4e:	c0 d0       	rcall	.+384    	; 0xfd0 <stop>
     e50:	83 e5       	ldi	r24, 0x53	; 83
     e52:	80 93 1d 01 	sts	0x011D, r24	; 0x80011d <current_dir>
			}
			else
			{
				stop();
     e56:	10 92 8a 01 	sts	0x018A, r1	; 0x80018a <current_speed>
				current_dir = 'S';
     e5a:	80 91 86 01 	lds	r24, 0x0186	; 0x800186 <msec_count>
				current_speed = 0;
     e5e:	90 91 87 01 	lds	r25, 0x0187	; 0x800187 <msec_count+0x1>
				total_drive_ms = msec_count - auto_start_ms;  // 총 주행시간 확정
     e62:	a0 91 88 01 	lds	r26, 0x0188	; 0x800188 <msec_count+0x2>
     e66:	b0 91 89 01 	lds	r27, 0x0189	; 0x800189 <msec_count+0x3>
     e6a:	40 91 80 01 	lds	r20, 0x0180	; 0x800180 <auto_start_ms>
     e6e:	50 91 81 01 	lds	r21, 0x0181	; 0x800181 <auto_start_ms+0x1>
     e72:	60 91 82 01 	lds	r22, 0x0182	; 0x800182 <auto_start_ms+0x2>
     e76:	70 91 83 01 	lds	r23, 0x0183	; 0x800183 <auto_start_ms+0x3>
     e7a:	84 1b       	sub	r24, r20
     e7c:	95 0b       	sbc	r25, r21
     e7e:	a6 0b       	sbc	r26, r22
     e80:	b7 0b       	sbc	r27, r23
     e82:	80 93 72 01 	sts	0x0172, r24	; 0x800172 <total_drive_ms>
     e86:	90 93 73 01 	sts	0x0173, r25	; 0x800173 <total_drive_ms+0x1>
     e8a:	a0 93 74 01 	sts	0x0174, r26	; 0x800174 <total_drive_ms+0x2>
     e8e:	b0 93 75 01 	sts	0x0175, r27	; 0x800175 <total_drive_ms+0x3>
     e92:	80 91 7e 01 	lds	r24, 0x017E	; 0x80017e <func_state>
     e96:	90 91 7f 01 	lds	r25, 0x017F	; 0x80017f <func_state+0x1>
			}
		}
		
		
		if (func_state == AUTO_MODE)
     e9a:	01 97       	sbiw	r24, 0x01	; 1
     e9c:	e9 f4       	brne	.+58     	; 0xed8 <main+0x100>
     e9e:	80 91 86 01 	lds	r24, 0x0186	; 0x800186 <msec_count>
     ea2:	90 91 87 01 	lds	r25, 0x0187	; 0x800187 <msec_count+0x1>
		{
			// 주행 중: 경과시간 + 현재 방향/속도
			fnd1_scan(msec_count - auto_start_ms);
     ea6:	a0 91 88 01 	lds	r26, 0x0188	; 0x800188 <msec_count+0x2>
     eaa:	b0 91 89 01 	lds	r27, 0x0189	; 0x800189 <msec_count+0x3>
     eae:	00 91 80 01 	lds	r16, 0x0180	; 0x800180 <auto_start_ms>
     eb2:	10 91 81 01 	lds	r17, 0x0181	; 0x800181 <auto_start_ms+0x1>
     eb6:	20 91 82 01 	lds	r18, 0x0182	; 0x800182 <auto_start_ms+0x2>
     eba:	30 91 83 01 	lds	r19, 0x0183	; 0x800183 <auto_start_ms+0x3>
     ebe:	bc 01       	movw	r22, r24
     ec0:	cd 01       	movw	r24, r26
     ec2:	60 1b       	sub	r22, r16
     ec4:	71 0b       	sbc	r23, r17
     ec6:	82 0b       	sbc	r24, r18
     ec8:	93 0b       	sbc	r25, r19
     eca:	ef db       	rcall	.-2082   	; 0x6aa <fnd1_scan>
     ecc:	60 91 8a 01 	lds	r22, 0x018A	; 0x80018a <current_speed>
     ed0:	80 91 1d 01 	lds	r24, 0x011D	; 0x80011d <current_dir>
			fnd2_scan(current_dir, current_speed);
     ed4:	b5 dc       	rcall	.-1686   	; 0x840 <fnd2_scan>
     ed6:	0a c0       	rjmp	.+20     	; 0xeec <main+0x114>
		}
		else
		{
			// 정지 후: 총 주행시간 고정 + 횟수 순환
			fnd1_scan(total_drive_ms);
     ed8:	60 91 72 01 	lds	r22, 0x0172	; 0x800172 <total_drive_ms>
     edc:	70 91 73 01 	lds	r23, 0x0173	; 0x800173 <total_drive_ms+0x1>
     ee0:	80 91 74 01 	lds	r24, 0x0174	; 0x800174 <total_drive_ms+0x2>
     ee4:	90 91 75 01 	lds	r25, 0x0175	; 0x800175 <total_drive_ms+0x3>
     ee8:	e0 db       	rcall	.-2112   	; 0x6aa <fnd1_scan>
     eea:	25 dd       	rcall	.-1462   	; 0x936 <fnd2_result_scan>
			fnd2_result_scan();
     eec:	23 db       	rcall	.-2490   	; 0x534 <ultrasonic_processing>
     eee:	29 d1       	rcall	.+594    	; 0x1142 <pc_command_processing>
		}
		
		ultrasonic_processing();
     ef0:	e0 91 7e 01 	lds	r30, 0x017E	; 0x80017e <func_state>

		pc_command_processing();
     ef4:	f0 91 7f 01 	lds	r31, 0x017F	; 0x80017f <func_state+0x1>
		pfunc[func_state]();
     ef8:	ee 0f       	add	r30, r30
     efa:	ff 1f       	adc	r31, r31
     efc:	e9 5f       	subi	r30, 0xF9	; 249
     efe:	fe 4f       	sbci	r31, 0xFE	; 254
     f00:	01 90       	ld	r0, Z+
     f02:	f0 81       	ld	r31, Z
     f04:	e0 2d       	mov	r30, r0
     f06:	09 95       	icall
     f08:	77 cf       	rjmp	.-274    	; 0xdf8 <main+0x20>

00000f0a <init_timer1_pwm>:
	// T = 1/f = 1/250000Hz ---> 0.000004sec ---> 4µs
	// 250000Hz에서 256개 펄스를 count 하면 소요시간 1.02ms
	//				127개 펄스					   0.5ms
	//				0x3ff(1023) -----> 4ms
	// TCNT3: 0~255(0x00ff) 까지 count한 후 0으로 다시 돌아간다.
	TCCR1B |= 1 << CS11 | 1 << CS10;	// 분주비 64
     f0a:	8e b5       	in	r24, 0x2e	; 46
     f0c:	83 60       	ori	r24, 0x03	; 3
     f0e:	8e bd       	out	0x2e, r24	; 46
	// OCR3C = 0;							// OCR(output compare register): pwm 값
	// OCR3C: 50인 경우 duty(high)가 몇 %인가?
	// Duty Cycle  = (OCR3C / TOP) x 100 = 50 / 255 x 100 = 19.61%
	
	// 모드 14: 고속 PWM 모드 사용하겠다. timer1 (p327 표 14-5)
	TCCR1A |= 1 << WGM11;	// TOP --> ICR1으로 설정
     f10:	8f b5       	in	r24, 0x2f	; 47
     f12:	82 60       	ori	r24, 0x02	; 2
     f14:	8f bd       	out	0x2f, r24	; 47
	TCCR1B |= 1 << WGM13 | 1 << WGM12;
     f16:	8e b5       	in	r24, 0x2e	; 46
     f18:	88 61       	ori	r24, 0x18	; 24
     f1a:	8e bd       	out	0x2e, r24	; 46
	// 비반전모드 top: ICR1 비교일치값 (PWM) 지정 OCR1A OCR1B p.350 표 15-7
	// 비교 일치 발생시 OCR1A, OCR1B의 출력핀은 LOW로 바뀌고 BOTTOM에서 HIGH로 바뀐다.(비반전 모드)
	TCCR1A |= 1 << COM1A1;
     f1c:	8f b5       	in	r24, 0x2f	; 47
     f1e:	80 68       	ori	r24, 0x80	; 128
     f20:	8f bd       	out	0x2f, r24	; 47
	TCCR1A |= 1 << COM1B1;
     f22:	8f b5       	in	r24, 0x2f	; 47
     f24:	80 62       	ori	r24, 0x20	; 32
     f26:	8f bd       	out	0x2f, r24	; 47
	
	ICR1 = 0x3ff;	// 1023 * 4µs ==> 4ms TOP 값
     f28:	8f ef       	ldi	r24, 0xFF	; 255
     f2a:	93 e0       	ldi	r25, 0x03	; 3
     f2c:	97 bd       	out	0x27, r25	; 39
     f2e:	86 bd       	out	0x26, r24	; 38
     f30:	08 95       	ret

00000f32 <init_motor_driver>:
*/

void init_motor_driver(void) {
	
	// 0. 초기화
	MOTOR_PWM_DDR &= ~(1 << 5 | 1 << 6);
     f32:	87 b3       	in	r24, 0x17	; 23
     f34:	8f 79       	andi	r24, 0x9F	; 159
     f36:	87 bb       	out	0x17, r24	; 23
	MOTOR_DIRECTION_PORT_DDR &= ~(1 << 0 | 1 << 1 | 1 << 2 | 1 << 3);
     f38:	e1 e6       	ldi	r30, 0x61	; 97
     f3a:	f0 e0       	ldi	r31, 0x00	; 0
     f3c:	80 81       	ld	r24, Z
     f3e:	80 7f       	andi	r24, 0xF0	; 240
     f40:	80 83       	st	Z, r24
	
	// 1. 출력모드로 설정
	MOTOR_PWM_DDR |= (1 << 5) | (1 << 6);
     f42:	87 b3       	in	r24, 0x17	; 23
     f44:	80 66       	ori	r24, 0x60	; 96
     f46:	87 bb       	out	0x17, r24	; 23
	MOTOR_DIRECTION_PORT_DDR |= 1 << 0 | 1 << 1 | 1 << 2 | 1 << 3;	// 출력모드
     f48:	80 81       	ld	r24, Z
     f4a:	8f 60       	ori	r24, 0x0F	; 15
     f4c:	80 83       	st	Z, r24
	
	// 2. 모터를 전진 모드로 
	MOTOR_DIRECTION_PORT &= ~(1 << 0 | 1 << 1 | 1 << 2 | 1 << 3);	// 0으로 초기화 후 시작
     f4e:	e2 e6       	ldi	r30, 0x62	; 98
     f50:	f0 e0       	ldi	r31, 0x00	; 0
     f52:	80 81       	ld	r24, Z
     f54:	80 7f       	andi	r24, 0xF0	; 240
     f56:	80 83       	st	Z, r24
	MOTOR_DIRECTION_PORT |=  1 << 2 | 1 << 0;						// 모터 전진 mode IN4IN3IN2IN1
     f58:	80 81       	ld	r24, Z
     f5a:	85 60       	ori	r24, 0x05	; 5
     f5c:	80 83       	st	Z, r24
     f5e:	08 95       	ret

00000f60 <forward>:
	//ICR3 = 255;
	//OCR3C = 0;
}

void forward(int speed)
{
     f60:	9c 01       	movw	r18, r24
	// 모터를 전진 모드로
	MOTOR_DIRECTION_PORT &= ~(1 << 0 | 1 << 1 | 1 << 2 | 1 << 3);	// 0으로 초기화 후 시작
     f62:	e2 e6       	ldi	r30, 0x62	; 98
     f64:	f0 e0       	ldi	r31, 0x00	; 0
     f66:	90 81       	ld	r25, Z
     f68:	90 7f       	andi	r25, 0xF0	; 240
     f6a:	90 83       	st	Z, r25
	MOTOR_DIRECTION_PORT |=  1 << 2 | 1 << 0;
     f6c:	90 81       	ld	r25, Z
     f6e:	95 60       	ori	r25, 0x05	; 5
     f70:	90 83       	st	Z, r25
	
	OCR1A = OCR1B = speed;	// OCR1A : pwm left / OCR1B: pwm right 
     f72:	39 bd       	out	0x29, r19	; 41
     f74:	28 bd       	out	0x28, r18	; 40
     f76:	3b bd       	out	0x2b, r19	; 43
     f78:	2a bd       	out	0x2a, r18	; 42
     f7a:	08 95       	ret

00000f7c <backward>:

}

void backward(int speed)
{
     f7c:	9c 01       	movw	r18, r24
	MOTOR_DIRECTION_PORT &= ~(1 << 0 | 1 << 1 | 1 << 2 | 1 << 3);
     f7e:	e2 e6       	ldi	r30, 0x62	; 98
     f80:	f0 e0       	ldi	r31, 0x00	; 0
     f82:	90 81       	ld	r25, Z
     f84:	90 7f       	andi	r25, 0xF0	; 240
     f86:	90 83       	st	Z, r25
	MOTOR_DIRECTION_PORT |= 1 << 1 | 1 << 3;	// 모터를 후진 모드로 IN4IN3IN2IN1
     f88:	90 81       	ld	r25, Z
     f8a:	9a 60       	ori	r25, 0x0A	; 10
     f8c:	90 83       	st	Z, r25
												//					  1  0  1  0
	// PF0=0, PF1=1, PF2=0, PF3=1
	// IN1=0, IN2=1 → 왼쪽 역회전
	// IN3=0, IN4=1 → 오른쪽 역회전
	OCR1A = OCR1B = speed;
     f8e:	39 bd       	out	0x29, r19	; 41
     f90:	28 bd       	out	0x28, r18	; 40
     f92:	3b bd       	out	0x2b, r19	; 43
     f94:	2a bd       	out	0x2a, r18	; 42
     f96:	08 95       	ret

00000f98 <turn_left>:
}
void turn_left(int speed)
{
     f98:	9c 01       	movw	r18, r24
	MOTOR_DIRECTION_PORT &= ~(1 << 0 | 1 << 1 | 1 << 2 | 1 << 3);
     f9a:	e2 e6       	ldi	r30, 0x62	; 98
     f9c:	f0 e0       	ldi	r31, 0x00	; 0
     f9e:	90 81       	ld	r25, Z
     fa0:	90 7f       	andi	r25, 0xF0	; 240
     fa2:	90 83       	st	Z, r25
	MOTOR_DIRECTION_PORT |= 1 << 0 | 1 << 3;
     fa4:	90 81       	ld	r25, Z
     fa6:	99 60       	ori	r25, 0x09	; 9
     fa8:	90 83       	st	Z, r25
	// PF0=0, PF1=1 → 왼쪽 역회전
	// PF2=1, PF3=0 → 오른쪽 정회전

	OCR1A = 0;
     faa:	1b bc       	out	0x2b, r1	; 43
     fac:	1a bc       	out	0x2a, r1	; 42
	OCR1B = speed;
     fae:	39 bd       	out	0x29, r19	; 41
     fb0:	28 bd       	out	0x28, r18	; 40
     fb2:	08 95       	ret

00000fb4 <turn_right>:
}
void turn_right(int speed)
{
     fb4:	9c 01       	movw	r18, r24
	 MOTOR_DIRECTION_PORT &= ~(1 << 0 | 1 << 1 | 1 << 2 | 1 << 3);
     fb6:	e2 e6       	ldi	r30, 0x62	; 98
     fb8:	f0 e0       	ldi	r31, 0x00	; 0
     fba:	90 81       	ld	r25, Z
     fbc:	90 7f       	andi	r25, 0xF0	; 240
     fbe:	90 83       	st	Z, r25
	 MOTOR_DIRECTION_PORT |= 1 << 1 | 1 << 2;
     fc0:	90 81       	ld	r25, Z
     fc2:	96 60       	ori	r25, 0x06	; 6
     fc4:	90 83       	st	Z, r25
	 // PF0=1, PF1=0 → 왼쪽 정회전
	 // PF2=0, PF3=1 → 오른쪽 역회전

	 OCR1A = speed;
     fc6:	3b bd       	out	0x2b, r19	; 43
     fc8:	2a bd       	out	0x2a, r18	; 42
	 OCR1B = 0;
     fca:	19 bc       	out	0x29, r1	; 41
     fcc:	18 bc       	out	0x28, r1	; 40
     fce:	08 95       	ret

00000fd0 <stop>:
}

void stop(void)
{
	MOTOR_DIRECTION_PORT &= ~(1 << 0 | 1 << 1 | 1 << 2 | 1 << 3);
     fd0:	e2 e6       	ldi	r30, 0x62	; 98
     fd2:	f0 e0       	ldi	r31, 0x00	; 0
     fd4:	80 81       	ld	r24, Z
     fd6:	80 7f       	andi	r24, 0xF0	; 240
     fd8:	80 83       	st	Z, r24
	MOTOR_DIRECTION_PORT |= 1 << 0 | 1 << 1 | 1 << 2 | 1 << 3;
     fda:	80 81       	ld	r24, Z
     fdc:	8f 60       	ori	r24, 0x0F	; 15
     fde:	80 83       	st	Z, r24
	// PF0=1, PF1=0 → 왼쪽 정회전
	// PF2=0, PF3=1 → 오른쪽 역회전

	OCR1A = 0;
     fe0:	1b bc       	out	0x2b, r1	; 43
     fe2:	1a bc       	out	0x2a, r1	; 42
	OCR1B = 0;
     fe4:	19 bc       	out	0x29, r1	; 41
     fe6:	18 bc       	out	0x28, r1	; 40
     fe8:	08 95       	ret

00000fea <__vector_18>:
extern void turn_left(int speed);
extern void turn_right(int speed);
extern void stop();

ISR(USART0_RX_vect)
{
     fea:	1f 92       	push	r1
     fec:	0f 92       	push	r0
     fee:	0f b6       	in	r0, 0x3f	; 63
     ff0:	0f 92       	push	r0
     ff2:	11 24       	eor	r1, r1
     ff4:	0b b6       	in	r0, 0x3b	; 59
     ff6:	0f 92       	push	r0
     ff8:	2f 93       	push	r18
     ffa:	3f 93       	push	r19
     ffc:	4f 93       	push	r20
     ffe:	5f 93       	push	r21
    1000:	6f 93       	push	r22
    1002:	7f 93       	push	r23
    1004:	8f 93       	push	r24
    1006:	9f 93       	push	r25
    1008:	af 93       	push	r26
    100a:	bf 93       	push	r27
    100c:	ef 93       	push	r30
    100e:	ff 93       	push	r31
    1010:	cf 93       	push	r28
    1012:	df 93       	push	r29
    1014:	1f 92       	push	r1
    1016:	cd b7       	in	r28, 0x3d	; 61
    1018:	de b7       	in	r29, 0x3e	; 62
	volatile uint8_t data;
	volatile static int i = 0;
	
	data = UDR0;
    101a:	8c b1       	in	r24, 0x0c	; 12
    101c:	89 83       	std	Y+1, r24	; 0x01
	
	if (data == '\n' || data == '\r')
    101e:	89 81       	ldd	r24, Y+1	; 0x01
    1020:	8a 30       	cpi	r24, 0x0A	; 10
    1022:	19 f0       	breq	.+6      	; 0x102a <__DATA_REGION_LENGTH__+0x2a>
    1024:	89 81       	ldd	r24, Y+1	; 0x01
    1026:	8d 30       	cpi	r24, 0x0D	; 13
    1028:	c1 f5       	brne	.+112    	; 0x109a <__DATA_REGION_LENGTH__+0x9a>
	{
		if ((rear+1) % QUEUE_SIZE == front % QUEUE_SIZE)
    102a:	80 91 8f 01 	lds	r24, 0x018F	; 0x80018f <rear>
    102e:	90 91 90 01 	lds	r25, 0x0190	; 0x800190 <rear+0x1>
    1032:	01 96       	adiw	r24, 0x01	; 1
    1034:	2a e0       	ldi	r18, 0x0A	; 10
    1036:	30 e0       	ldi	r19, 0x00	; 0
    1038:	b9 01       	movw	r22, r18
    103a:	f6 d2       	rcall	.+1516   	; 0x1628 <__divmodhi4>
    103c:	fc 01       	movw	r30, r24
    103e:	80 91 8d 01 	lds	r24, 0x018D	; 0x80018d <front>
    1042:	90 91 8e 01 	lds	r25, 0x018E	; 0x80018e <front+0x1>
    1046:	b9 01       	movw	r22, r18
    1048:	ef d2       	rcall	.+1502   	; 0x1628 <__divmodhi4>
    104a:	e8 17       	cp	r30, r24
    104c:	f9 07       	cpc	r31, r25
    104e:	09 f4       	brne	.+2      	; 0x1052 <__DATA_REGION_LENGTH__+0x52>
    1050:	53 c0       	rjmp	.+166    	; 0x10f8 <__DATA_REGION_LENGTH__+0xf8>
		{
			return;
		}
		rx_buff[rear][i] = '\0';
    1052:	20 91 8f 01 	lds	r18, 0x018F	; 0x80018f <rear>
    1056:	30 91 90 01 	lds	r19, 0x0190	; 0x800190 <rear+0x1>
    105a:	80 91 8b 01 	lds	r24, 0x018B	; 0x80018b <i.2089>
    105e:	90 91 8c 01 	lds	r25, 0x018C	; 0x80018c <i.2089+0x1>
    1062:	40 e5       	ldi	r20, 0x50	; 80
    1064:	42 9f       	mul	r20, r18
    1066:	f0 01       	movw	r30, r0
    1068:	43 9f       	mul	r20, r19
    106a:	f0 0d       	add	r31, r0
    106c:	11 24       	eor	r1, r1
    106e:	ef 56       	subi	r30, 0x6F	; 111
    1070:	fe 4f       	sbci	r31, 0xFE	; 254
    1072:	e8 0f       	add	r30, r24
    1074:	f9 1f       	adc	r31, r25
    1076:	10 82       	st	Z, r1
		i = 0;
    1078:	10 92 8c 01 	sts	0x018C, r1	; 0x80018c <i.2089+0x1>
    107c:	10 92 8b 01 	sts	0x018B, r1	; 0x80018b <i.2089>
		rear = (rear + 1) % QUEUE_SIZE;
    1080:	80 91 8f 01 	lds	r24, 0x018F	; 0x80018f <rear>
    1084:	90 91 90 01 	lds	r25, 0x0190	; 0x800190 <rear+0x1>
    1088:	01 96       	adiw	r24, 0x01	; 1
    108a:	6a e0       	ldi	r22, 0x0A	; 10
    108c:	70 e0       	ldi	r23, 0x00	; 0
    108e:	cc d2       	rcall	.+1432   	; 0x1628 <__divmodhi4>
    1090:	90 93 90 01 	sts	0x0190, r25	; 0x800190 <rear+0x1>
    1094:	80 93 8f 01 	sts	0x018F, r24	; 0x80018f <rear>
    1098:	2f c0       	rjmp	.+94     	; 0x10f8 <__DATA_REGION_LENGTH__+0xf8>
	}
	else
	{
		if ((rear+1) % QUEUE_SIZE == front % QUEUE_SIZE)
    109a:	80 91 8f 01 	lds	r24, 0x018F	; 0x80018f <rear>
    109e:	90 91 90 01 	lds	r25, 0x0190	; 0x800190 <rear+0x1>
    10a2:	01 96       	adiw	r24, 0x01	; 1
    10a4:	2a e0       	ldi	r18, 0x0A	; 10
    10a6:	30 e0       	ldi	r19, 0x00	; 0
    10a8:	b9 01       	movw	r22, r18
    10aa:	be d2       	rcall	.+1404   	; 0x1628 <__divmodhi4>
    10ac:	fc 01       	movw	r30, r24
    10ae:	80 91 8d 01 	lds	r24, 0x018D	; 0x80018d <front>
    10b2:	90 91 8e 01 	lds	r25, 0x018E	; 0x80018e <front+0x1>
    10b6:	b9 01       	movw	r22, r18
    10b8:	b7 d2       	rcall	.+1390   	; 0x1628 <__divmodhi4>
    10ba:	e8 17       	cp	r30, r24
    10bc:	f9 07       	cpc	r31, r25
    10be:	e1 f0       	breq	.+56     	; 0x10f8 <__DATA_REGION_LENGTH__+0xf8>
		{
			return;
		}
		rx_buff[rear][i++] = data;
    10c0:	60 91 8f 01 	lds	r22, 0x018F	; 0x80018f <rear>
    10c4:	70 91 90 01 	lds	r23, 0x0190	; 0x800190 <rear+0x1>
    10c8:	80 91 8b 01 	lds	r24, 0x018B	; 0x80018b <i.2089>
    10cc:	90 91 8c 01 	lds	r25, 0x018C	; 0x80018c <i.2089+0x1>
    10d0:	9c 01       	movw	r18, r24
    10d2:	2f 5f       	subi	r18, 0xFF	; 255
    10d4:	3f 4f       	sbci	r19, 0xFF	; 255
    10d6:	30 93 8c 01 	sts	0x018C, r19	; 0x80018c <i.2089+0x1>
    10da:	20 93 8b 01 	sts	0x018B, r18	; 0x80018b <i.2089>
    10de:	49 81       	ldd	r20, Y+1	; 0x01
    10e0:	50 e5       	ldi	r21, 0x50	; 80
    10e2:	56 9f       	mul	r21, r22
    10e4:	90 01       	movw	r18, r0
    10e6:	57 9f       	mul	r21, r23
    10e8:	30 0d       	add	r19, r0
    10ea:	11 24       	eor	r1, r1
    10ec:	2f 56       	subi	r18, 0x6F	; 111
    10ee:	3e 4f       	sbci	r19, 0xFE	; 254
    10f0:	f9 01       	movw	r30, r18
    10f2:	e8 0f       	add	r30, r24
    10f4:	f9 1f       	adc	r31, r25
    10f6:	40 83       	st	Z, r20
	}
}
    10f8:	0f 90       	pop	r0
    10fa:	df 91       	pop	r29
    10fc:	cf 91       	pop	r28
    10fe:	ff 91       	pop	r31
    1100:	ef 91       	pop	r30
    1102:	bf 91       	pop	r27
    1104:	af 91       	pop	r26
    1106:	9f 91       	pop	r25
    1108:	8f 91       	pop	r24
    110a:	7f 91       	pop	r23
    110c:	6f 91       	pop	r22
    110e:	5f 91       	pop	r21
    1110:	4f 91       	pop	r20
    1112:	3f 91       	pop	r19
    1114:	2f 91       	pop	r18
    1116:	0f 90       	pop	r0
    1118:	0b be       	out	0x3b, r0	; 59
    111a:	0f 90       	pop	r0
    111c:	0f be       	out	0x3f, r0	; 63
    111e:	0f 90       	pop	r0
    1120:	1f 90       	pop	r1
    1122:	18 95       	reti

00001124 <init_uart0>:

void init_uart0(void){
	UBRR0H = 0x00;
    1124:	10 92 90 00 	sts	0x0090, r1	; 0x800090 <__TEXT_REGION_LENGTH__+0x7e0090>
	UBRR0L = 207;
    1128:	8f ec       	ldi	r24, 0xCF	; 207
    112a:	89 b9       	out	0x09, r24	; 9
	UCSR0A |= 1 << U2X0;
    112c:	8b b1       	in	r24, 0x0b	; 11
    112e:	82 60       	ori	r24, 0x02	; 2
    1130:	8b b9       	out	0x0b, r24	; 11
	UCSR0B |= 1 << RXEN0 | 1 << TXEN0 | 1 << RXCIE0;
    1132:	8a b1       	in	r24, 0x0a	; 10
    1134:	88 69       	ori	r24, 0x98	; 152
    1136:	8a b9       	out	0x0a, r24	; 10
    1138:	08 95       	ret

0000113a <UART0_transmit>:
}

void UART0_transmit(uint8_t data)
{
	while(!(UCSR0A & (1 << UDRE0)));
    113a:	5d 9b       	sbis	0x0b, 5	; 11
    113c:	fe cf       	rjmp	.-4      	; 0x113a <UART0_transmit>
	UDR0 = data;
    113e:	8c b9       	out	0x0c, r24	; 12
    1140:	08 95       	ret

00001142 <pc_command_processing>:
}

void pc_command_processing()
{
    1142:	cf 93       	push	r28
	if (front != rear)
    1144:	20 91 8d 01 	lds	r18, 0x018D	; 0x80018d <front>
    1148:	30 91 8e 01 	lds	r19, 0x018E	; 0x80018e <front+0x1>
    114c:	80 91 8f 01 	lds	r24, 0x018F	; 0x80018f <rear>
    1150:	90 91 90 01 	lds	r25, 0x0190	; 0x800190 <rear+0x1>
    1154:	28 17       	cp	r18, r24
    1156:	39 07       	cpc	r19, r25
    1158:	09 f4       	brne	.+2      	; 0x115c <pc_command_processing+0x1a>
    115a:	82 c0       	rjmp	.+260    	; 0x1260 <pc_command_processing+0x11e>
	{
		printf("cmd: %s\r\n", rx_buff[front]);  // 받은 명령어 확인용
    115c:	20 91 8d 01 	lds	r18, 0x018D	; 0x80018d <front>
    1160:	30 91 8e 01 	lds	r19, 0x018E	; 0x80018e <front+0x1>
    1164:	c0 e5       	ldi	r28, 0x50	; 80
    1166:	c2 9f       	mul	r28, r18
    1168:	c0 01       	movw	r24, r0
    116a:	c3 9f       	mul	r28, r19
    116c:	90 0d       	add	r25, r0
    116e:	11 24       	eor	r1, r1
    1170:	8f 56       	subi	r24, 0x6F	; 111
    1172:	9e 4f       	sbci	r25, 0xFE	; 254
    1174:	9f 93       	push	r25
    1176:	8f 93       	push	r24
    1178:	82 e4       	ldi	r24, 0x42	; 66
    117a:	91 e0       	ldi	r25, 0x01	; 1
    117c:	9f 93       	push	r25
    117e:	8f 93       	push	r24
    1180:	a0 d2       	rcall	.+1344   	; 0x16c2 <printf>

		if (strncmp((const char *)rx_buff[front], "f", 1) == 0) {
    1182:	80 91 8d 01 	lds	r24, 0x018D	; 0x80018d <front>
    1186:	90 91 8e 01 	lds	r25, 0x018E	; 0x80018e <front+0x1>
    118a:	c8 9f       	mul	r28, r24
    118c:	f0 01       	movw	r30, r0
    118e:	c9 9f       	mul	r28, r25
    1190:	f0 0d       	add	r31, r0
    1192:	11 24       	eor	r1, r1
    1194:	ef 56       	subi	r30, 0x6F	; 111
    1196:	fe 4f       	sbci	r31, 0xFE	; 254
    1198:	80 81       	ld	r24, Z
    119a:	0f 90       	pop	r0
    119c:	0f 90       	pop	r0
    119e:	0f 90       	pop	r0
    11a0:	0f 90       	pop	r0
    11a2:	86 36       	cpi	r24, 0x66	; 102
    11a4:	21 f4       	brne	.+8      	; 0x11ae <pc_command_processing+0x6c>
			forward(500);
    11a6:	84 ef       	ldi	r24, 0xF4	; 244
    11a8:	91 e0       	ldi	r25, 0x01	; 1
    11aa:	da de       	rcall	.-588    	; 0xf60 <forward>
    11ac:	4d c0       	rjmp	.+154    	; 0x1248 <pc_command_processing+0x106>
		}
		else if (strncmp((const char *)rx_buff[front], "b", 1) == 0) {
    11ae:	80 91 8d 01 	lds	r24, 0x018D	; 0x80018d <front>
    11b2:	90 91 8e 01 	lds	r25, 0x018E	; 0x80018e <front+0x1>
    11b6:	20 e5       	ldi	r18, 0x50	; 80
    11b8:	28 9f       	mul	r18, r24
    11ba:	f0 01       	movw	r30, r0
    11bc:	29 9f       	mul	r18, r25
    11be:	f0 0d       	add	r31, r0
    11c0:	11 24       	eor	r1, r1
    11c2:	ef 56       	subi	r30, 0x6F	; 111
    11c4:	fe 4f       	sbci	r31, 0xFE	; 254
    11c6:	80 81       	ld	r24, Z
    11c8:	82 36       	cpi	r24, 0x62	; 98
    11ca:	21 f4       	brne	.+8      	; 0x11d4 <pc_command_processing+0x92>
			backward(500);
    11cc:	84 ef       	ldi	r24, 0xF4	; 244
    11ce:	91 e0       	ldi	r25, 0x01	; 1
    11d0:	d5 de       	rcall	.-598    	; 0xf7c <backward>
    11d2:	3a c0       	rjmp	.+116    	; 0x1248 <pc_command_processing+0x106>
		}
		else if (strncmp((const char *)rx_buff[front], "l", 1) == 0) {
    11d4:	80 91 8d 01 	lds	r24, 0x018D	; 0x80018d <front>
    11d8:	90 91 8e 01 	lds	r25, 0x018E	; 0x80018e <front+0x1>
    11dc:	20 e5       	ldi	r18, 0x50	; 80
    11de:	28 9f       	mul	r18, r24
    11e0:	f0 01       	movw	r30, r0
    11e2:	29 9f       	mul	r18, r25
    11e4:	f0 0d       	add	r31, r0
    11e6:	11 24       	eor	r1, r1
    11e8:	ef 56       	subi	r30, 0x6F	; 111
    11ea:	fe 4f       	sbci	r31, 0xFE	; 254
    11ec:	80 81       	ld	r24, Z
    11ee:	8c 36       	cpi	r24, 0x6C	; 108
			turn_left(700);
    11f0:	21 f4       	brne	.+8      	; 0x11fa <pc_command_processing+0xb8>
    11f2:	8c eb       	ldi	r24, 0xBC	; 188
    11f4:	92 e0       	ldi	r25, 0x02	; 2
    11f6:	d0 de       	rcall	.-608    	; 0xf98 <turn_left>
    11f8:	27 c0       	rjmp	.+78     	; 0x1248 <pc_command_processing+0x106>
		}
		else if (strncmp((const char *)rx_buff[front], "r", 1) == 0) {
    11fa:	80 91 8d 01 	lds	r24, 0x018D	; 0x80018d <front>
    11fe:	90 91 8e 01 	lds	r25, 0x018E	; 0x80018e <front+0x1>
    1202:	20 e5       	ldi	r18, 0x50	; 80
    1204:	28 9f       	mul	r18, r24
    1206:	f0 01       	movw	r30, r0
    1208:	29 9f       	mul	r18, r25
    120a:	f0 0d       	add	r31, r0
    120c:	11 24       	eor	r1, r1
    120e:	ef 56       	subi	r30, 0x6F	; 111
    1210:	fe 4f       	sbci	r31, 0xFE	; 254
    1212:	80 81       	ld	r24, Z
    1214:	82 37       	cpi	r24, 0x72	; 114
			turn_right(700);
    1216:	21 f4       	brne	.+8      	; 0x1220 <pc_command_processing+0xde>
    1218:	8c eb       	ldi	r24, 0xBC	; 188
    121a:	92 e0       	ldi	r25, 0x02	; 2
    121c:	cb de       	rcall	.-618    	; 0xfb4 <turn_right>
    121e:	14 c0       	rjmp	.+40     	; 0x1248 <pc_command_processing+0x106>
		}
		else if (strncmp((const char *)rx_buff[front], "s", 1) == 0) {
    1220:	80 91 8d 01 	lds	r24, 0x018D	; 0x80018d <front>
    1224:	90 91 8e 01 	lds	r25, 0x018E	; 0x80018e <front+0x1>
    1228:	20 e5       	ldi	r18, 0x50	; 80
    122a:	28 9f       	mul	r18, r24
    122c:	f0 01       	movw	r30, r0
    122e:	29 9f       	mul	r18, r25
    1230:	f0 0d       	add	r31, r0
    1232:	11 24       	eor	r1, r1
    1234:	ef 56       	subi	r30, 0x6F	; 111
    1236:	fe 4f       	sbci	r31, 0xFE	; 254
    1238:	80 81       	ld	r24, Z
    123a:	83 37       	cpi	r24, 0x73	; 115
			stop();
    123c:	11 f4       	brne	.+4      	; 0x1242 <pc_command_processing+0x100>
    123e:	c8 de       	rcall	.-624    	; 0xfd0 <stop>
    1240:	03 c0       	rjmp	.+6      	; 0x1248 <pc_command_processing+0x106>
		}
		else {
			printf("unknown cmd\r\n");
    1242:	8c e4       	ldi	r24, 0x4C	; 76
    1244:	91 e0       	ldi	r25, 0x01	; 1
    1246:	50 d2       	rcall	.+1184   	; 0x16e8 <puts>
    1248:	80 91 8d 01 	lds	r24, 0x018D	; 0x80018d <front>
		}

		front = (front+1) % QUEUE_SIZE;
    124c:	90 91 8e 01 	lds	r25, 0x018E	; 0x80018e <front+0x1>
    1250:	01 96       	adiw	r24, 0x01	; 1
    1252:	6a e0       	ldi	r22, 0x0A	; 10
    1254:	70 e0       	ldi	r23, 0x00	; 0
    1256:	e8 d1       	rcall	.+976    	; 0x1628 <__divmodhi4>
    1258:	90 93 8e 01 	sts	0x018E, r25	; 0x80018e <front+0x1>
    125c:	80 93 8d 01 	sts	0x018D, r24	; 0x80018d <front>
    1260:	cf 91       	pop	r28
	}
    1262:	08 95       	ret

00001264 <init_uart1>:
2. start/stop 설정
3. RX(수신): interrupt 로 설정

*/
void init_uart1(void){
	UBRR1H = 0x00;
    1264:	10 92 98 00 	sts	0x0098, r1	; 0x800098 <__TEXT_REGION_LENGTH__+0x7e0098>
	UBRR1L = 207;			// 9600bps, 표 8-9
    1268:	8f ec       	ldi	r24, 0xCF	; 207
    126a:	80 93 99 00 	sts	0x0099, r24	; 0x800099 <__TEXT_REGION_LENGTH__+0x7e0099>
	UCSR1A |= 1 << U2X1;	// 2배속 설정
    126e:	eb e9       	ldi	r30, 0x9B	; 155
    1270:	f0 e0       	ldi	r31, 0x00	; 0
    1272:	80 81       	ld	r24, Z
    1274:	82 60       	ori	r24, 0x02	; 2
    1276:	80 83       	st	Z, r24
	// UART1 송신, 수신이 모두 가능하도록 RX Interrupt가 가능하도록 설정.
	UCSR1B |= 1 << RXEN1 | 1 << TXEN1 | 1 << RXCIE1; // RXCIE: RX complete interrupt enable
    1278:	ea e9       	ldi	r30, 0x9A	; 154
    127a:	f0 e0       	ldi	r31, 0x00	; 0
    127c:	80 81       	ld	r24, Z
    127e:	88 69       	ori	r24, 0x98	; 152
    1280:	80 83       	st	Z, r24
    1282:	08 95       	ret

00001284 <UART1_transmit>:
}

// UART1로 1byte 전송하는 함수
void UART1_transmit(uint8_t data)
{
	while( !(UCSR1A & (1 << UDRE1))); // no operation -> data가 송신중이면 송신이 끝날 때까지 기다림
    1284:	90 91 9b 00 	lds	r25, 0x009B	; 0x80009b <__TEXT_REGION_LENGTH__+0x7e009b>
    1288:	95 ff       	sbrs	r25, 5
    128a:	fc cf       	rjmp	.-8      	; 0x1284 <UART1_transmit>

	UDR1 = data;			// HW 전송 register에 data를 송신한다.
    128c:	80 93 9c 00 	sts	0x009C, r24	; 0x80009c <__TEXT_REGION_LENGTH__+0x7e009c>
    1290:	08 95       	ret

00001292 <__vector_30>:

// p.278 표 12-3
// bluetooth(bt)로부터 1byte 들어오면 자동으로 이곳에 진입

ISR(USART1_RX_vect)
{
    1292:	1f 92       	push	r1
    1294:	0f 92       	push	r0
    1296:	0f b6       	in	r0, 0x3f	; 63
    1298:	0f 92       	push	r0
    129a:	11 24       	eor	r1, r1
    129c:	0b b6       	in	r0, 0x3b	; 59
    129e:	0f 92       	push	r0
    12a0:	2f 93       	push	r18
    12a2:	3f 93       	push	r19
    12a4:	4f 93       	push	r20
    12a6:	5f 93       	push	r21
    12a8:	6f 93       	push	r22
    12aa:	7f 93       	push	r23
    12ac:	8f 93       	push	r24
    12ae:	9f 93       	push	r25
    12b0:	af 93       	push	r26
    12b2:	bf 93       	push	r27
    12b4:	ef 93       	push	r30
    12b6:	ff 93       	push	r31
	// interrupt 쓰는 변수는 volatile로 해야함
	// UDR0를 data에 복사하는 순간 UDR0의 내용은 없어지므로, 데이터가 '이동'한다고 생각해도 무방함
	bt_data = UDR1;
    12b8:	80 91 9c 00 	lds	r24, 0x009C	; 0x80009c <__TEXT_REGION_LENGTH__+0x7e009c>
    12bc:	80 93 b1 04 	sts	0x04B1, r24	; 0x8004b1 <bt_data>
	// UART0_transmit('[');
	UART1_transmit(bt_data);	// BT로부터 들어온 byte를 확인하기 위해 comport로 출력
    12c0:	80 91 b1 04 	lds	r24, 0x04B1	; 0x8004b1 <bt_data>
    12c4:	df df       	rcall	.-66     	; 0x1284 <UART1_transmit>
	//UART0_transmit(']');
	
	
}
    12c6:	ff 91       	pop	r31
    12c8:	ef 91       	pop	r30
    12ca:	bf 91       	pop	r27
    12cc:	af 91       	pop	r26
    12ce:	9f 91       	pop	r25
    12d0:	8f 91       	pop	r24
    12d2:	7f 91       	pop	r23
    12d4:	6f 91       	pop	r22
    12d6:	5f 91       	pop	r21
    12d8:	4f 91       	pop	r20
    12da:	3f 91       	pop	r19
    12dc:	2f 91       	pop	r18
    12de:	0f 90       	pop	r0
    12e0:	0b be       	out	0x3b, r0	; 59
    12e2:	0f 90       	pop	r0
    12e4:	0f be       	out	0x3f, r0	; 63
    12e6:	0f 90       	pop	r0
    12e8:	1f 90       	pop	r1
    12ea:	18 95       	reti

000012ec <__divsf3>:
    12ec:	0c d0       	rcall	.+24     	; 0x1306 <__divsf3x>
    12ee:	eb c0       	rjmp	.+470    	; 0x14c6 <__fp_round>
    12f0:	e3 d0       	rcall	.+454    	; 0x14b8 <__fp_pscB>
    12f2:	40 f0       	brcs	.+16     	; 0x1304 <__divsf3+0x18>
    12f4:	da d0       	rcall	.+436    	; 0x14aa <__fp_pscA>
    12f6:	30 f0       	brcs	.+12     	; 0x1304 <__divsf3+0x18>
    12f8:	21 f4       	brne	.+8      	; 0x1302 <__divsf3+0x16>
    12fa:	5f 3f       	cpi	r21, 0xFF	; 255
    12fc:	19 f0       	breq	.+6      	; 0x1304 <__divsf3+0x18>
    12fe:	cc c0       	rjmp	.+408    	; 0x1498 <__fp_inf>
    1300:	51 11       	cpse	r21, r1
    1302:	15 c1       	rjmp	.+554    	; 0x152e <__fp_szero>
    1304:	cf c0       	rjmp	.+414    	; 0x14a4 <__fp_nan>

00001306 <__divsf3x>:
    1306:	f0 d0       	rcall	.+480    	; 0x14e8 <__fp_split3>
    1308:	98 f3       	brcs	.-26     	; 0x12f0 <__divsf3+0x4>

0000130a <__divsf3_pse>:
    130a:	99 23       	and	r25, r25
    130c:	c9 f3       	breq	.-14     	; 0x1300 <__divsf3+0x14>
    130e:	55 23       	and	r21, r21
    1310:	b1 f3       	breq	.-20     	; 0x12fe <__divsf3+0x12>
    1312:	95 1b       	sub	r25, r21
    1314:	55 0b       	sbc	r21, r21
    1316:	bb 27       	eor	r27, r27
    1318:	aa 27       	eor	r26, r26
    131a:	62 17       	cp	r22, r18
    131c:	73 07       	cpc	r23, r19
    131e:	84 07       	cpc	r24, r20
    1320:	38 f0       	brcs	.+14     	; 0x1330 <__divsf3_pse+0x26>
    1322:	9f 5f       	subi	r25, 0xFF	; 255
    1324:	5f 4f       	sbci	r21, 0xFF	; 255
    1326:	22 0f       	add	r18, r18
    1328:	33 1f       	adc	r19, r19
    132a:	44 1f       	adc	r20, r20
    132c:	aa 1f       	adc	r26, r26
    132e:	a9 f3       	breq	.-22     	; 0x131a <__divsf3_pse+0x10>
    1330:	33 d0       	rcall	.+102    	; 0x1398 <__divsf3_pse+0x8e>
    1332:	0e 2e       	mov	r0, r30
    1334:	3a f0       	brmi	.+14     	; 0x1344 <__divsf3_pse+0x3a>
    1336:	e0 e8       	ldi	r30, 0x80	; 128
    1338:	30 d0       	rcall	.+96     	; 0x139a <__divsf3_pse+0x90>
    133a:	91 50       	subi	r25, 0x01	; 1
    133c:	50 40       	sbci	r21, 0x00	; 0
    133e:	e6 95       	lsr	r30
    1340:	00 1c       	adc	r0, r0
    1342:	ca f7       	brpl	.-14     	; 0x1336 <__divsf3_pse+0x2c>
    1344:	29 d0       	rcall	.+82     	; 0x1398 <__divsf3_pse+0x8e>
    1346:	fe 2f       	mov	r31, r30
    1348:	27 d0       	rcall	.+78     	; 0x1398 <__divsf3_pse+0x8e>
    134a:	66 0f       	add	r22, r22
    134c:	77 1f       	adc	r23, r23
    134e:	88 1f       	adc	r24, r24
    1350:	bb 1f       	adc	r27, r27
    1352:	26 17       	cp	r18, r22
    1354:	37 07       	cpc	r19, r23
    1356:	48 07       	cpc	r20, r24
    1358:	ab 07       	cpc	r26, r27
    135a:	b0 e8       	ldi	r27, 0x80	; 128
    135c:	09 f0       	breq	.+2      	; 0x1360 <__divsf3_pse+0x56>
    135e:	bb 0b       	sbc	r27, r27
    1360:	80 2d       	mov	r24, r0
    1362:	bf 01       	movw	r22, r30
    1364:	ff 27       	eor	r31, r31
    1366:	93 58       	subi	r25, 0x83	; 131
    1368:	5f 4f       	sbci	r21, 0xFF	; 255
    136a:	2a f0       	brmi	.+10     	; 0x1376 <__divsf3_pse+0x6c>
    136c:	9e 3f       	cpi	r25, 0xFE	; 254
    136e:	51 05       	cpc	r21, r1
    1370:	68 f0       	brcs	.+26     	; 0x138c <__divsf3_pse+0x82>
    1372:	92 c0       	rjmp	.+292    	; 0x1498 <__fp_inf>
    1374:	dc c0       	rjmp	.+440    	; 0x152e <__fp_szero>
    1376:	5f 3f       	cpi	r21, 0xFF	; 255
    1378:	ec f3       	brlt	.-6      	; 0x1374 <__divsf3_pse+0x6a>
    137a:	98 3e       	cpi	r25, 0xE8	; 232
    137c:	dc f3       	brlt	.-10     	; 0x1374 <__divsf3_pse+0x6a>
    137e:	86 95       	lsr	r24
    1380:	77 95       	ror	r23
    1382:	67 95       	ror	r22
    1384:	b7 95       	ror	r27
    1386:	f7 95       	ror	r31
    1388:	9f 5f       	subi	r25, 0xFF	; 255
    138a:	c9 f7       	brne	.-14     	; 0x137e <__divsf3_pse+0x74>
    138c:	88 0f       	add	r24, r24
    138e:	91 1d       	adc	r25, r1
    1390:	96 95       	lsr	r25
    1392:	87 95       	ror	r24
    1394:	97 f9       	bld	r25, 7
    1396:	08 95       	ret
    1398:	e1 e0       	ldi	r30, 0x01	; 1
    139a:	66 0f       	add	r22, r22
    139c:	77 1f       	adc	r23, r23
    139e:	88 1f       	adc	r24, r24
    13a0:	bb 1f       	adc	r27, r27
    13a2:	62 17       	cp	r22, r18
    13a4:	73 07       	cpc	r23, r19
    13a6:	84 07       	cpc	r24, r20
    13a8:	ba 07       	cpc	r27, r26
    13aa:	20 f0       	brcs	.+8      	; 0x13b4 <__divsf3_pse+0xaa>
    13ac:	62 1b       	sub	r22, r18
    13ae:	73 0b       	sbc	r23, r19
    13b0:	84 0b       	sbc	r24, r20
    13b2:	ba 0b       	sbc	r27, r26
    13b4:	ee 1f       	adc	r30, r30
    13b6:	88 f7       	brcc	.-30     	; 0x139a <__divsf3_pse+0x90>
    13b8:	e0 95       	com	r30
    13ba:	08 95       	ret

000013bc <__fixsfsi>:
    13bc:	04 d0       	rcall	.+8      	; 0x13c6 <__fixunssfsi>
    13be:	68 94       	set
    13c0:	b1 11       	cpse	r27, r1
    13c2:	b5 c0       	rjmp	.+362    	; 0x152e <__fp_szero>
    13c4:	08 95       	ret

000013c6 <__fixunssfsi>:
    13c6:	98 d0       	rcall	.+304    	; 0x14f8 <__fp_splitA>
    13c8:	88 f0       	brcs	.+34     	; 0x13ec <__fixunssfsi+0x26>
    13ca:	9f 57       	subi	r25, 0x7F	; 127
    13cc:	90 f0       	brcs	.+36     	; 0x13f2 <__fixunssfsi+0x2c>
    13ce:	b9 2f       	mov	r27, r25
    13d0:	99 27       	eor	r25, r25
    13d2:	b7 51       	subi	r27, 0x17	; 23
    13d4:	a0 f0       	brcs	.+40     	; 0x13fe <__fixunssfsi+0x38>
    13d6:	d1 f0       	breq	.+52     	; 0x140c <__fixunssfsi+0x46>
    13d8:	66 0f       	add	r22, r22
    13da:	77 1f       	adc	r23, r23
    13dc:	88 1f       	adc	r24, r24
    13de:	99 1f       	adc	r25, r25
    13e0:	1a f0       	brmi	.+6      	; 0x13e8 <__fixunssfsi+0x22>
    13e2:	ba 95       	dec	r27
    13e4:	c9 f7       	brne	.-14     	; 0x13d8 <__fixunssfsi+0x12>
    13e6:	12 c0       	rjmp	.+36     	; 0x140c <__fixunssfsi+0x46>
    13e8:	b1 30       	cpi	r27, 0x01	; 1
    13ea:	81 f0       	breq	.+32     	; 0x140c <__fixunssfsi+0x46>
    13ec:	9f d0       	rcall	.+318    	; 0x152c <__fp_zero>
    13ee:	b1 e0       	ldi	r27, 0x01	; 1
    13f0:	08 95       	ret
    13f2:	9c c0       	rjmp	.+312    	; 0x152c <__fp_zero>
    13f4:	67 2f       	mov	r22, r23
    13f6:	78 2f       	mov	r23, r24
    13f8:	88 27       	eor	r24, r24
    13fa:	b8 5f       	subi	r27, 0xF8	; 248
    13fc:	39 f0       	breq	.+14     	; 0x140c <__fixunssfsi+0x46>
    13fe:	b9 3f       	cpi	r27, 0xF9	; 249
    1400:	cc f3       	brlt	.-14     	; 0x13f4 <__fixunssfsi+0x2e>
    1402:	86 95       	lsr	r24
    1404:	77 95       	ror	r23
    1406:	67 95       	ror	r22
    1408:	b3 95       	inc	r27
    140a:	d9 f7       	brne	.-10     	; 0x1402 <__fixunssfsi+0x3c>
    140c:	3e f4       	brtc	.+14     	; 0x141c <__fixunssfsi+0x56>
    140e:	90 95       	com	r25
    1410:	80 95       	com	r24
    1412:	70 95       	com	r23
    1414:	61 95       	neg	r22
    1416:	7f 4f       	sbci	r23, 0xFF	; 255
    1418:	8f 4f       	sbci	r24, 0xFF	; 255
    141a:	9f 4f       	sbci	r25, 0xFF	; 255
    141c:	08 95       	ret

0000141e <__floatunsisf>:
    141e:	e8 94       	clt
    1420:	09 c0       	rjmp	.+18     	; 0x1434 <__floatsisf+0x12>

00001422 <__floatsisf>:
    1422:	97 fb       	bst	r25, 7
    1424:	3e f4       	brtc	.+14     	; 0x1434 <__floatsisf+0x12>
    1426:	90 95       	com	r25
    1428:	80 95       	com	r24
    142a:	70 95       	com	r23
    142c:	61 95       	neg	r22
    142e:	7f 4f       	sbci	r23, 0xFF	; 255
    1430:	8f 4f       	sbci	r24, 0xFF	; 255
    1432:	9f 4f       	sbci	r25, 0xFF	; 255
    1434:	99 23       	and	r25, r25
    1436:	a9 f0       	breq	.+42     	; 0x1462 <__floatsisf+0x40>
    1438:	f9 2f       	mov	r31, r25
    143a:	96 e9       	ldi	r25, 0x96	; 150
    143c:	bb 27       	eor	r27, r27
    143e:	93 95       	inc	r25
    1440:	f6 95       	lsr	r31
    1442:	87 95       	ror	r24
    1444:	77 95       	ror	r23
    1446:	67 95       	ror	r22
    1448:	b7 95       	ror	r27
    144a:	f1 11       	cpse	r31, r1
    144c:	f8 cf       	rjmp	.-16     	; 0x143e <__floatsisf+0x1c>
    144e:	fa f4       	brpl	.+62     	; 0x148e <__floatsisf+0x6c>
    1450:	bb 0f       	add	r27, r27
    1452:	11 f4       	brne	.+4      	; 0x1458 <__floatsisf+0x36>
    1454:	60 ff       	sbrs	r22, 0
    1456:	1b c0       	rjmp	.+54     	; 0x148e <__floatsisf+0x6c>
    1458:	6f 5f       	subi	r22, 0xFF	; 255
    145a:	7f 4f       	sbci	r23, 0xFF	; 255
    145c:	8f 4f       	sbci	r24, 0xFF	; 255
    145e:	9f 4f       	sbci	r25, 0xFF	; 255
    1460:	16 c0       	rjmp	.+44     	; 0x148e <__floatsisf+0x6c>
    1462:	88 23       	and	r24, r24
    1464:	11 f0       	breq	.+4      	; 0x146a <__floatsisf+0x48>
    1466:	96 e9       	ldi	r25, 0x96	; 150
    1468:	11 c0       	rjmp	.+34     	; 0x148c <__floatsisf+0x6a>
    146a:	77 23       	and	r23, r23
    146c:	21 f0       	breq	.+8      	; 0x1476 <__floatsisf+0x54>
    146e:	9e e8       	ldi	r25, 0x8E	; 142
    1470:	87 2f       	mov	r24, r23
    1472:	76 2f       	mov	r23, r22
    1474:	05 c0       	rjmp	.+10     	; 0x1480 <__floatsisf+0x5e>
    1476:	66 23       	and	r22, r22
    1478:	71 f0       	breq	.+28     	; 0x1496 <__floatsisf+0x74>
    147a:	96 e8       	ldi	r25, 0x86	; 134
    147c:	86 2f       	mov	r24, r22
    147e:	70 e0       	ldi	r23, 0x00	; 0
    1480:	60 e0       	ldi	r22, 0x00	; 0
    1482:	2a f0       	brmi	.+10     	; 0x148e <__floatsisf+0x6c>
    1484:	9a 95       	dec	r25
    1486:	66 0f       	add	r22, r22
    1488:	77 1f       	adc	r23, r23
    148a:	88 1f       	adc	r24, r24
    148c:	da f7       	brpl	.-10     	; 0x1484 <__floatsisf+0x62>
    148e:	88 0f       	add	r24, r24
    1490:	96 95       	lsr	r25
    1492:	87 95       	ror	r24
    1494:	97 f9       	bld	r25, 7
    1496:	08 95       	ret

00001498 <__fp_inf>:
    1498:	97 f9       	bld	r25, 7
    149a:	9f 67       	ori	r25, 0x7F	; 127
    149c:	80 e8       	ldi	r24, 0x80	; 128
    149e:	70 e0       	ldi	r23, 0x00	; 0
    14a0:	60 e0       	ldi	r22, 0x00	; 0
    14a2:	08 95       	ret

000014a4 <__fp_nan>:
    14a4:	9f ef       	ldi	r25, 0xFF	; 255
    14a6:	80 ec       	ldi	r24, 0xC0	; 192
    14a8:	08 95       	ret

000014aa <__fp_pscA>:
    14aa:	00 24       	eor	r0, r0
    14ac:	0a 94       	dec	r0
    14ae:	16 16       	cp	r1, r22
    14b0:	17 06       	cpc	r1, r23
    14b2:	18 06       	cpc	r1, r24
    14b4:	09 06       	cpc	r0, r25
    14b6:	08 95       	ret

000014b8 <__fp_pscB>:
    14b8:	00 24       	eor	r0, r0
    14ba:	0a 94       	dec	r0
    14bc:	12 16       	cp	r1, r18
    14be:	13 06       	cpc	r1, r19
    14c0:	14 06       	cpc	r1, r20
    14c2:	05 06       	cpc	r0, r21
    14c4:	08 95       	ret

000014c6 <__fp_round>:
    14c6:	09 2e       	mov	r0, r25
    14c8:	03 94       	inc	r0
    14ca:	00 0c       	add	r0, r0
    14cc:	11 f4       	brne	.+4      	; 0x14d2 <__fp_round+0xc>
    14ce:	88 23       	and	r24, r24
    14d0:	52 f0       	brmi	.+20     	; 0x14e6 <__fp_round+0x20>
    14d2:	bb 0f       	add	r27, r27
    14d4:	40 f4       	brcc	.+16     	; 0x14e6 <__fp_round+0x20>
    14d6:	bf 2b       	or	r27, r31
    14d8:	11 f4       	brne	.+4      	; 0x14de <__fp_round+0x18>
    14da:	60 ff       	sbrs	r22, 0
    14dc:	04 c0       	rjmp	.+8      	; 0x14e6 <__fp_round+0x20>
    14de:	6f 5f       	subi	r22, 0xFF	; 255
    14e0:	7f 4f       	sbci	r23, 0xFF	; 255
    14e2:	8f 4f       	sbci	r24, 0xFF	; 255
    14e4:	9f 4f       	sbci	r25, 0xFF	; 255
    14e6:	08 95       	ret

000014e8 <__fp_split3>:
    14e8:	57 fd       	sbrc	r21, 7
    14ea:	90 58       	subi	r25, 0x80	; 128
    14ec:	44 0f       	add	r20, r20
    14ee:	55 1f       	adc	r21, r21
    14f0:	59 f0       	breq	.+22     	; 0x1508 <__fp_splitA+0x10>
    14f2:	5f 3f       	cpi	r21, 0xFF	; 255
    14f4:	71 f0       	breq	.+28     	; 0x1512 <__fp_splitA+0x1a>
    14f6:	47 95       	ror	r20

000014f8 <__fp_splitA>:
    14f8:	88 0f       	add	r24, r24
    14fa:	97 fb       	bst	r25, 7
    14fc:	99 1f       	adc	r25, r25
    14fe:	61 f0       	breq	.+24     	; 0x1518 <__fp_splitA+0x20>
    1500:	9f 3f       	cpi	r25, 0xFF	; 255
    1502:	79 f0       	breq	.+30     	; 0x1522 <__fp_splitA+0x2a>
    1504:	87 95       	ror	r24
    1506:	08 95       	ret
    1508:	12 16       	cp	r1, r18
    150a:	13 06       	cpc	r1, r19
    150c:	14 06       	cpc	r1, r20
    150e:	55 1f       	adc	r21, r21
    1510:	f2 cf       	rjmp	.-28     	; 0x14f6 <__fp_split3+0xe>
    1512:	46 95       	lsr	r20
    1514:	f1 df       	rcall	.-30     	; 0x14f8 <__fp_splitA>
    1516:	08 c0       	rjmp	.+16     	; 0x1528 <__fp_splitA+0x30>
    1518:	16 16       	cp	r1, r22
    151a:	17 06       	cpc	r1, r23
    151c:	18 06       	cpc	r1, r24
    151e:	99 1f       	adc	r25, r25
    1520:	f1 cf       	rjmp	.-30     	; 0x1504 <__fp_splitA+0xc>
    1522:	86 95       	lsr	r24
    1524:	71 05       	cpc	r23, r1
    1526:	61 05       	cpc	r22, r1
    1528:	08 94       	sec
    152a:	08 95       	ret

0000152c <__fp_zero>:
    152c:	e8 94       	clt

0000152e <__fp_szero>:
    152e:	bb 27       	eor	r27, r27
    1530:	66 27       	eor	r22, r22
    1532:	77 27       	eor	r23, r23
    1534:	cb 01       	movw	r24, r22
    1536:	97 f9       	bld	r25, 7
    1538:	08 95       	ret

0000153a <__mulsf3>:
    153a:	0b d0       	rcall	.+22     	; 0x1552 <__mulsf3x>
    153c:	c4 cf       	rjmp	.-120    	; 0x14c6 <__fp_round>
    153e:	b5 df       	rcall	.-150    	; 0x14aa <__fp_pscA>
    1540:	28 f0       	brcs	.+10     	; 0x154c <__mulsf3+0x12>
    1542:	ba df       	rcall	.-140    	; 0x14b8 <__fp_pscB>
    1544:	18 f0       	brcs	.+6      	; 0x154c <__mulsf3+0x12>
    1546:	95 23       	and	r25, r21
    1548:	09 f0       	breq	.+2      	; 0x154c <__mulsf3+0x12>
    154a:	a6 cf       	rjmp	.-180    	; 0x1498 <__fp_inf>
    154c:	ab cf       	rjmp	.-170    	; 0x14a4 <__fp_nan>
    154e:	11 24       	eor	r1, r1
    1550:	ee cf       	rjmp	.-36     	; 0x152e <__fp_szero>

00001552 <__mulsf3x>:
    1552:	ca df       	rcall	.-108    	; 0x14e8 <__fp_split3>
    1554:	a0 f3       	brcs	.-24     	; 0x153e <__mulsf3+0x4>

00001556 <__mulsf3_pse>:
    1556:	95 9f       	mul	r25, r21
    1558:	d1 f3       	breq	.-12     	; 0x154e <__mulsf3+0x14>
    155a:	95 0f       	add	r25, r21
    155c:	50 e0       	ldi	r21, 0x00	; 0
    155e:	55 1f       	adc	r21, r21
    1560:	62 9f       	mul	r22, r18
    1562:	f0 01       	movw	r30, r0
    1564:	72 9f       	mul	r23, r18
    1566:	bb 27       	eor	r27, r27
    1568:	f0 0d       	add	r31, r0
    156a:	b1 1d       	adc	r27, r1
    156c:	63 9f       	mul	r22, r19
    156e:	aa 27       	eor	r26, r26
    1570:	f0 0d       	add	r31, r0
    1572:	b1 1d       	adc	r27, r1
    1574:	aa 1f       	adc	r26, r26
    1576:	64 9f       	mul	r22, r20
    1578:	66 27       	eor	r22, r22
    157a:	b0 0d       	add	r27, r0
    157c:	a1 1d       	adc	r26, r1
    157e:	66 1f       	adc	r22, r22
    1580:	82 9f       	mul	r24, r18
    1582:	22 27       	eor	r18, r18
    1584:	b0 0d       	add	r27, r0
    1586:	a1 1d       	adc	r26, r1
    1588:	62 1f       	adc	r22, r18
    158a:	73 9f       	mul	r23, r19
    158c:	b0 0d       	add	r27, r0
    158e:	a1 1d       	adc	r26, r1
    1590:	62 1f       	adc	r22, r18
    1592:	83 9f       	mul	r24, r19
    1594:	a0 0d       	add	r26, r0
    1596:	61 1d       	adc	r22, r1
    1598:	22 1f       	adc	r18, r18
    159a:	74 9f       	mul	r23, r20
    159c:	33 27       	eor	r19, r19
    159e:	a0 0d       	add	r26, r0
    15a0:	61 1d       	adc	r22, r1
    15a2:	23 1f       	adc	r18, r19
    15a4:	84 9f       	mul	r24, r20
    15a6:	60 0d       	add	r22, r0
    15a8:	21 1d       	adc	r18, r1
    15aa:	82 2f       	mov	r24, r18
    15ac:	76 2f       	mov	r23, r22
    15ae:	6a 2f       	mov	r22, r26
    15b0:	11 24       	eor	r1, r1
    15b2:	9f 57       	subi	r25, 0x7F	; 127
    15b4:	50 40       	sbci	r21, 0x00	; 0
    15b6:	8a f0       	brmi	.+34     	; 0x15da <__mulsf3_pse+0x84>
    15b8:	e1 f0       	breq	.+56     	; 0x15f2 <__mulsf3_pse+0x9c>
    15ba:	88 23       	and	r24, r24
    15bc:	4a f0       	brmi	.+18     	; 0x15d0 <__mulsf3_pse+0x7a>
    15be:	ee 0f       	add	r30, r30
    15c0:	ff 1f       	adc	r31, r31
    15c2:	bb 1f       	adc	r27, r27
    15c4:	66 1f       	adc	r22, r22
    15c6:	77 1f       	adc	r23, r23
    15c8:	88 1f       	adc	r24, r24
    15ca:	91 50       	subi	r25, 0x01	; 1
    15cc:	50 40       	sbci	r21, 0x00	; 0
    15ce:	a9 f7       	brne	.-22     	; 0x15ba <__mulsf3_pse+0x64>
    15d0:	9e 3f       	cpi	r25, 0xFE	; 254
    15d2:	51 05       	cpc	r21, r1
    15d4:	70 f0       	brcs	.+28     	; 0x15f2 <__mulsf3_pse+0x9c>
    15d6:	60 cf       	rjmp	.-320    	; 0x1498 <__fp_inf>
    15d8:	aa cf       	rjmp	.-172    	; 0x152e <__fp_szero>
    15da:	5f 3f       	cpi	r21, 0xFF	; 255
    15dc:	ec f3       	brlt	.-6      	; 0x15d8 <__mulsf3_pse+0x82>
    15de:	98 3e       	cpi	r25, 0xE8	; 232
    15e0:	dc f3       	brlt	.-10     	; 0x15d8 <__mulsf3_pse+0x82>
    15e2:	86 95       	lsr	r24
    15e4:	77 95       	ror	r23
    15e6:	67 95       	ror	r22
    15e8:	b7 95       	ror	r27
    15ea:	f7 95       	ror	r31
    15ec:	e7 95       	ror	r30
    15ee:	9f 5f       	subi	r25, 0xFF	; 255
    15f0:	c1 f7       	brne	.-16     	; 0x15e2 <__mulsf3_pse+0x8c>
    15f2:	fe 2b       	or	r31, r30
    15f4:	88 0f       	add	r24, r24
    15f6:	91 1d       	adc	r25, r1
    15f8:	96 95       	lsr	r25
    15fa:	87 95       	ror	r24
    15fc:	97 f9       	bld	r25, 7
    15fe:	08 95       	ret

00001600 <__udivmodhi4>:
    1600:	aa 1b       	sub	r26, r26
    1602:	bb 1b       	sub	r27, r27
    1604:	51 e1       	ldi	r21, 0x11	; 17
    1606:	07 c0       	rjmp	.+14     	; 0x1616 <__udivmodhi4_ep>

00001608 <__udivmodhi4_loop>:
    1608:	aa 1f       	adc	r26, r26
    160a:	bb 1f       	adc	r27, r27
    160c:	a6 17       	cp	r26, r22
    160e:	b7 07       	cpc	r27, r23
    1610:	10 f0       	brcs	.+4      	; 0x1616 <__udivmodhi4_ep>
    1612:	a6 1b       	sub	r26, r22
    1614:	b7 0b       	sbc	r27, r23

00001616 <__udivmodhi4_ep>:
    1616:	88 1f       	adc	r24, r24
    1618:	99 1f       	adc	r25, r25
    161a:	5a 95       	dec	r21
    161c:	a9 f7       	brne	.-22     	; 0x1608 <__udivmodhi4_loop>
    161e:	80 95       	com	r24
    1620:	90 95       	com	r25
    1622:	bc 01       	movw	r22, r24
    1624:	cd 01       	movw	r24, r26
    1626:	08 95       	ret

00001628 <__divmodhi4>:
    1628:	97 fb       	bst	r25, 7
    162a:	07 2e       	mov	r0, r23
    162c:	16 f4       	brtc	.+4      	; 0x1632 <__divmodhi4+0xa>
    162e:	00 94       	com	r0
    1630:	06 d0       	rcall	.+12     	; 0x163e <__divmodhi4_neg1>
    1632:	77 fd       	sbrc	r23, 7
    1634:	08 d0       	rcall	.+16     	; 0x1646 <__divmodhi4_neg2>
    1636:	e4 df       	rcall	.-56     	; 0x1600 <__udivmodhi4>
    1638:	07 fc       	sbrc	r0, 7
    163a:	05 d0       	rcall	.+10     	; 0x1646 <__divmodhi4_neg2>
    163c:	3e f4       	brtc	.+14     	; 0x164c <__divmodhi4_exit>

0000163e <__divmodhi4_neg1>:
    163e:	90 95       	com	r25
    1640:	81 95       	neg	r24
    1642:	9f 4f       	sbci	r25, 0xFF	; 255
    1644:	08 95       	ret

00001646 <__divmodhi4_neg2>:
    1646:	70 95       	com	r23
    1648:	61 95       	neg	r22
    164a:	7f 4f       	sbci	r23, 0xFF	; 255

0000164c <__divmodhi4_exit>:
    164c:	08 95       	ret

0000164e <__udivmodsi4>:
    164e:	a1 e2       	ldi	r26, 0x21	; 33
    1650:	1a 2e       	mov	r1, r26
    1652:	aa 1b       	sub	r26, r26
    1654:	bb 1b       	sub	r27, r27
    1656:	fd 01       	movw	r30, r26
    1658:	0d c0       	rjmp	.+26     	; 0x1674 <__udivmodsi4_ep>

0000165a <__udivmodsi4_loop>:
    165a:	aa 1f       	adc	r26, r26
    165c:	bb 1f       	adc	r27, r27
    165e:	ee 1f       	adc	r30, r30
    1660:	ff 1f       	adc	r31, r31
    1662:	a2 17       	cp	r26, r18
    1664:	b3 07       	cpc	r27, r19
    1666:	e4 07       	cpc	r30, r20
    1668:	f5 07       	cpc	r31, r21
    166a:	20 f0       	brcs	.+8      	; 0x1674 <__udivmodsi4_ep>
    166c:	a2 1b       	sub	r26, r18
    166e:	b3 0b       	sbc	r27, r19
    1670:	e4 0b       	sbc	r30, r20
    1672:	f5 0b       	sbc	r31, r21

00001674 <__udivmodsi4_ep>:
    1674:	66 1f       	adc	r22, r22
    1676:	77 1f       	adc	r23, r23
    1678:	88 1f       	adc	r24, r24
    167a:	99 1f       	adc	r25, r25
    167c:	1a 94       	dec	r1
    167e:	69 f7       	brne	.-38     	; 0x165a <__udivmodsi4_loop>
    1680:	60 95       	com	r22
    1682:	70 95       	com	r23
    1684:	80 95       	com	r24
    1686:	90 95       	com	r25
    1688:	9b 01       	movw	r18, r22
    168a:	ac 01       	movw	r20, r24
    168c:	bd 01       	movw	r22, r26
    168e:	cf 01       	movw	r24, r30
    1690:	08 95       	ret

00001692 <__tablejump2__>:
    1692:	ee 0f       	add	r30, r30
    1694:	ff 1f       	adc	r31, r31
    1696:	00 24       	eor	r0, r0
    1698:	00 1c       	adc	r0, r0
    169a:	0b be       	out	0x3b, r0	; 59
    169c:	07 90       	elpm	r0, Z+
    169e:	f6 91       	elpm	r31, Z
    16a0:	e0 2d       	mov	r30, r0
    16a2:	09 94       	ijmp

000016a4 <__umulhisi3>:
    16a4:	a2 9f       	mul	r26, r18
    16a6:	b0 01       	movw	r22, r0
    16a8:	b3 9f       	mul	r27, r19
    16aa:	c0 01       	movw	r24, r0
    16ac:	a3 9f       	mul	r26, r19
    16ae:	70 0d       	add	r23, r0
    16b0:	81 1d       	adc	r24, r1
    16b2:	11 24       	eor	r1, r1
    16b4:	91 1d       	adc	r25, r1
    16b6:	b2 9f       	mul	r27, r18
    16b8:	70 0d       	add	r23, r0
    16ba:	81 1d       	adc	r24, r1
    16bc:	11 24       	eor	r1, r1
    16be:	91 1d       	adc	r25, r1
    16c0:	08 95       	ret

000016c2 <printf>:
    16c2:	cf 93       	push	r28
    16c4:	df 93       	push	r29
    16c6:	cd b7       	in	r28, 0x3d	; 61
    16c8:	de b7       	in	r29, 0x3e	; 62
    16ca:	ae 01       	movw	r20, r28
    16cc:	4b 5f       	subi	r20, 0xFB	; 251
    16ce:	5f 4f       	sbci	r21, 0xFF	; 255
    16d0:	fa 01       	movw	r30, r20
    16d2:	61 91       	ld	r22, Z+
    16d4:	71 91       	ld	r23, Z+
    16d6:	af 01       	movw	r20, r30
    16d8:	80 91 b4 04 	lds	r24, 0x04B4	; 0x8004b4 <__iob+0x2>
    16dc:	90 91 b5 04 	lds	r25, 0x04B5	; 0x8004b5 <__iob+0x3>
    16e0:	33 d0       	rcall	.+102    	; 0x1748 <vfprintf>
    16e2:	df 91       	pop	r29
    16e4:	cf 91       	pop	r28
    16e6:	08 95       	ret

000016e8 <puts>:
    16e8:	0f 93       	push	r16
    16ea:	1f 93       	push	r17
    16ec:	cf 93       	push	r28
    16ee:	df 93       	push	r29
    16f0:	e0 91 b4 04 	lds	r30, 0x04B4	; 0x8004b4 <__iob+0x2>
    16f4:	f0 91 b5 04 	lds	r31, 0x04B5	; 0x8004b5 <__iob+0x3>
    16f8:	23 81       	ldd	r18, Z+3	; 0x03
    16fa:	21 ff       	sbrs	r18, 1
    16fc:	1b c0       	rjmp	.+54     	; 0x1734 <puts+0x4c>
    16fe:	8c 01       	movw	r16, r24
    1700:	d0 e0       	ldi	r29, 0x00	; 0
    1702:	c0 e0       	ldi	r28, 0x00	; 0
    1704:	f8 01       	movw	r30, r16
    1706:	81 91       	ld	r24, Z+
    1708:	8f 01       	movw	r16, r30
    170a:	60 91 b4 04 	lds	r22, 0x04B4	; 0x8004b4 <__iob+0x2>
    170e:	70 91 b5 04 	lds	r23, 0x04B5	; 0x8004b5 <__iob+0x3>
    1712:	db 01       	movw	r26, r22
    1714:	18 96       	adiw	r26, 0x08	; 8
    1716:	ed 91       	ld	r30, X+
    1718:	fc 91       	ld	r31, X
    171a:	19 97       	sbiw	r26, 0x09	; 9
    171c:	88 23       	and	r24, r24
    171e:	31 f0       	breq	.+12     	; 0x172c <puts+0x44>
    1720:	09 95       	icall
    1722:	89 2b       	or	r24, r25
    1724:	79 f3       	breq	.-34     	; 0x1704 <puts+0x1c>
    1726:	df ef       	ldi	r29, 0xFF	; 255
    1728:	cf ef       	ldi	r28, 0xFF	; 255
    172a:	ec cf       	rjmp	.-40     	; 0x1704 <puts+0x1c>
    172c:	8a e0       	ldi	r24, 0x0A	; 10
    172e:	09 95       	icall
    1730:	89 2b       	or	r24, r25
    1732:	19 f0       	breq	.+6      	; 0x173a <puts+0x52>
    1734:	8f ef       	ldi	r24, 0xFF	; 255
    1736:	9f ef       	ldi	r25, 0xFF	; 255
    1738:	02 c0       	rjmp	.+4      	; 0x173e <puts+0x56>
    173a:	8d 2f       	mov	r24, r29
    173c:	9c 2f       	mov	r25, r28
    173e:	df 91       	pop	r29
    1740:	cf 91       	pop	r28
    1742:	1f 91       	pop	r17
    1744:	0f 91       	pop	r16
    1746:	08 95       	ret

00001748 <vfprintf>:
    1748:	2f 92       	push	r2
    174a:	3f 92       	push	r3
    174c:	4f 92       	push	r4
    174e:	5f 92       	push	r5
    1750:	6f 92       	push	r6
    1752:	7f 92       	push	r7
    1754:	8f 92       	push	r8
    1756:	9f 92       	push	r9
    1758:	af 92       	push	r10
    175a:	bf 92       	push	r11
    175c:	cf 92       	push	r12
    175e:	df 92       	push	r13
    1760:	ef 92       	push	r14
    1762:	ff 92       	push	r15
    1764:	0f 93       	push	r16
    1766:	1f 93       	push	r17
    1768:	cf 93       	push	r28
    176a:	df 93       	push	r29
    176c:	cd b7       	in	r28, 0x3d	; 61
    176e:	de b7       	in	r29, 0x3e	; 62
    1770:	2b 97       	sbiw	r28, 0x0b	; 11
    1772:	0f b6       	in	r0, 0x3f	; 63
    1774:	f8 94       	cli
    1776:	de bf       	out	0x3e, r29	; 62
    1778:	0f be       	out	0x3f, r0	; 63
    177a:	cd bf       	out	0x3d, r28	; 61
    177c:	6c 01       	movw	r12, r24
    177e:	7b 01       	movw	r14, r22
    1780:	8a 01       	movw	r16, r20
    1782:	fc 01       	movw	r30, r24
    1784:	17 82       	std	Z+7, r1	; 0x07
    1786:	16 82       	std	Z+6, r1	; 0x06
    1788:	83 81       	ldd	r24, Z+3	; 0x03
    178a:	81 ff       	sbrs	r24, 1
    178c:	bf c1       	rjmp	.+894    	; 0x1b0c <vfprintf+0x3c4>
    178e:	ce 01       	movw	r24, r28
    1790:	01 96       	adiw	r24, 0x01	; 1
    1792:	3c 01       	movw	r6, r24
    1794:	f6 01       	movw	r30, r12
    1796:	93 81       	ldd	r25, Z+3	; 0x03
    1798:	f7 01       	movw	r30, r14
    179a:	93 fd       	sbrc	r25, 3
    179c:	85 91       	lpm	r24, Z+
    179e:	93 ff       	sbrs	r25, 3
    17a0:	81 91       	ld	r24, Z+
    17a2:	7f 01       	movw	r14, r30
    17a4:	88 23       	and	r24, r24
    17a6:	09 f4       	brne	.+2      	; 0x17aa <vfprintf+0x62>
    17a8:	ad c1       	rjmp	.+858    	; 0x1b04 <vfprintf+0x3bc>
    17aa:	85 32       	cpi	r24, 0x25	; 37
    17ac:	39 f4       	brne	.+14     	; 0x17bc <vfprintf+0x74>
    17ae:	93 fd       	sbrc	r25, 3
    17b0:	85 91       	lpm	r24, Z+
    17b2:	93 ff       	sbrs	r25, 3
    17b4:	81 91       	ld	r24, Z+
    17b6:	7f 01       	movw	r14, r30
    17b8:	85 32       	cpi	r24, 0x25	; 37
    17ba:	21 f4       	brne	.+8      	; 0x17c4 <vfprintf+0x7c>
    17bc:	b6 01       	movw	r22, r12
    17be:	90 e0       	ldi	r25, 0x00	; 0
    17c0:	d6 d1       	rcall	.+940    	; 0x1b6e <fputc>
    17c2:	e8 cf       	rjmp	.-48     	; 0x1794 <vfprintf+0x4c>
    17c4:	91 2c       	mov	r9, r1
    17c6:	21 2c       	mov	r2, r1
    17c8:	31 2c       	mov	r3, r1
    17ca:	ff e1       	ldi	r31, 0x1F	; 31
    17cc:	f3 15       	cp	r31, r3
    17ce:	d8 f0       	brcs	.+54     	; 0x1806 <vfprintf+0xbe>
    17d0:	8b 32       	cpi	r24, 0x2B	; 43
    17d2:	79 f0       	breq	.+30     	; 0x17f2 <vfprintf+0xaa>
    17d4:	38 f4       	brcc	.+14     	; 0x17e4 <vfprintf+0x9c>
    17d6:	80 32       	cpi	r24, 0x20	; 32
    17d8:	79 f0       	breq	.+30     	; 0x17f8 <vfprintf+0xb0>
    17da:	83 32       	cpi	r24, 0x23	; 35
    17dc:	a1 f4       	brne	.+40     	; 0x1806 <vfprintf+0xbe>
    17de:	23 2d       	mov	r18, r3
    17e0:	20 61       	ori	r18, 0x10	; 16
    17e2:	1d c0       	rjmp	.+58     	; 0x181e <vfprintf+0xd6>
    17e4:	8d 32       	cpi	r24, 0x2D	; 45
    17e6:	61 f0       	breq	.+24     	; 0x1800 <vfprintf+0xb8>
    17e8:	80 33       	cpi	r24, 0x30	; 48
    17ea:	69 f4       	brne	.+26     	; 0x1806 <vfprintf+0xbe>
    17ec:	23 2d       	mov	r18, r3
    17ee:	21 60       	ori	r18, 0x01	; 1
    17f0:	16 c0       	rjmp	.+44     	; 0x181e <vfprintf+0xd6>
    17f2:	83 2d       	mov	r24, r3
    17f4:	82 60       	ori	r24, 0x02	; 2
    17f6:	38 2e       	mov	r3, r24
    17f8:	e3 2d       	mov	r30, r3
    17fa:	e4 60       	ori	r30, 0x04	; 4
    17fc:	3e 2e       	mov	r3, r30
    17fe:	2a c0       	rjmp	.+84     	; 0x1854 <vfprintf+0x10c>
    1800:	f3 2d       	mov	r31, r3
    1802:	f8 60       	ori	r31, 0x08	; 8
    1804:	1d c0       	rjmp	.+58     	; 0x1840 <vfprintf+0xf8>
    1806:	37 fc       	sbrc	r3, 7
    1808:	2d c0       	rjmp	.+90     	; 0x1864 <vfprintf+0x11c>
    180a:	20 ed       	ldi	r18, 0xD0	; 208
    180c:	28 0f       	add	r18, r24
    180e:	2a 30       	cpi	r18, 0x0A	; 10
    1810:	40 f0       	brcs	.+16     	; 0x1822 <vfprintf+0xda>
    1812:	8e 32       	cpi	r24, 0x2E	; 46
    1814:	b9 f4       	brne	.+46     	; 0x1844 <vfprintf+0xfc>
    1816:	36 fc       	sbrc	r3, 6
    1818:	75 c1       	rjmp	.+746    	; 0x1b04 <vfprintf+0x3bc>
    181a:	23 2d       	mov	r18, r3
    181c:	20 64       	ori	r18, 0x40	; 64
    181e:	32 2e       	mov	r3, r18
    1820:	19 c0       	rjmp	.+50     	; 0x1854 <vfprintf+0x10c>
    1822:	36 fe       	sbrs	r3, 6
    1824:	06 c0       	rjmp	.+12     	; 0x1832 <vfprintf+0xea>
    1826:	8a e0       	ldi	r24, 0x0A	; 10
    1828:	98 9e       	mul	r9, r24
    182a:	20 0d       	add	r18, r0
    182c:	11 24       	eor	r1, r1
    182e:	92 2e       	mov	r9, r18
    1830:	11 c0       	rjmp	.+34     	; 0x1854 <vfprintf+0x10c>
    1832:	ea e0       	ldi	r30, 0x0A	; 10
    1834:	2e 9e       	mul	r2, r30
    1836:	20 0d       	add	r18, r0
    1838:	11 24       	eor	r1, r1
    183a:	22 2e       	mov	r2, r18
    183c:	f3 2d       	mov	r31, r3
    183e:	f0 62       	ori	r31, 0x20	; 32
    1840:	3f 2e       	mov	r3, r31
    1842:	08 c0       	rjmp	.+16     	; 0x1854 <vfprintf+0x10c>
    1844:	8c 36       	cpi	r24, 0x6C	; 108
    1846:	21 f4       	brne	.+8      	; 0x1850 <vfprintf+0x108>
    1848:	83 2d       	mov	r24, r3
    184a:	80 68       	ori	r24, 0x80	; 128
    184c:	38 2e       	mov	r3, r24
    184e:	02 c0       	rjmp	.+4      	; 0x1854 <vfprintf+0x10c>
    1850:	88 36       	cpi	r24, 0x68	; 104
    1852:	41 f4       	brne	.+16     	; 0x1864 <vfprintf+0x11c>
    1854:	f7 01       	movw	r30, r14
    1856:	93 fd       	sbrc	r25, 3
    1858:	85 91       	lpm	r24, Z+
    185a:	93 ff       	sbrs	r25, 3
    185c:	81 91       	ld	r24, Z+
    185e:	7f 01       	movw	r14, r30
    1860:	81 11       	cpse	r24, r1
    1862:	b3 cf       	rjmp	.-154    	; 0x17ca <vfprintf+0x82>
    1864:	98 2f       	mov	r25, r24
    1866:	9f 7d       	andi	r25, 0xDF	; 223
    1868:	95 54       	subi	r25, 0x45	; 69
    186a:	93 30       	cpi	r25, 0x03	; 3
    186c:	28 f4       	brcc	.+10     	; 0x1878 <vfprintf+0x130>
    186e:	0c 5f       	subi	r16, 0xFC	; 252
    1870:	1f 4f       	sbci	r17, 0xFF	; 255
    1872:	9f e3       	ldi	r25, 0x3F	; 63
    1874:	99 83       	std	Y+1, r25	; 0x01
    1876:	0d c0       	rjmp	.+26     	; 0x1892 <vfprintf+0x14a>
    1878:	83 36       	cpi	r24, 0x63	; 99
    187a:	31 f0       	breq	.+12     	; 0x1888 <vfprintf+0x140>
    187c:	83 37       	cpi	r24, 0x73	; 115
    187e:	71 f0       	breq	.+28     	; 0x189c <vfprintf+0x154>
    1880:	83 35       	cpi	r24, 0x53	; 83
    1882:	09 f0       	breq	.+2      	; 0x1886 <vfprintf+0x13e>
    1884:	55 c0       	rjmp	.+170    	; 0x1930 <vfprintf+0x1e8>
    1886:	20 c0       	rjmp	.+64     	; 0x18c8 <vfprintf+0x180>
    1888:	f8 01       	movw	r30, r16
    188a:	80 81       	ld	r24, Z
    188c:	89 83       	std	Y+1, r24	; 0x01
    188e:	0e 5f       	subi	r16, 0xFE	; 254
    1890:	1f 4f       	sbci	r17, 0xFF	; 255
    1892:	88 24       	eor	r8, r8
    1894:	83 94       	inc	r8
    1896:	91 2c       	mov	r9, r1
    1898:	53 01       	movw	r10, r6
    189a:	12 c0       	rjmp	.+36     	; 0x18c0 <vfprintf+0x178>
    189c:	28 01       	movw	r4, r16
    189e:	f2 e0       	ldi	r31, 0x02	; 2
    18a0:	4f 0e       	add	r4, r31
    18a2:	51 1c       	adc	r5, r1
    18a4:	f8 01       	movw	r30, r16
    18a6:	a0 80       	ld	r10, Z
    18a8:	b1 80       	ldd	r11, Z+1	; 0x01
    18aa:	36 fe       	sbrs	r3, 6
    18ac:	03 c0       	rjmp	.+6      	; 0x18b4 <vfprintf+0x16c>
    18ae:	69 2d       	mov	r22, r9
    18b0:	70 e0       	ldi	r23, 0x00	; 0
    18b2:	02 c0       	rjmp	.+4      	; 0x18b8 <vfprintf+0x170>
    18b4:	6f ef       	ldi	r22, 0xFF	; 255
    18b6:	7f ef       	ldi	r23, 0xFF	; 255
    18b8:	c5 01       	movw	r24, r10
    18ba:	4e d1       	rcall	.+668    	; 0x1b58 <strnlen>
    18bc:	4c 01       	movw	r8, r24
    18be:	82 01       	movw	r16, r4
    18c0:	f3 2d       	mov	r31, r3
    18c2:	ff 77       	andi	r31, 0x7F	; 127
    18c4:	3f 2e       	mov	r3, r31
    18c6:	15 c0       	rjmp	.+42     	; 0x18f2 <vfprintf+0x1aa>
    18c8:	28 01       	movw	r4, r16
    18ca:	22 e0       	ldi	r18, 0x02	; 2
    18cc:	42 0e       	add	r4, r18
    18ce:	51 1c       	adc	r5, r1
    18d0:	f8 01       	movw	r30, r16
    18d2:	a0 80       	ld	r10, Z
    18d4:	b1 80       	ldd	r11, Z+1	; 0x01
    18d6:	36 fe       	sbrs	r3, 6
    18d8:	03 c0       	rjmp	.+6      	; 0x18e0 <vfprintf+0x198>
    18da:	69 2d       	mov	r22, r9
    18dc:	70 e0       	ldi	r23, 0x00	; 0
    18de:	02 c0       	rjmp	.+4      	; 0x18e4 <vfprintf+0x19c>
    18e0:	6f ef       	ldi	r22, 0xFF	; 255
    18e2:	7f ef       	ldi	r23, 0xFF	; 255
    18e4:	c5 01       	movw	r24, r10
    18e6:	2d d1       	rcall	.+602    	; 0x1b42 <strnlen_P>
    18e8:	4c 01       	movw	r8, r24
    18ea:	f3 2d       	mov	r31, r3
    18ec:	f0 68       	ori	r31, 0x80	; 128
    18ee:	3f 2e       	mov	r3, r31
    18f0:	82 01       	movw	r16, r4
    18f2:	33 fc       	sbrc	r3, 3
    18f4:	19 c0       	rjmp	.+50     	; 0x1928 <vfprintf+0x1e0>
    18f6:	82 2d       	mov	r24, r2
    18f8:	90 e0       	ldi	r25, 0x00	; 0
    18fa:	88 16       	cp	r8, r24
    18fc:	99 06       	cpc	r9, r25
    18fe:	a0 f4       	brcc	.+40     	; 0x1928 <vfprintf+0x1e0>
    1900:	b6 01       	movw	r22, r12
    1902:	80 e2       	ldi	r24, 0x20	; 32
    1904:	90 e0       	ldi	r25, 0x00	; 0
    1906:	33 d1       	rcall	.+614    	; 0x1b6e <fputc>
    1908:	2a 94       	dec	r2
    190a:	f5 cf       	rjmp	.-22     	; 0x18f6 <vfprintf+0x1ae>
    190c:	f5 01       	movw	r30, r10
    190e:	37 fc       	sbrc	r3, 7
    1910:	85 91       	lpm	r24, Z+
    1912:	37 fe       	sbrs	r3, 7
    1914:	81 91       	ld	r24, Z+
    1916:	5f 01       	movw	r10, r30
    1918:	b6 01       	movw	r22, r12
    191a:	90 e0       	ldi	r25, 0x00	; 0
    191c:	28 d1       	rcall	.+592    	; 0x1b6e <fputc>
    191e:	21 10       	cpse	r2, r1
    1920:	2a 94       	dec	r2
    1922:	21 e0       	ldi	r18, 0x01	; 1
    1924:	82 1a       	sub	r8, r18
    1926:	91 08       	sbc	r9, r1
    1928:	81 14       	cp	r8, r1
    192a:	91 04       	cpc	r9, r1
    192c:	79 f7       	brne	.-34     	; 0x190c <vfprintf+0x1c4>
    192e:	e1 c0       	rjmp	.+450    	; 0x1af2 <vfprintf+0x3aa>
    1930:	84 36       	cpi	r24, 0x64	; 100
    1932:	11 f0       	breq	.+4      	; 0x1938 <vfprintf+0x1f0>
    1934:	89 36       	cpi	r24, 0x69	; 105
    1936:	39 f5       	brne	.+78     	; 0x1986 <vfprintf+0x23e>
    1938:	f8 01       	movw	r30, r16
    193a:	37 fe       	sbrs	r3, 7
    193c:	07 c0       	rjmp	.+14     	; 0x194c <vfprintf+0x204>
    193e:	60 81       	ld	r22, Z
    1940:	71 81       	ldd	r23, Z+1	; 0x01
    1942:	82 81       	ldd	r24, Z+2	; 0x02
    1944:	93 81       	ldd	r25, Z+3	; 0x03
    1946:	0c 5f       	subi	r16, 0xFC	; 252
    1948:	1f 4f       	sbci	r17, 0xFF	; 255
    194a:	08 c0       	rjmp	.+16     	; 0x195c <vfprintf+0x214>
    194c:	60 81       	ld	r22, Z
    194e:	71 81       	ldd	r23, Z+1	; 0x01
    1950:	07 2e       	mov	r0, r23
    1952:	00 0c       	add	r0, r0
    1954:	88 0b       	sbc	r24, r24
    1956:	99 0b       	sbc	r25, r25
    1958:	0e 5f       	subi	r16, 0xFE	; 254
    195a:	1f 4f       	sbci	r17, 0xFF	; 255
    195c:	f3 2d       	mov	r31, r3
    195e:	ff 76       	andi	r31, 0x6F	; 111
    1960:	3f 2e       	mov	r3, r31
    1962:	97 ff       	sbrs	r25, 7
    1964:	09 c0       	rjmp	.+18     	; 0x1978 <vfprintf+0x230>
    1966:	90 95       	com	r25
    1968:	80 95       	com	r24
    196a:	70 95       	com	r23
    196c:	61 95       	neg	r22
    196e:	7f 4f       	sbci	r23, 0xFF	; 255
    1970:	8f 4f       	sbci	r24, 0xFF	; 255
    1972:	9f 4f       	sbci	r25, 0xFF	; 255
    1974:	f0 68       	ori	r31, 0x80	; 128
    1976:	3f 2e       	mov	r3, r31
    1978:	2a e0       	ldi	r18, 0x0A	; 10
    197a:	30 e0       	ldi	r19, 0x00	; 0
    197c:	a3 01       	movw	r20, r6
    197e:	33 d1       	rcall	.+614    	; 0x1be6 <__ultoa_invert>
    1980:	88 2e       	mov	r8, r24
    1982:	86 18       	sub	r8, r6
    1984:	44 c0       	rjmp	.+136    	; 0x1a0e <vfprintf+0x2c6>
    1986:	85 37       	cpi	r24, 0x75	; 117
    1988:	31 f4       	brne	.+12     	; 0x1996 <vfprintf+0x24e>
    198a:	23 2d       	mov	r18, r3
    198c:	2f 7e       	andi	r18, 0xEF	; 239
    198e:	b2 2e       	mov	r11, r18
    1990:	2a e0       	ldi	r18, 0x0A	; 10
    1992:	30 e0       	ldi	r19, 0x00	; 0
    1994:	25 c0       	rjmp	.+74     	; 0x19e0 <vfprintf+0x298>
    1996:	93 2d       	mov	r25, r3
    1998:	99 7f       	andi	r25, 0xF9	; 249
    199a:	b9 2e       	mov	r11, r25
    199c:	8f 36       	cpi	r24, 0x6F	; 111
    199e:	c1 f0       	breq	.+48     	; 0x19d0 <vfprintf+0x288>
    19a0:	18 f4       	brcc	.+6      	; 0x19a8 <vfprintf+0x260>
    19a2:	88 35       	cpi	r24, 0x58	; 88
    19a4:	79 f0       	breq	.+30     	; 0x19c4 <vfprintf+0x27c>
    19a6:	ae c0       	rjmp	.+348    	; 0x1b04 <vfprintf+0x3bc>
    19a8:	80 37       	cpi	r24, 0x70	; 112
    19aa:	19 f0       	breq	.+6      	; 0x19b2 <vfprintf+0x26a>
    19ac:	88 37       	cpi	r24, 0x78	; 120
    19ae:	21 f0       	breq	.+8      	; 0x19b8 <vfprintf+0x270>
    19b0:	a9 c0       	rjmp	.+338    	; 0x1b04 <vfprintf+0x3bc>
    19b2:	e9 2f       	mov	r30, r25
    19b4:	e0 61       	ori	r30, 0x10	; 16
    19b6:	be 2e       	mov	r11, r30
    19b8:	b4 fe       	sbrs	r11, 4
    19ba:	0d c0       	rjmp	.+26     	; 0x19d6 <vfprintf+0x28e>
    19bc:	fb 2d       	mov	r31, r11
    19be:	f4 60       	ori	r31, 0x04	; 4
    19c0:	bf 2e       	mov	r11, r31
    19c2:	09 c0       	rjmp	.+18     	; 0x19d6 <vfprintf+0x28e>
    19c4:	34 fe       	sbrs	r3, 4
    19c6:	0a c0       	rjmp	.+20     	; 0x19dc <vfprintf+0x294>
    19c8:	29 2f       	mov	r18, r25
    19ca:	26 60       	ori	r18, 0x06	; 6
    19cc:	b2 2e       	mov	r11, r18
    19ce:	06 c0       	rjmp	.+12     	; 0x19dc <vfprintf+0x294>
    19d0:	28 e0       	ldi	r18, 0x08	; 8
    19d2:	30 e0       	ldi	r19, 0x00	; 0
    19d4:	05 c0       	rjmp	.+10     	; 0x19e0 <vfprintf+0x298>
    19d6:	20 e1       	ldi	r18, 0x10	; 16
    19d8:	30 e0       	ldi	r19, 0x00	; 0
    19da:	02 c0       	rjmp	.+4      	; 0x19e0 <vfprintf+0x298>
    19dc:	20 e1       	ldi	r18, 0x10	; 16
    19de:	32 e0       	ldi	r19, 0x02	; 2
    19e0:	f8 01       	movw	r30, r16
    19e2:	b7 fe       	sbrs	r11, 7
    19e4:	07 c0       	rjmp	.+14     	; 0x19f4 <vfprintf+0x2ac>
    19e6:	60 81       	ld	r22, Z
    19e8:	71 81       	ldd	r23, Z+1	; 0x01
    19ea:	82 81       	ldd	r24, Z+2	; 0x02
    19ec:	93 81       	ldd	r25, Z+3	; 0x03
    19ee:	0c 5f       	subi	r16, 0xFC	; 252
    19f0:	1f 4f       	sbci	r17, 0xFF	; 255
    19f2:	06 c0       	rjmp	.+12     	; 0x1a00 <vfprintf+0x2b8>
    19f4:	60 81       	ld	r22, Z
    19f6:	71 81       	ldd	r23, Z+1	; 0x01
    19f8:	80 e0       	ldi	r24, 0x00	; 0
    19fa:	90 e0       	ldi	r25, 0x00	; 0
    19fc:	0e 5f       	subi	r16, 0xFE	; 254
    19fe:	1f 4f       	sbci	r17, 0xFF	; 255
    1a00:	a3 01       	movw	r20, r6
    1a02:	f1 d0       	rcall	.+482    	; 0x1be6 <__ultoa_invert>
    1a04:	88 2e       	mov	r8, r24
    1a06:	86 18       	sub	r8, r6
    1a08:	fb 2d       	mov	r31, r11
    1a0a:	ff 77       	andi	r31, 0x7F	; 127
    1a0c:	3f 2e       	mov	r3, r31
    1a0e:	36 fe       	sbrs	r3, 6
    1a10:	0d c0       	rjmp	.+26     	; 0x1a2c <vfprintf+0x2e4>
    1a12:	23 2d       	mov	r18, r3
    1a14:	2e 7f       	andi	r18, 0xFE	; 254
    1a16:	a2 2e       	mov	r10, r18
    1a18:	89 14       	cp	r8, r9
    1a1a:	58 f4       	brcc	.+22     	; 0x1a32 <vfprintf+0x2ea>
    1a1c:	34 fe       	sbrs	r3, 4
    1a1e:	0b c0       	rjmp	.+22     	; 0x1a36 <vfprintf+0x2ee>
    1a20:	32 fc       	sbrc	r3, 2
    1a22:	09 c0       	rjmp	.+18     	; 0x1a36 <vfprintf+0x2ee>
    1a24:	83 2d       	mov	r24, r3
    1a26:	8e 7e       	andi	r24, 0xEE	; 238
    1a28:	a8 2e       	mov	r10, r24
    1a2a:	05 c0       	rjmp	.+10     	; 0x1a36 <vfprintf+0x2ee>
    1a2c:	b8 2c       	mov	r11, r8
    1a2e:	a3 2c       	mov	r10, r3
    1a30:	03 c0       	rjmp	.+6      	; 0x1a38 <vfprintf+0x2f0>
    1a32:	b8 2c       	mov	r11, r8
    1a34:	01 c0       	rjmp	.+2      	; 0x1a38 <vfprintf+0x2f0>
    1a36:	b9 2c       	mov	r11, r9
    1a38:	a4 fe       	sbrs	r10, 4
    1a3a:	0f c0       	rjmp	.+30     	; 0x1a5a <vfprintf+0x312>
    1a3c:	fe 01       	movw	r30, r28
    1a3e:	e8 0d       	add	r30, r8
    1a40:	f1 1d       	adc	r31, r1
    1a42:	80 81       	ld	r24, Z
    1a44:	80 33       	cpi	r24, 0x30	; 48
    1a46:	21 f4       	brne	.+8      	; 0x1a50 <vfprintf+0x308>
    1a48:	9a 2d       	mov	r25, r10
    1a4a:	99 7e       	andi	r25, 0xE9	; 233
    1a4c:	a9 2e       	mov	r10, r25
    1a4e:	09 c0       	rjmp	.+18     	; 0x1a62 <vfprintf+0x31a>
    1a50:	a2 fe       	sbrs	r10, 2
    1a52:	06 c0       	rjmp	.+12     	; 0x1a60 <vfprintf+0x318>
    1a54:	b3 94       	inc	r11
    1a56:	b3 94       	inc	r11
    1a58:	04 c0       	rjmp	.+8      	; 0x1a62 <vfprintf+0x31a>
    1a5a:	8a 2d       	mov	r24, r10
    1a5c:	86 78       	andi	r24, 0x86	; 134
    1a5e:	09 f0       	breq	.+2      	; 0x1a62 <vfprintf+0x31a>
    1a60:	b3 94       	inc	r11
    1a62:	a3 fc       	sbrc	r10, 3
    1a64:	10 c0       	rjmp	.+32     	; 0x1a86 <vfprintf+0x33e>
    1a66:	a0 fe       	sbrs	r10, 0
    1a68:	06 c0       	rjmp	.+12     	; 0x1a76 <vfprintf+0x32e>
    1a6a:	b2 14       	cp	r11, r2
    1a6c:	80 f4       	brcc	.+32     	; 0x1a8e <vfprintf+0x346>
    1a6e:	28 0c       	add	r2, r8
    1a70:	92 2c       	mov	r9, r2
    1a72:	9b 18       	sub	r9, r11
    1a74:	0d c0       	rjmp	.+26     	; 0x1a90 <vfprintf+0x348>
    1a76:	b2 14       	cp	r11, r2
    1a78:	58 f4       	brcc	.+22     	; 0x1a90 <vfprintf+0x348>
    1a7a:	b6 01       	movw	r22, r12
    1a7c:	80 e2       	ldi	r24, 0x20	; 32
    1a7e:	90 e0       	ldi	r25, 0x00	; 0
    1a80:	76 d0       	rcall	.+236    	; 0x1b6e <fputc>
    1a82:	b3 94       	inc	r11
    1a84:	f8 cf       	rjmp	.-16     	; 0x1a76 <vfprintf+0x32e>
    1a86:	b2 14       	cp	r11, r2
    1a88:	18 f4       	brcc	.+6      	; 0x1a90 <vfprintf+0x348>
    1a8a:	2b 18       	sub	r2, r11
    1a8c:	02 c0       	rjmp	.+4      	; 0x1a92 <vfprintf+0x34a>
    1a8e:	98 2c       	mov	r9, r8
    1a90:	21 2c       	mov	r2, r1
    1a92:	a4 fe       	sbrs	r10, 4
    1a94:	0f c0       	rjmp	.+30     	; 0x1ab4 <vfprintf+0x36c>
    1a96:	b6 01       	movw	r22, r12
    1a98:	80 e3       	ldi	r24, 0x30	; 48
    1a9a:	90 e0       	ldi	r25, 0x00	; 0
    1a9c:	68 d0       	rcall	.+208    	; 0x1b6e <fputc>
    1a9e:	a2 fe       	sbrs	r10, 2
    1aa0:	16 c0       	rjmp	.+44     	; 0x1ace <vfprintf+0x386>
    1aa2:	a1 fc       	sbrc	r10, 1
    1aa4:	03 c0       	rjmp	.+6      	; 0x1aac <vfprintf+0x364>
    1aa6:	88 e7       	ldi	r24, 0x78	; 120
    1aa8:	90 e0       	ldi	r25, 0x00	; 0
    1aaa:	02 c0       	rjmp	.+4      	; 0x1ab0 <vfprintf+0x368>
    1aac:	88 e5       	ldi	r24, 0x58	; 88
    1aae:	90 e0       	ldi	r25, 0x00	; 0
    1ab0:	b6 01       	movw	r22, r12
    1ab2:	0c c0       	rjmp	.+24     	; 0x1acc <vfprintf+0x384>
    1ab4:	8a 2d       	mov	r24, r10
    1ab6:	86 78       	andi	r24, 0x86	; 134
    1ab8:	51 f0       	breq	.+20     	; 0x1ace <vfprintf+0x386>
    1aba:	a1 fe       	sbrs	r10, 1
    1abc:	02 c0       	rjmp	.+4      	; 0x1ac2 <vfprintf+0x37a>
    1abe:	8b e2       	ldi	r24, 0x2B	; 43
    1ac0:	01 c0       	rjmp	.+2      	; 0x1ac4 <vfprintf+0x37c>
    1ac2:	80 e2       	ldi	r24, 0x20	; 32
    1ac4:	a7 fc       	sbrc	r10, 7
    1ac6:	8d e2       	ldi	r24, 0x2D	; 45
    1ac8:	b6 01       	movw	r22, r12
    1aca:	90 e0       	ldi	r25, 0x00	; 0
    1acc:	50 d0       	rcall	.+160    	; 0x1b6e <fputc>
    1ace:	89 14       	cp	r8, r9
    1ad0:	30 f4       	brcc	.+12     	; 0x1ade <vfprintf+0x396>
    1ad2:	b6 01       	movw	r22, r12
    1ad4:	80 e3       	ldi	r24, 0x30	; 48
    1ad6:	90 e0       	ldi	r25, 0x00	; 0
    1ad8:	4a d0       	rcall	.+148    	; 0x1b6e <fputc>
    1ada:	9a 94       	dec	r9
    1adc:	f8 cf       	rjmp	.-16     	; 0x1ace <vfprintf+0x386>
    1ade:	8a 94       	dec	r8
    1ae0:	f3 01       	movw	r30, r6
    1ae2:	e8 0d       	add	r30, r8
    1ae4:	f1 1d       	adc	r31, r1
    1ae6:	80 81       	ld	r24, Z
    1ae8:	b6 01       	movw	r22, r12
    1aea:	90 e0       	ldi	r25, 0x00	; 0
    1aec:	40 d0       	rcall	.+128    	; 0x1b6e <fputc>
    1aee:	81 10       	cpse	r8, r1
    1af0:	f6 cf       	rjmp	.-20     	; 0x1ade <vfprintf+0x396>
    1af2:	22 20       	and	r2, r2
    1af4:	09 f4       	brne	.+2      	; 0x1af8 <vfprintf+0x3b0>
    1af6:	4e ce       	rjmp	.-868    	; 0x1794 <vfprintf+0x4c>
    1af8:	b6 01       	movw	r22, r12
    1afa:	80 e2       	ldi	r24, 0x20	; 32
    1afc:	90 e0       	ldi	r25, 0x00	; 0
    1afe:	37 d0       	rcall	.+110    	; 0x1b6e <fputc>
    1b00:	2a 94       	dec	r2
    1b02:	f7 cf       	rjmp	.-18     	; 0x1af2 <vfprintf+0x3aa>
    1b04:	f6 01       	movw	r30, r12
    1b06:	86 81       	ldd	r24, Z+6	; 0x06
    1b08:	97 81       	ldd	r25, Z+7	; 0x07
    1b0a:	02 c0       	rjmp	.+4      	; 0x1b10 <vfprintf+0x3c8>
    1b0c:	8f ef       	ldi	r24, 0xFF	; 255
    1b0e:	9f ef       	ldi	r25, 0xFF	; 255
    1b10:	2b 96       	adiw	r28, 0x0b	; 11
    1b12:	0f b6       	in	r0, 0x3f	; 63
    1b14:	f8 94       	cli
    1b16:	de bf       	out	0x3e, r29	; 62
    1b18:	0f be       	out	0x3f, r0	; 63
    1b1a:	cd bf       	out	0x3d, r28	; 61
    1b1c:	df 91       	pop	r29
    1b1e:	cf 91       	pop	r28
    1b20:	1f 91       	pop	r17
    1b22:	0f 91       	pop	r16
    1b24:	ff 90       	pop	r15
    1b26:	ef 90       	pop	r14
    1b28:	df 90       	pop	r13
    1b2a:	cf 90       	pop	r12
    1b2c:	bf 90       	pop	r11
    1b2e:	af 90       	pop	r10
    1b30:	9f 90       	pop	r9
    1b32:	8f 90       	pop	r8
    1b34:	7f 90       	pop	r7
    1b36:	6f 90       	pop	r6
    1b38:	5f 90       	pop	r5
    1b3a:	4f 90       	pop	r4
    1b3c:	3f 90       	pop	r3
    1b3e:	2f 90       	pop	r2
    1b40:	08 95       	ret

00001b42 <strnlen_P>:
    1b42:	fc 01       	movw	r30, r24
    1b44:	05 90       	lpm	r0, Z+
    1b46:	61 50       	subi	r22, 0x01	; 1
    1b48:	70 40       	sbci	r23, 0x00	; 0
    1b4a:	01 10       	cpse	r0, r1
    1b4c:	d8 f7       	brcc	.-10     	; 0x1b44 <strnlen_P+0x2>
    1b4e:	80 95       	com	r24
    1b50:	90 95       	com	r25
    1b52:	8e 0f       	add	r24, r30
    1b54:	9f 1f       	adc	r25, r31
    1b56:	08 95       	ret

00001b58 <strnlen>:
    1b58:	fc 01       	movw	r30, r24
    1b5a:	61 50       	subi	r22, 0x01	; 1
    1b5c:	70 40       	sbci	r23, 0x00	; 0
    1b5e:	01 90       	ld	r0, Z+
    1b60:	01 10       	cpse	r0, r1
    1b62:	d8 f7       	brcc	.-10     	; 0x1b5a <strnlen+0x2>
    1b64:	80 95       	com	r24
    1b66:	90 95       	com	r25
    1b68:	8e 0f       	add	r24, r30
    1b6a:	9f 1f       	adc	r25, r31
    1b6c:	08 95       	ret

00001b6e <fputc>:
    1b6e:	0f 93       	push	r16
    1b70:	1f 93       	push	r17
    1b72:	cf 93       	push	r28
    1b74:	df 93       	push	r29
    1b76:	fb 01       	movw	r30, r22
    1b78:	23 81       	ldd	r18, Z+3	; 0x03
    1b7a:	21 fd       	sbrc	r18, 1
    1b7c:	03 c0       	rjmp	.+6      	; 0x1b84 <fputc+0x16>
    1b7e:	8f ef       	ldi	r24, 0xFF	; 255
    1b80:	9f ef       	ldi	r25, 0xFF	; 255
    1b82:	2c c0       	rjmp	.+88     	; 0x1bdc <fputc+0x6e>
    1b84:	22 ff       	sbrs	r18, 2
    1b86:	16 c0       	rjmp	.+44     	; 0x1bb4 <fputc+0x46>
    1b88:	46 81       	ldd	r20, Z+6	; 0x06
    1b8a:	57 81       	ldd	r21, Z+7	; 0x07
    1b8c:	24 81       	ldd	r18, Z+4	; 0x04
    1b8e:	35 81       	ldd	r19, Z+5	; 0x05
    1b90:	42 17       	cp	r20, r18
    1b92:	53 07       	cpc	r21, r19
    1b94:	44 f4       	brge	.+16     	; 0x1ba6 <fputc+0x38>
    1b96:	a0 81       	ld	r26, Z
    1b98:	b1 81       	ldd	r27, Z+1	; 0x01
    1b9a:	9d 01       	movw	r18, r26
    1b9c:	2f 5f       	subi	r18, 0xFF	; 255
    1b9e:	3f 4f       	sbci	r19, 0xFF	; 255
    1ba0:	31 83       	std	Z+1, r19	; 0x01
    1ba2:	20 83       	st	Z, r18
    1ba4:	8c 93       	st	X, r24
    1ba6:	26 81       	ldd	r18, Z+6	; 0x06
    1ba8:	37 81       	ldd	r19, Z+7	; 0x07
    1baa:	2f 5f       	subi	r18, 0xFF	; 255
    1bac:	3f 4f       	sbci	r19, 0xFF	; 255
    1bae:	37 83       	std	Z+7, r19	; 0x07
    1bb0:	26 83       	std	Z+6, r18	; 0x06
    1bb2:	14 c0       	rjmp	.+40     	; 0x1bdc <fputc+0x6e>
    1bb4:	8b 01       	movw	r16, r22
    1bb6:	ec 01       	movw	r28, r24
    1bb8:	fb 01       	movw	r30, r22
    1bba:	00 84       	ldd	r0, Z+8	; 0x08
    1bbc:	f1 85       	ldd	r31, Z+9	; 0x09
    1bbe:	e0 2d       	mov	r30, r0
    1bc0:	09 95       	icall
    1bc2:	89 2b       	or	r24, r25
    1bc4:	e1 f6       	brne	.-72     	; 0x1b7e <fputc+0x10>
    1bc6:	d8 01       	movw	r26, r16
    1bc8:	16 96       	adiw	r26, 0x06	; 6
    1bca:	8d 91       	ld	r24, X+
    1bcc:	9c 91       	ld	r25, X
    1bce:	17 97       	sbiw	r26, 0x07	; 7
    1bd0:	01 96       	adiw	r24, 0x01	; 1
    1bd2:	17 96       	adiw	r26, 0x07	; 7
    1bd4:	9c 93       	st	X, r25
    1bd6:	8e 93       	st	-X, r24
    1bd8:	16 97       	sbiw	r26, 0x06	; 6
    1bda:	ce 01       	movw	r24, r28
    1bdc:	df 91       	pop	r29
    1bde:	cf 91       	pop	r28
    1be0:	1f 91       	pop	r17
    1be2:	0f 91       	pop	r16
    1be4:	08 95       	ret

00001be6 <__ultoa_invert>:
    1be6:	fa 01       	movw	r30, r20
    1be8:	aa 27       	eor	r26, r26
    1bea:	28 30       	cpi	r18, 0x08	; 8
    1bec:	51 f1       	breq	.+84     	; 0x1c42 <__ultoa_invert+0x5c>
    1bee:	20 31       	cpi	r18, 0x10	; 16
    1bf0:	81 f1       	breq	.+96     	; 0x1c52 <__ultoa_invert+0x6c>
    1bf2:	e8 94       	clt
    1bf4:	6f 93       	push	r22
    1bf6:	6e 7f       	andi	r22, 0xFE	; 254
    1bf8:	6e 5f       	subi	r22, 0xFE	; 254
    1bfa:	7f 4f       	sbci	r23, 0xFF	; 255
    1bfc:	8f 4f       	sbci	r24, 0xFF	; 255
    1bfe:	9f 4f       	sbci	r25, 0xFF	; 255
    1c00:	af 4f       	sbci	r26, 0xFF	; 255
    1c02:	b1 e0       	ldi	r27, 0x01	; 1
    1c04:	3e d0       	rcall	.+124    	; 0x1c82 <__ultoa_invert+0x9c>
    1c06:	b4 e0       	ldi	r27, 0x04	; 4
    1c08:	3c d0       	rcall	.+120    	; 0x1c82 <__ultoa_invert+0x9c>
    1c0a:	67 0f       	add	r22, r23
    1c0c:	78 1f       	adc	r23, r24
    1c0e:	89 1f       	adc	r24, r25
    1c10:	9a 1f       	adc	r25, r26
    1c12:	a1 1d       	adc	r26, r1
    1c14:	68 0f       	add	r22, r24
    1c16:	79 1f       	adc	r23, r25
    1c18:	8a 1f       	adc	r24, r26
    1c1a:	91 1d       	adc	r25, r1
    1c1c:	a1 1d       	adc	r26, r1
    1c1e:	6a 0f       	add	r22, r26
    1c20:	71 1d       	adc	r23, r1
    1c22:	81 1d       	adc	r24, r1
    1c24:	91 1d       	adc	r25, r1
    1c26:	a1 1d       	adc	r26, r1
    1c28:	20 d0       	rcall	.+64     	; 0x1c6a <__ultoa_invert+0x84>
    1c2a:	09 f4       	brne	.+2      	; 0x1c2e <__ultoa_invert+0x48>
    1c2c:	68 94       	set
    1c2e:	3f 91       	pop	r19
    1c30:	2a e0       	ldi	r18, 0x0A	; 10
    1c32:	26 9f       	mul	r18, r22
    1c34:	11 24       	eor	r1, r1
    1c36:	30 19       	sub	r19, r0
    1c38:	30 5d       	subi	r19, 0xD0	; 208
    1c3a:	31 93       	st	Z+, r19
    1c3c:	de f6       	brtc	.-74     	; 0x1bf4 <__ultoa_invert+0xe>
    1c3e:	cf 01       	movw	r24, r30
    1c40:	08 95       	ret
    1c42:	46 2f       	mov	r20, r22
    1c44:	47 70       	andi	r20, 0x07	; 7
    1c46:	40 5d       	subi	r20, 0xD0	; 208
    1c48:	41 93       	st	Z+, r20
    1c4a:	b3 e0       	ldi	r27, 0x03	; 3
    1c4c:	0f d0       	rcall	.+30     	; 0x1c6c <__ultoa_invert+0x86>
    1c4e:	c9 f7       	brne	.-14     	; 0x1c42 <__ultoa_invert+0x5c>
    1c50:	f6 cf       	rjmp	.-20     	; 0x1c3e <__ultoa_invert+0x58>
    1c52:	46 2f       	mov	r20, r22
    1c54:	4f 70       	andi	r20, 0x0F	; 15
    1c56:	40 5d       	subi	r20, 0xD0	; 208
    1c58:	4a 33       	cpi	r20, 0x3A	; 58
    1c5a:	18 f0       	brcs	.+6      	; 0x1c62 <__ultoa_invert+0x7c>
    1c5c:	49 5d       	subi	r20, 0xD9	; 217
    1c5e:	31 fd       	sbrc	r19, 1
    1c60:	40 52       	subi	r20, 0x20	; 32
    1c62:	41 93       	st	Z+, r20
    1c64:	02 d0       	rcall	.+4      	; 0x1c6a <__ultoa_invert+0x84>
    1c66:	a9 f7       	brne	.-22     	; 0x1c52 <__ultoa_invert+0x6c>
    1c68:	ea cf       	rjmp	.-44     	; 0x1c3e <__ultoa_invert+0x58>
    1c6a:	b4 e0       	ldi	r27, 0x04	; 4
    1c6c:	a6 95       	lsr	r26
    1c6e:	97 95       	ror	r25
    1c70:	87 95       	ror	r24
    1c72:	77 95       	ror	r23
    1c74:	67 95       	ror	r22
    1c76:	ba 95       	dec	r27
    1c78:	c9 f7       	brne	.-14     	; 0x1c6c <__ultoa_invert+0x86>
    1c7a:	00 97       	sbiw	r24, 0x00	; 0
    1c7c:	61 05       	cpc	r22, r1
    1c7e:	71 05       	cpc	r23, r1
    1c80:	08 95       	ret
    1c82:	9b 01       	movw	r18, r22
    1c84:	ac 01       	movw	r20, r24
    1c86:	0a 2e       	mov	r0, r26
    1c88:	06 94       	lsr	r0
    1c8a:	57 95       	ror	r21
    1c8c:	47 95       	ror	r20
    1c8e:	37 95       	ror	r19
    1c90:	27 95       	ror	r18
    1c92:	ba 95       	dec	r27
    1c94:	c9 f7       	brne	.-14     	; 0x1c88 <__ultoa_invert+0xa2>
    1c96:	62 0f       	add	r22, r18
    1c98:	73 1f       	adc	r23, r19
    1c9a:	84 1f       	adc	r24, r20
    1c9c:	95 1f       	adc	r25, r21
    1c9e:	a0 1d       	adc	r26, r0
    1ca0:	08 95       	ret

00001ca2 <_exit>:
    1ca2:	f8 94       	cli

00001ca4 <__stop_program>:
    1ca4:	ff cf       	rjmp	.-2      	; 0x1ca4 <__stop_program>
